ISO-10303-21;
HEADER;
FILE_DESCRIPTION(('Open CASCADE Model'),'2;1');
FILE_NAME('Open CASCADE Shape Model','2026-09-10T22:15:11',('Author'),(
    'Open CASCADE'),'Open CASCADE STEP processor 7.9','build123d',
  'Unknown');
FILE_SCHEMA(('AUTOMOTIVE_DESIGN { 1 0 10303 214 1 1 1 1 }'));
ENDSEC;
DATA;
#1 = APPLICATION_PROTOCOL_DEFINITION('international standard',
  'automotive_design',2000,#2);
#2 = APPLICATION_CONTEXT(
  'core data for automotive mechanical design processes');
#3 = SHAPE_DEFINITION_REPRESENTATION(#4,#10);
#4 = PRODUCT_DEFINITION_SHAPE('','',#5);
#5 = PRODUCT_DEFINITION('design','',#6,#9);
#6 = PRODUCT_DEFINITION_FORMATION('','',#7);
#7 = PRODUCT('=>[0:1:1:2]','=>[0:1:1:2]','',(#8));
#8 = PRODUCT_CONTEXT('',#2,'mechanical');
#9 = PRODUCT_DEFINITION_CONTEXT('part definition',#2,'design');
#10 = SHAPE_REPRESENTATION('',(#11,#15),#19);
#11 = AXIS2_PLACEMENT_3D('',#12,#13,#14);
#12 = CARTESIAN_POINT('',(0.,0.,0.));
#13 = DIRECTION('',(0.,0.,1.));
#14 = DIRECTION('',(1.,0.,-0.));
#15 = AXIS2_PLACEMENT_3D('',#16,#17,#18);
#16 = CARTESIAN_POINT('',(0.,-7.105427357601E-15,-4.999999969613E-08));
#17 = DIRECTION('',(0.,0.,1.));
#18 = DIRECTION('',(1.,0.,-0.));
#19 = ( GEOMETRIC_REPRESENTATION_CONTEXT(3) 
GLOBAL_UNCERTAINTY_ASSIGNED_CONTEXT((#23)) GLOBAL_UNIT_ASSIGNED_CONTEXT(
(#20,#21,#22)) REPRESENTATION_CONTEXT('Context #1',
  '3D Context with UNIT and UNCERTAINTY') );
#20 = ( LENGTH_UNIT() NAMED_UNIT(*) SI_UNIT(.MILLI.,.METRE.) );
#21 = ( NAMED_UNIT(*) PLANE_ANGLE_UNIT() SI_UNIT($,.RADIAN.) );
#22 = ( NAMED_UNIT(*) SI_UNIT($,.STERADIAN.) SOLID_ANGLE_UNIT() );
#23 = UNCERTAINTY_MEASURE_WITH_UNIT(LENGTH_MEASURE(2.E-06),#20,
  'distance_accuracy_value','confusion accuracy');
#24 = PRODUCT_RELATED_PRODUCT_CATEGORY('part',$,(#7));
#25 = SHAPE_DEFINITION_REPRESENTATION(#26,#32);
#26 = PRODUCT_DEFINITION_SHAPE('','',#27);
#27 = PRODUCT_DEFINITION('design','',#28,#31);
#28 = PRODUCT_DEFINITION_FORMATION('','',#29);
#29 = PRODUCT('SOLID','SOLID','',(#30));
#30 = PRODUCT_CONTEXT('',#2,'mechanical');
#31 = PRODUCT_DEFINITION_CONTEXT('part definition',#2,'design');
#32 = ADVANCED_BREP_SHAPE_REPRESENTATION('',(#11,#33),#8074);
#33 = MANIFOLD_SOLID_BREP('',#34);
#34 = CLOSED_SHELL('',(#35,#155,#242,#319,#495,#545,#599,#647,#700,#3280
    ,#3330,#3379,#3429,#3547,#3572,#3599,#3649,#3698,#3746,#3771,#3796,
    #3821,#3828,#3918,#3967,#4016,#4073,#4122,#4179,#4236,#4285,#4342,
    #4369,#4457,#4506,#4555,#4606,#4655,#4704,#4763,#4812,#4865,#4916,
    #4965,#4992,#5068,#5135,#5184,#5233,#5282,#5309,#5385,#5442,#5491,
    #5540,#5589,#5644,#5693,#5742,#5791,#5818,#5894,#5943,#5996,#6045,
    #6098,#6147,#6196,#6245,#6272,#6348,#6399,#6448,#6499,#6548,#6597,
    #6624,#6702,#6763,#6812,#6871,#6922,#6971,#7020,#7069,#7096,#7182,
    #7243,#7292,#7353,#7402,#7463,#7490,#7497,#7510,#7663,#7725,#7738,
    #7750,#7760,#7772,#7782,#7858,#7907,#7968,#7995,#8063,#8070));
#35 = ADVANCED_FACE('',(#36),#50,.F.);
#36 = FACE_BOUND('',#37,.F.);
#37 = EDGE_LOOP('',(#38,#73,#101,#129));
#38 = ORIENTED_EDGE('',*,*,#39,.F.);
#39 = EDGE_CURVE('',#40,#42,#44,.T.);
#40 = VERTEX_POINT('',#41);
#41 = CARTESIAN_POINT('',(-62.5,-65.,-10.));
#42 = VERTEX_POINT('',#43);
#43 = CARTESIAN_POINT('',(-62.49999999999,-65.,2.));
#44 = SURFACE_CURVE('',#45,(#49,#61),.PCURVE_S1.);
#45 = LINE('',#46,#47);
#46 = CARTESIAN_POINT('',(-62.5,-65.,-10.));
#47 = VECTOR('',#48,1.);
#48 = DIRECTION('',(0.,0.,1.));
#49 = PCURVE('',#50,#55);
#50 = PLANE('',#51);
#51 = AXIS2_PLACEMENT_3D('',#52,#53,#54);
#52 = CARTESIAN_POINT('',(-62.49999999999,-65.,0.));
#53 = DIRECTION('',(1.,0.,0.));
#54 = DIRECTION('',(-0.,1.,0.));
#55 = DEFINITIONAL_REPRESENTATION('',(#56),#60);
#56 = LINE('',#57,#58);
#57 = CARTESIAN_POINT('',(0.,-10.));
#58 = VECTOR('',#59,1.);
#59 = DIRECTION('',(0.,1.));
#60 = ( GEOMETRIC_REPRESENTATION_CONTEXT(2) 
PARAMETRIC_REPRESENTATION_CONTEXT() REPRESENTATION_CONTEXT('2D SPACE',''
  ) );
#61 = PCURVE('',#62,#67);
#62 = CYLINDRICAL_SURFACE('',#63,10.);
#63 = AXIS2_PLACEMENT_3D('',#64,#65,#66);
#64 = CARTESIAN_POINT('',(-52.5,-65.,0.));
#65 = DIRECTION('',(-0.,-0.,1.));
#66 = DIRECTION('',(-1.,0.,0.));
#67 = DEFINITIONAL_REPRESENTATION('',(#68),#72);
#68 = LINE('',#69,#70);
#69 = CARTESIAN_POINT('',(-6.28318530718,-10.));
#70 = VECTOR('',#71,1.);
#71 = DIRECTION('',(0.,1.));
#72 = ( GEOMETRIC_REPRESENTATION_CONTEXT(2) 
PARAMETRIC_REPRESENTATION_CONTEXT() REPRESENTATION_CONTEXT('2D SPACE',''
  ) );
#73 = ORIENTED_EDGE('',*,*,#74,.T.);
#74 = EDGE_CURVE('',#40,#75,#77,.T.);
#75 = VERTEX_POINT('',#76);
#76 = CARTESIAN_POINT('',(-62.5,65.,-10.));
#77 = SURFACE_CURVE('',#78,(#82,#89),.PCURVE_S1.);
#78 = LINE('',#79,#80);
#79 = CARTESIAN_POINT('',(-62.49999999999,0.,-10.));
#80 = VECTOR('',#81,1.);
#81 = DIRECTION('',(0.,1.,0.));
#82 = PCURVE('',#50,#83);
#83 = DEFINITIONAL_REPRESENTATION('',(#84),#88);
#84 = LINE('',#85,#86);
#85 = CARTESIAN_POINT('',(65.,-10.));
#86 = VECTOR('',#87,1.);
#87 = DIRECTION('',(1.,0.));
#88 = ( GEOMETRIC_REPRESENTATION_CONTEXT(2) 
PARAMETRIC_REPRESENTATION_CONTEXT() REPRESENTATION_CONTEXT('2D SPACE',''
  ) );
#89 = PCURVE('',#90,#95);
#90 = PLANE('',#91);
#91 = AXIS2_PLACEMENT_3D('',#92,#93,#94);
#92 = CARTESIAN_POINT('',(-2.491023551014E-09,-2.403565298545E-15,-10.)
  );
#93 = DIRECTION('',(0.,0.,1.));
#94 = DIRECTION('',(1.,0.,0.));
#95 = DEFINITIONAL_REPRESENTATION('',(#96),#100);
#96 = LINE('',#97,#98);
#97 = CARTESIAN_POINT('',(-62.4999999975,2.403565298545E-15));
#98 = VECTOR('',#99,1.);
#99 = DIRECTION('',(0.,1.));
#100 = ( GEOMETRIC_REPRESENTATION_CONTEXT(2) 
PARAMETRIC_REPRESENTATION_CONTEXT() REPRESENTATION_CONTEXT('2D SPACE',''
  ) );
#101 = ORIENTED_EDGE('',*,*,#102,.F.);
#102 = EDGE_CURVE('',#103,#75,#105,.T.);
#103 = VERTEX_POINT('',#104);
#104 = CARTESIAN_POINT('',(-62.5,65.,2.));
#105 = SURFACE_CURVE('',#106,(#110,#117),.PCURVE_S1.);
#106 = LINE('',#107,#108);
#107 = CARTESIAN_POINT('',(-62.5,65.,10.));
#108 = VECTOR('',#109,1.);
#109 = DIRECTION('',(0.,0.,-1.));
#110 = PCURVE('',#50,#111);
#111 = DEFINITIONAL_REPRESENTATION('',(#112),#116);
#112 = LINE('',#113,#114);
#113 = CARTESIAN_POINT('',(130.,10.));
#114 = VECTOR('',#115,1.);
#115 = DIRECTION('',(0.,-1.));
#116 = ( GEOMETRIC_REPRESENTATION_CONTEXT(2) 
PARAMETRIC_REPRESENTATION_CONTEXT() REPRESENTATION_CONTEXT('2D SPACE',''
  ) );
#117 = PCURVE('',#118,#123);
#118 = CYLINDRICAL_SURFACE('',#119,10.);
#119 = AXIS2_PLACEMENT_3D('',#120,#121,#122);
#120 = CARTESIAN_POINT('',(-52.5,65.,0.));
#121 = DIRECTION('',(-0.,-0.,1.));
#122 = DIRECTION('',(-1.,0.,0.));
#123 = DEFINITIONAL_REPRESENTATION('',(#124),#128);
#124 = LINE('',#125,#126);
#125 = CARTESIAN_POINT('',(-0.,10.));
#126 = VECTOR('',#127,1.);
#127 = DIRECTION('',(-0.,-1.));
#128 = ( GEOMETRIC_REPRESENTATION_CONTEXT(2) 
PARAMETRIC_REPRESENTATION_CONTEXT() REPRESENTATION_CONTEXT('2D SPACE',''
  ) );
#129 = ORIENTED_EDGE('',*,*,#130,.T.);
#130 = EDGE_CURVE('',#103,#42,#131,.T.);
#131 = SURFACE_CURVE('',#132,(#136,#143),.PCURVE_S1.);
#132 = LINE('',#133,#134);
#133 = CARTESIAN_POINT('',(-62.49999999999,65.,2.));
#134 = VECTOR('',#135,1.);
#135 = DIRECTION('',(-0.,-1.,-0.));
#136 = PCURVE('',#50,#137);
#137 = DEFINITIONAL_REPRESENTATION('',(#138),#142);
#138 = LINE('',#139,#140);
#139 = CARTESIAN_POINT('',(130.,2.));
#140 = VECTOR('',#141,1.);
#141 = DIRECTION('',(-1.,0.));
#142 = ( GEOMETRIC_REPRESENTATION_CONTEXT(2) 
PARAMETRIC_REPRESENTATION_CONTEXT() REPRESENTATION_CONTEXT('2D SPACE',''
  ) );
#143 = PCURVE('',#144,#149);
#144 = PLANE('',#145);
#145 = AXIS2_PLACEMENT_3D('',#146,#147,#148);
#146 = CARTESIAN_POINT('',(-58.49999999999,65.,6.));
#147 = DIRECTION('',(0.707106781187,0.,-0.707106781187));
#148 = DIRECTION('',(0.,-1.,-0.));
#149 = DEFINITIONAL_REPRESENTATION('',(#150),#154);
#150 = LINE('',#151,#152);
#151 = CARTESIAN_POINT('',(0.,5.656854249492));
#152 = VECTOR('',#153,1.);
#153 = DIRECTION('',(1.,0.));
#154 = ( GEOMETRIC_REPRESENTATION_CONTEXT(2) 
PARAMETRIC_REPRESENTATION_CONTEXT() REPRESENTATION_CONTEXT('2D SPACE',''
  ) );
#155 = ADVANCED_FACE('',(#156),#62,.T.);
#156 = FACE_BOUND('',#157,.F.);
#157 = EDGE_LOOP('',(#158,#188,#214,#215));
#158 = ORIENTED_EDGE('',*,*,#159,.F.);
#159 = EDGE_CURVE('',#160,#162,#164,.T.);
#160 = VERTEX_POINT('',#161);
#161 = CARTESIAN_POINT('',(-52.5,-75.,-10.));
#162 = VERTEX_POINT('',#163);
#163 = CARTESIAN_POINT('',(-52.5,-75.,2.));
#164 = SURFACE_CURVE('',#165,(#169,#176),.PCURVE_S1.);
#165 = LINE('',#166,#167);
#166 = CARTESIAN_POINT('',(-52.5,-75.,-10.));
#167 = VECTOR('',#168,1.);
#168 = DIRECTION('',(0.,0.,1.));
#169 = PCURVE('',#62,#170);
#170 = DEFINITIONAL_REPRESENTATION('',(#171),#175);
#171 = LINE('',#172,#173);
#172 = CARTESIAN_POINT('',(-4.712388980385,-10.));
#173 = VECTOR('',#174,1.);
#174 = DIRECTION('',(0.,1.));
#175 = ( GEOMETRIC_REPRESENTATION_CONTEXT(2) 
PARAMETRIC_REPRESENTATION_CONTEXT() REPRESENTATION_CONTEXT('2D SPACE',''
  ) );
#176 = PCURVE('',#177,#182);
#177 = PLANE('',#178);
#178 = AXIS2_PLACEMENT_3D('',#179,#180,#181);
#179 = CARTESIAN_POINT('',(-52.5,-75.,0.));
#180 = DIRECTION('',(0.,-1.,0.));
#181 = DIRECTION('',(1.,0.,0.));
#182 = DEFINITIONAL_REPRESENTATION('',(#183),#187);
#183 = LINE('',#184,#185);
#184 = CARTESIAN_POINT('',(-7.105427357601E-15,-10.));
#185 = VECTOR('',#186,1.);
#186 = DIRECTION('',(0.,1.));
#187 = ( GEOMETRIC_REPRESENTATION_CONTEXT(2) 
PARAMETRIC_REPRESENTATION_CONTEXT() REPRESENTATION_CONTEXT('2D SPACE',''
  ) );
#188 = ORIENTED_EDGE('',*,*,#189,.T.);
#189 = EDGE_CURVE('',#160,#40,#190,.T.);
#190 = SURFACE_CURVE('',#191,(#196,#203),.PCURVE_S1.);
#191 = CIRCLE('',#192,10.);
#192 = AXIS2_PLACEMENT_3D('',#193,#194,#195);
#193 = CARTESIAN_POINT('',(-52.5,-65.,-10.));
#194 = DIRECTION('',(0.,0.,-1.));
#195 = DIRECTION('',(-1.,0.,0.));
#196 = PCURVE('',#62,#197);
#197 = DEFINITIONAL_REPRESENTATION('',(#198),#202);
#198 = LINE('',#199,#200);
#199 = CARTESIAN_POINT('',(-0.,-10.));
#200 = VECTOR('',#201,1.);
#201 = DIRECTION('',(-1.,0.));
#202 = ( GEOMETRIC_REPRESENTATION_CONTEXT(2) 
PARAMETRIC_REPRESENTATION_CONTEXT() REPRESENTATION_CONTEXT('2D SPACE',''
  ) );
#203 = PCURVE('',#90,#204);
#204 = DEFINITIONAL_REPRESENTATION('',(#205),#213);
#205 = ( BOUNDED_CURVE() B_SPLINE_CURVE(2,(#206,#207,#208,#209,#210,#211
,#212),.UNSPECIFIED.,.T.,.F.) B_SPLINE_CURVE_WITH_KNOTS((1,2,2,2,2,1),(
    -2.094395102393,0.,2.094395102393,4.188790204786,6.28318530718,
8.377580409573),.UNSPECIFIED.) CURVE() GEOMETRIC_REPRESENTATION_ITEM() 
RATIONAL_B_SPLINE_CURVE((1.,0.5,1.,0.5,1.,0.5,1.)) REPRESENTATION_ITEM(
  '') );
#206 = CARTESIAN_POINT('',(-62.49999999751,-65.));
#207 = CARTESIAN_POINT('',(-62.49999999751,-47.67949192431));
#208 = CARTESIAN_POINT('',(-47.49999999751,-56.33974596215));
#209 = CARTESIAN_POINT('',(-32.49999999751,-65.));
#210 = CARTESIAN_POINT('',(-47.49999999751,-73.66025403784));
#211 = CARTESIAN_POINT('',(-62.49999999751,-82.32050807568));
#212 = CARTESIAN_POINT('',(-62.49999999751,-65.));
#213 = ( GEOMETRIC_REPRESENTATION_CONTEXT(2) 
PARAMETRIC_REPRESENTATION_CONTEXT() REPRESENTATION_CONTEXT('2D SPACE',''
  ) );
#214 = ORIENTED_EDGE('',*,*,#39,.T.);
#215 = ORIENTED_EDGE('',*,*,#216,.T.);
#216 = EDGE_CURVE('',#42,#162,#217,.T.);
#217 = SURFACE_CURVE('',#218,(#223,#230),.PCURVE_S1.);
#218 = CIRCLE('',#219,10.);
#219 = AXIS2_PLACEMENT_3D('',#220,#221,#222);
#220 = CARTESIAN_POINT('',(-52.5,-65.,2.));
#221 = DIRECTION('',(0.,0.,1.));
#222 = DIRECTION('',(-1.,0.,0.));
#223 = PCURVE('',#62,#224);
#224 = DEFINITIONAL_REPRESENTATION('',(#225),#229);
#225 = LINE('',#226,#227);
#226 = CARTESIAN_POINT('',(-6.28318530718,2.));
#227 = VECTOR('',#228,1.);
#228 = DIRECTION('',(1.,-0.));
#229 = ( GEOMETRIC_REPRESENTATION_CONTEXT(2) 
PARAMETRIC_REPRESENTATION_CONTEXT() REPRESENTATION_CONTEXT('2D SPACE',''
  ) );
#230 = PCURVE('',#231,#236);
#231 = CONICAL_SURFACE('',#232,10.,0.785398163397);
#232 = AXIS2_PLACEMENT_3D('',#233,#234,#235);
#233 = CARTESIAN_POINT('',(-52.5,-65.,2.));
#234 = DIRECTION('',(-0.,-0.,-1.));
#235 = DIRECTION('',(-1.,0.,0.));
#236 = DEFINITIONAL_REPRESENTATION('',(#237),#241);
#237 = LINE('',#238,#239);
#238 = CARTESIAN_POINT('',(-0.,0.));
#239 = VECTOR('',#240,1.);
#240 = DIRECTION('',(-1.,0.));
#241 = ( GEOMETRIC_REPRESENTATION_CONTEXT(2) 
PARAMETRIC_REPRESENTATION_CONTEXT() REPRESENTATION_CONTEXT('2D SPACE',''
  ) );
#242 = ADVANCED_FACE('',(#243),#144,.F.);
#243 = FACE_BOUND('',#244,.F.);
#244 = EDGE_LOOP('',(#245,#271,#299,#318));
#245 = ORIENTED_EDGE('',*,*,#246,.F.);
#246 = EDGE_CURVE('',#247,#103,#249,.T.);
#247 = VERTEX_POINT('',#248);
#248 = CARTESIAN_POINT('',(-54.5,65.,10.));
#249 = SURFACE_CURVE('',#250,(#254,#260),.PCURVE_S1.);
#250 = LINE('',#251,#252);
#251 = CARTESIAN_POINT('',(-62.5,65.,2.));
#252 = VECTOR('',#253,1.);
#253 = DIRECTION('',(-0.707106781187,4.329780281177E-17,-0.707106781187)
  );
#254 = PCURVE('',#144,#255);
#255 = DEFINITIONAL_REPRESENTATION('',(#256),#259);
#256 = B_SPLINE_CURVE_WITH_KNOTS('',1,(#257,#258),.UNSPECIFIED.,.F.,.F.,
  (2,2),(-11.31370849898,0.),.PIECEWISE_BEZIER_KNOTS.);
#257 = CARTESIAN_POINT('',(0.,-5.656854249492));
#258 = CARTESIAN_POINT('',(0.,5.656854249492));
#259 = ( GEOMETRIC_REPRESENTATION_CONTEXT(2) 
PARAMETRIC_REPRESENTATION_CONTEXT() REPRESENTATION_CONTEXT('2D SPACE',''
  ) );
#260 = PCURVE('',#261,#266);
#261 = CONICAL_SURFACE('',#262,10.,0.785398163397);
#262 = AXIS2_PLACEMENT_3D('',#263,#264,#265);
#263 = CARTESIAN_POINT('',(-52.5,65.,2.));
#264 = DIRECTION('',(-0.,-0.,-1.));
#265 = DIRECTION('',(0.,1.,-0.));
#266 = DEFINITIONAL_REPRESENTATION('',(#267),#270);
#267 = B_SPLINE_CURVE_WITH_KNOTS('',1,(#268,#269),.UNSPECIFIED.,.F.,.F.,
  (2,2),(-11.31370849898,0.),.PIECEWISE_BEZIER_KNOTS.);
#268 = CARTESIAN_POINT('',(-1.570796326795,-8.));
#269 = CARTESIAN_POINT('',(-1.570796326795,0.));
#270 = ( GEOMETRIC_REPRESENTATION_CONTEXT(2) 
PARAMETRIC_REPRESENTATION_CONTEXT() REPRESENTATION_CONTEXT('2D SPACE',''
  ) );
#271 = ORIENTED_EDGE('',*,*,#272,.T.);
#272 = EDGE_CURVE('',#247,#273,#275,.T.);
#273 = VERTEX_POINT('',#274);
#274 = CARTESIAN_POINT('',(-54.49999999999,-65.,10.));
#275 = SURFACE_CURVE('',#276,(#280,#287),.PCURVE_S1.);
#276 = LINE('',#277,#278);
#277 = CARTESIAN_POINT('',(-54.49999999999,65.,10.));
#278 = VECTOR('',#279,1.);
#279 = DIRECTION('',(-0.,-1.,-0.));
#280 = PCURVE('',#144,#281);
#281 = DEFINITIONAL_REPRESENTATION('',(#282),#286);
#282 = LINE('',#283,#284);
#283 = CARTESIAN_POINT('',(0.,-5.656854249492));
#284 = VECTOR('',#285,1.);
#285 = DIRECTION('',(1.,0.));
#286 = ( GEOMETRIC_REPRESENTATION_CONTEXT(2) 
PARAMETRIC_REPRESENTATION_CONTEXT() REPRESENTATION_CONTEXT('2D SPACE',''
  ) );
#287 = PCURVE('',#288,#293);
#288 = PLANE('',#289);
#289 = AXIS2_PLACEMENT_3D('',#290,#291,#292);
#290 = CARTESIAN_POINT('',(-2.491023551014E-09,-2.403565298545E-15,10.)
  );
#291 = DIRECTION('',(0.,0.,1.));
#292 = DIRECTION('',(1.,0.,0.));
#293 = DEFINITIONAL_REPRESENTATION('',(#294),#298);
#294 = LINE('',#295,#296);
#295 = CARTESIAN_POINT('',(-54.4999999975,65.));
#296 = VECTOR('',#297,1.);
#297 = DIRECTION('',(-0.,-1.));
#298 = ( GEOMETRIC_REPRESENTATION_CONTEXT(2) 
PARAMETRIC_REPRESENTATION_CONTEXT() REPRESENTATION_CONTEXT('2D SPACE',''
  ) );
#299 = ORIENTED_EDGE('',*,*,#300,.T.);
#300 = EDGE_CURVE('',#273,#42,#301,.T.);
#301 = SURFACE_CURVE('',#302,(#306,#312),.PCURVE_S1.);
#302 = LINE('',#303,#304);
#303 = CARTESIAN_POINT('',(-58.49999999999,-65.,6.));
#304 = VECTOR('',#305,1.);
#305 = DIRECTION('',(-0.707106781187,0.,-0.707106781187));
#306 = PCURVE('',#144,#307);
#307 = DEFINITIONAL_REPRESENTATION('',(#308),#311);
#308 = B_SPLINE_CURVE_WITH_KNOTS('',1,(#309,#310),.UNSPECIFIED.,.F.,.F.,
  (2,2),(-5.656854249492,5.656854249492),.PIECEWISE_BEZIER_KNOTS.);
#309 = CARTESIAN_POINT('',(130.,-5.656854249492));
#310 = CARTESIAN_POINT('',(130.,5.656854249492));
#311 = ( GEOMETRIC_REPRESENTATION_CONTEXT(2) 
PARAMETRIC_REPRESENTATION_CONTEXT() REPRESENTATION_CONTEXT('2D SPACE',''
  ) );
#312 = PCURVE('',#231,#313);
#313 = DEFINITIONAL_REPRESENTATION('',(#314),#317);
#314 = B_SPLINE_CURVE_WITH_KNOTS('',1,(#315,#316),.UNSPECIFIED.,.F.,.F.,
  (2,2),(-5.656854249492,5.656854249492),.PIECEWISE_BEZIER_KNOTS.);
#315 = CARTESIAN_POINT('',(0.,-8.));
#316 = CARTESIAN_POINT('',(0.,-1.256073966947E-15));
#317 = ( GEOMETRIC_REPRESENTATION_CONTEXT(2) 
PARAMETRIC_REPRESENTATION_CONTEXT() REPRESENTATION_CONTEXT('2D SPACE',''
  ) );
#318 = ORIENTED_EDGE('',*,*,#130,.F.);
#319 = ADVANCED_FACE('',(#320),#90,.F.);
#320 = FACE_BOUND('',#321,.F.);
#321 = EDGE_LOOP('',(#322,#323,#324,#347,#380,#408,#441,#469));
#322 = ORIENTED_EDGE('',*,*,#74,.F.);
#323 = ORIENTED_EDGE('',*,*,#189,.F.);
#324 = ORIENTED_EDGE('',*,*,#325,.T.);
#325 = EDGE_CURVE('',#160,#326,#328,.T.);
#326 = VERTEX_POINT('',#327);
#327 = CARTESIAN_POINT('',(52.499999990257,-75.,-10.));
#328 = SURFACE_CURVE('',#329,(#333,#340),.PCURVE_S1.);
#329 = LINE('',#330,#331);
#330 = CARTESIAN_POINT('',(7.815970093361E-13,-75.,-10.));
#331 = VECTOR('',#332,1.);
#332 = DIRECTION('',(1.,0.,0.));
#333 = PCURVE('',#90,#334);
#334 = DEFINITIONAL_REPRESENTATION('',(#335),#339);
#335 = LINE('',#336,#337);
#336 = CARTESIAN_POINT('',(2.491805148023E-09,-75.));
#337 = VECTOR('',#338,1.);
#338 = DIRECTION('',(1.,0.));
#339 = ( GEOMETRIC_REPRESENTATION_CONTEXT(2) 
PARAMETRIC_REPRESENTATION_CONTEXT() REPRESENTATION_CONTEXT('2D SPACE',''
  ) );
#340 = PCURVE('',#177,#341);
#341 = DEFINITIONAL_REPRESENTATION('',(#342),#346);
#342 = LINE('',#343,#344);
#343 = CARTESIAN_POINT('',(52.500000000002,-10.));
#344 = VECTOR('',#345,1.);
#345 = DIRECTION('',(1.,0.));
#346 = ( GEOMETRIC_REPRESENTATION_CONTEXT(2) 
PARAMETRIC_REPRESENTATION_CONTEXT() REPRESENTATION_CONTEXT('2D SPACE',''
  ) );
#347 = ORIENTED_EDGE('',*,*,#348,.F.);
#348 = EDGE_CURVE('',#349,#326,#351,.T.);
#349 = VERTEX_POINT('',#350);
#350 = CARTESIAN_POINT('',(62.499999995129,-65.,-10.));
#351 = SURFACE_CURVE('',#352,(#357,#368),.PCURVE_S1.);
#352 = CIRCLE('',#353,10.);
#353 = AXIS2_PLACEMENT_3D('',#354,#355,#356);
#354 = CARTESIAN_POINT('',(52.499999990257,-65.,-10.));
#355 = DIRECTION('',(0.,0.,-1.));
#356 = DIRECTION('',(-1.,0.,0.));
#357 = PCURVE('',#90,#358);
#358 = DEFINITIONAL_REPRESENTATION('',(#359),#367);
#359 = ( BOUNDED_CURVE() B_SPLINE_CURVE(2,(#360,#361,#362,#363,#364,#365
,#366),.UNSPECIFIED.,.T.,.F.) B_SPLINE_CURVE_WITH_KNOTS((1,2,2,2,2,1),(
    -2.094395102393,0.,2.094395102393,4.188790204786,6.28318530718,
8.377580409573),.UNSPECIFIED.) CURVE() GEOMETRIC_REPRESENTATION_ITEM() 
RATIONAL_B_SPLINE_CURVE((1.,0.5,1.,0.5,1.,0.5,1.)) REPRESENTATION_ITEM(
  '') );
#360 = CARTESIAN_POINT('',(42.499999992748,-65.));
#361 = CARTESIAN_POINT('',(42.499999992748,-47.67949192431));
#362 = CARTESIAN_POINT('',(57.499999992748,-56.33974596215));
#363 = CARTESIAN_POINT('',(72.499999992748,-65.));
#364 = CARTESIAN_POINT('',(57.499999992748,-73.66025403784));
#365 = CARTESIAN_POINT('',(42.499999992748,-82.32050807568));
#366 = CARTESIAN_POINT('',(42.499999992748,-65.));
#367 = ( GEOMETRIC_REPRESENTATION_CONTEXT(2) 
PARAMETRIC_REPRESENTATION_CONTEXT() REPRESENTATION_CONTEXT('2D SPACE',''
  ) );
#368 = PCURVE('',#369,#374);
#369 = CYLINDRICAL_SURFACE('',#370,10.);
#370 = AXIS2_PLACEMENT_3D('',#371,#372,#373);
#371 = CARTESIAN_POINT('',(52.499999990257,-65.,0.));
#372 = DIRECTION('',(-0.,-0.,1.));
#373 = DIRECTION('',(-1.,0.,0.));
#374 = DEFINITIONAL_REPRESENTATION('',(#375),#379);
#375 = LINE('',#376,#377);
#376 = CARTESIAN_POINT('',(-0.,-10.));
#377 = VECTOR('',#378,1.);
#378 = DIRECTION('',(-1.,0.));
#379 = ( GEOMETRIC_REPRESENTATION_CONTEXT(2) 
PARAMETRIC_REPRESENTATION_CONTEXT() REPRESENTATION_CONTEXT('2D SPACE',''
  ) );
#380 = ORIENTED_EDGE('',*,*,#381,.T.);
#381 = EDGE_CURVE('',#349,#382,#384,.T.);
#382 = VERTEX_POINT('',#383);
#383 = CARTESIAN_POINT('',(62.499999995129,65.,-10.));
#384 = SURFACE_CURVE('',#385,(#389,#396),.PCURVE_S1.);
#385 = LINE('',#386,#387);
#386 = CARTESIAN_POINT('',(62.500000000001,0.,-10.));
#387 = VECTOR('',#388,1.);
#388 = DIRECTION('',(0.,1.,0.));
#389 = PCURVE('',#90,#390);
#390 = DEFINITIONAL_REPRESENTATION('',(#391),#395);
#391 = LINE('',#392,#393);
#392 = CARTESIAN_POINT('',(62.500000002492,2.403565298545E-15));
#393 = VECTOR('',#394,1.);
#394 = DIRECTION('',(0.,1.));
#395 = ( GEOMETRIC_REPRESENTATION_CONTEXT(2) 
PARAMETRIC_REPRESENTATION_CONTEXT() REPRESENTATION_CONTEXT('2D SPACE',''
  ) );
#396 = PCURVE('',#397,#402);
#397 = PLANE('',#398);
#398 = AXIS2_PLACEMENT_3D('',#399,#400,#401);
#399 = CARTESIAN_POINT('',(62.500000000001,-65.,0.));
#400 = DIRECTION('',(1.,0.,0.));
#401 = DIRECTION('',(-0.,1.,0.));
#402 = DEFINITIONAL_REPRESENTATION('',(#403),#407);
#403 = LINE('',#404,#405);
#404 = CARTESIAN_POINT('',(65.,-10.));
#405 = VECTOR('',#406,1.);
#406 = DIRECTION('',(1.,0.));
#407 = ( GEOMETRIC_REPRESENTATION_CONTEXT(2) 
PARAMETRIC_REPRESENTATION_CONTEXT() REPRESENTATION_CONTEXT('2D SPACE',''
  ) );
#408 = ORIENTED_EDGE('',*,*,#409,.F.);
#409 = EDGE_CURVE('',#410,#382,#412,.T.);
#410 = VERTEX_POINT('',#411);
#411 = CARTESIAN_POINT('',(52.499999990257,75.,-10.));
#412 = SURFACE_CURVE('',#413,(#418,#429),.PCURVE_S1.);
#413 = CIRCLE('',#414,10.);
#414 = AXIS2_PLACEMENT_3D('',#415,#416,#417);
#415 = CARTESIAN_POINT('',(52.499999990257,65.,-10.));
#416 = DIRECTION('',(0.,0.,-1.));
#417 = DIRECTION('',(-1.,0.,0.));
#418 = PCURVE('',#90,#419);
#419 = DEFINITIONAL_REPRESENTATION('',(#420),#428);
#420 = ( BOUNDED_CURVE() B_SPLINE_CURVE(2,(#421,#422,#423,#424,#425,#426
,#427),.UNSPECIFIED.,.T.,.F.) B_SPLINE_CURVE_WITH_KNOTS((1,2,2,2,2,1),(
    -2.094395102393,0.,2.094395102393,4.188790204786,6.28318530718,
8.377580409573),.UNSPECIFIED.) CURVE() GEOMETRIC_REPRESENTATION_ITEM() 
RATIONAL_B_SPLINE_CURVE((1.,0.5,1.,0.5,1.,0.5,1.)) REPRESENTATION_ITEM(
  '') );
#421 = CARTESIAN_POINT('',(42.499999992748,65.));
#422 = CARTESIAN_POINT('',(42.499999992748,82.320508075689));
#423 = CARTESIAN_POINT('',(57.499999992748,73.660254037844));
#424 = CARTESIAN_POINT('',(72.499999992748,65.));
#425 = CARTESIAN_POINT('',(57.499999992748,56.339745962156));
#426 = CARTESIAN_POINT('',(42.499999992748,47.679491924311));
#427 = CARTESIAN_POINT('',(42.499999992748,65.));
#428 = ( GEOMETRIC_REPRESENTATION_CONTEXT(2) 
PARAMETRIC_REPRESENTATION_CONTEXT() REPRESENTATION_CONTEXT('2D SPACE',''
  ) );
#429 = PCURVE('',#430,#435);
#430 = CYLINDRICAL_SURFACE('',#431,10.);
#431 = AXIS2_PLACEMENT_3D('',#432,#433,#434);
#432 = CARTESIAN_POINT('',(52.499999990257,65.,0.));
#433 = DIRECTION('',(-0.,-0.,1.));
#434 = DIRECTION('',(-1.,0.,0.));
#435 = DEFINITIONAL_REPRESENTATION('',(#436),#440);
#436 = LINE('',#437,#438);
#437 = CARTESIAN_POINT('',(-0.,-10.));
#438 = VECTOR('',#439,1.);
#439 = DIRECTION('',(-1.,0.));
#440 = ( GEOMETRIC_REPRESENTATION_CONTEXT(2) 
PARAMETRIC_REPRESENTATION_CONTEXT() REPRESENTATION_CONTEXT('2D SPACE',''
  ) );
#441 = ORIENTED_EDGE('',*,*,#442,.F.);
#442 = EDGE_CURVE('',#443,#410,#445,.T.);
#443 = VERTEX_POINT('',#444);
#444 = CARTESIAN_POINT('',(-52.5,75.,-10.));
#445 = SURFACE_CURVE('',#446,(#450,#457),.PCURVE_S1.);
#446 = LINE('',#447,#448);
#447 = CARTESIAN_POINT('',(7.815970093361E-13,75.,-10.));
#448 = VECTOR('',#449,1.);
#449 = DIRECTION('',(1.,0.,0.));
#450 = PCURVE('',#90,#451);
#451 = DEFINITIONAL_REPRESENTATION('',(#452),#456);
#452 = LINE('',#453,#454);
#453 = CARTESIAN_POINT('',(2.491805148023E-09,75.));
#454 = VECTOR('',#455,1.);
#455 = DIRECTION('',(1.,0.));
#456 = ( GEOMETRIC_REPRESENTATION_CONTEXT(2) 
PARAMETRIC_REPRESENTATION_CONTEXT() REPRESENTATION_CONTEXT('2D SPACE',''
  ) );
#457 = PCURVE('',#458,#463);
#458 = PLANE('',#459);
#459 = AXIS2_PLACEMENT_3D('',#460,#461,#462);
#460 = CARTESIAN_POINT('',(-52.5,75.,0.));
#461 = DIRECTION('',(0.,-1.,0.));
#462 = DIRECTION('',(1.,0.,0.));
#463 = DEFINITIONAL_REPRESENTATION('',(#464),#468);
#464 = LINE('',#465,#466);
#465 = CARTESIAN_POINT('',(52.500000000002,-10.));
#466 = VECTOR('',#467,1.);
#467 = DIRECTION('',(1.,0.));
#468 = ( GEOMETRIC_REPRESENTATION_CONTEXT(2) 
PARAMETRIC_REPRESENTATION_CONTEXT() REPRESENTATION_CONTEXT('2D SPACE',''
  ) );
#469 = ORIENTED_EDGE('',*,*,#470,.F.);
#470 = EDGE_CURVE('',#75,#443,#471,.T.);
#471 = SURFACE_CURVE('',#472,(#477,#488),.PCURVE_S1.);
#472 = CIRCLE('',#473,10.);
#473 = AXIS2_PLACEMENT_3D('',#474,#475,#476);
#474 = CARTESIAN_POINT('',(-52.5,65.,-10.));
#475 = DIRECTION('',(0.,0.,-1.));
#476 = DIRECTION('',(-1.,0.,0.));
#477 = PCURVE('',#90,#478);
#478 = DEFINITIONAL_REPRESENTATION('',(#479),#487);
#479 = ( BOUNDED_CURVE() B_SPLINE_CURVE(2,(#480,#481,#482,#483,#484,#485
,#486),.UNSPECIFIED.,.T.,.F.) B_SPLINE_CURVE_WITH_KNOTS((1,2,2,2,2,1),(
    -2.094395102393,0.,2.094395102393,4.188790204786,6.28318530718,
8.377580409573),.UNSPECIFIED.) CURVE() GEOMETRIC_REPRESENTATION_ITEM() 
RATIONAL_B_SPLINE_CURVE((1.,0.5,1.,0.5,1.,0.5,1.)) REPRESENTATION_ITEM(
  '') );
#480 = CARTESIAN_POINT('',(-62.49999999751,65.));
#481 = CARTESIAN_POINT('',(-62.49999999751,82.320508075689));
#482 = CARTESIAN_POINT('',(-47.49999999751,73.660254037844));
#483 = CARTESIAN_POINT('',(-32.49999999751,65.));
#484 = CARTESIAN_POINT('',(-47.49999999751,56.339745962156));
#485 = CARTESIAN_POINT('',(-62.49999999751,47.679491924311));
#486 = CARTESIAN_POINT('',(-62.49999999751,65.));
#487 = ( GEOMETRIC_REPRESENTATION_CONTEXT(2) 
PARAMETRIC_REPRESENTATION_CONTEXT() REPRESENTATION_CONTEXT('2D SPACE',''
  ) );
#488 = PCURVE('',#118,#489);
#489 = DEFINITIONAL_REPRESENTATION('',(#490),#494);
#490 = LINE('',#491,#492);
#491 = CARTESIAN_POINT('',(-0.,-10.));
#492 = VECTOR('',#493,1.);
#493 = DIRECTION('',(-1.,0.));
#494 = ( GEOMETRIC_REPRESENTATION_CONTEXT(2) 
PARAMETRIC_REPRESENTATION_CONTEXT() REPRESENTATION_CONTEXT('2D SPACE',''
  ) );
#495 = ADVANCED_FACE('',(#496),#118,.T.);
#496 = FACE_BOUND('',#497,.F.);
#497 = EDGE_LOOP('',(#498,#521,#543,#544));
#498 = ORIENTED_EDGE('',*,*,#499,.F.);
#499 = EDGE_CURVE('',#500,#443,#502,.T.);
#500 = VERTEX_POINT('',#501);
#501 = CARTESIAN_POINT('',(-52.5,75.,2.));
#502 = SURFACE_CURVE('',#503,(#507,#514),.PCURVE_S1.);
#503 = LINE('',#504,#505);
#504 = CARTESIAN_POINT('',(-52.5,75.,10.));
#505 = VECTOR('',#506,1.);
#506 = DIRECTION('',(0.,0.,-1.));
#507 = PCURVE('',#118,#508);
#508 = DEFINITIONAL_REPRESENTATION('',(#509),#513);
#509 = LINE('',#510,#511);
#510 = CARTESIAN_POINT('',(-1.570796326795,10.));
#511 = VECTOR('',#512,1.);
#512 = DIRECTION('',(-0.,-1.));
#513 = ( GEOMETRIC_REPRESENTATION_CONTEXT(2) 
PARAMETRIC_REPRESENTATION_CONTEXT() REPRESENTATION_CONTEXT('2D SPACE',''
  ) );
#514 = PCURVE('',#458,#515);
#515 = DEFINITIONAL_REPRESENTATION('',(#516),#520);
#516 = LINE('',#517,#518);
#517 = CARTESIAN_POINT('',(-7.105427357601E-15,10.));
#518 = VECTOR('',#519,1.);
#519 = DIRECTION('',(0.,-1.));
#520 = ( GEOMETRIC_REPRESENTATION_CONTEXT(2) 
PARAMETRIC_REPRESENTATION_CONTEXT() REPRESENTATION_CONTEXT('2D SPACE',''
  ) );
#521 = ORIENTED_EDGE('',*,*,#522,.T.);
#522 = EDGE_CURVE('',#500,#103,#523,.T.);
#523 = SURFACE_CURVE('',#524,(#529,#536),.PCURVE_S1.);
#524 = CIRCLE('',#525,10.);
#525 = AXIS2_PLACEMENT_3D('',#526,#527,#528);
#526 = CARTESIAN_POINT('',(-52.5,65.,2.));
#527 = DIRECTION('',(0.,0.,1.));
#528 = DIRECTION('',(0.,1.,-0.));
#529 = PCURVE('',#118,#530);
#530 = DEFINITIONAL_REPRESENTATION('',(#531),#535);
#531 = LINE('',#532,#533);
#532 = CARTESIAN_POINT('',(-1.570796326795,2.));
#533 = VECTOR('',#534,1.);
#534 = DIRECTION('',(1.,-0.));
#535 = ( GEOMETRIC_REPRESENTATION_CONTEXT(2) 
PARAMETRIC_REPRESENTATION_CONTEXT() REPRESENTATION_CONTEXT('2D SPACE',''
  ) );
#536 = PCURVE('',#261,#537);
#537 = DEFINITIONAL_REPRESENTATION('',(#538),#542);
#538 = LINE('',#539,#540);
#539 = CARTESIAN_POINT('',(-0.,0.));
#540 = VECTOR('',#541,1.);
#541 = DIRECTION('',(-1.,0.));
#542 = ( GEOMETRIC_REPRESENTATION_CONTEXT(2) 
PARAMETRIC_REPRESENTATION_CONTEXT() REPRESENTATION_CONTEXT('2D SPACE',''
  ) );
#543 = ORIENTED_EDGE('',*,*,#102,.T.);
#544 = ORIENTED_EDGE('',*,*,#470,.T.);
#545 = ADVANCED_FACE('',(#546),#177,.T.);
#546 = FACE_BOUND('',#547,.T.);
#547 = EDGE_LOOP('',(#548,#549,#550,#573));
#548 = ORIENTED_EDGE('',*,*,#159,.F.);
#549 = ORIENTED_EDGE('',*,*,#325,.T.);
#550 = ORIENTED_EDGE('',*,*,#551,.T.);
#551 = EDGE_CURVE('',#326,#552,#554,.T.);
#552 = VERTEX_POINT('',#553);
#553 = CARTESIAN_POINT('',(52.499999990257,-75.,2.));
#554 = SURFACE_CURVE('',#555,(#559,#566),.PCURVE_S1.);
#555 = LINE('',#556,#557);
#556 = CARTESIAN_POINT('',(52.499999990257,-75.,-10.));
#557 = VECTOR('',#558,1.);
#558 = DIRECTION('',(0.,0.,1.));
#559 = PCURVE('',#177,#560);
#560 = DEFINITIONAL_REPRESENTATION('',(#561),#565);
#561 = LINE('',#562,#563);
#562 = CARTESIAN_POINT('',(104.99999999025,-10.));
#563 = VECTOR('',#564,1.);
#564 = DIRECTION('',(0.,1.));
#565 = ( GEOMETRIC_REPRESENTATION_CONTEXT(2) 
PARAMETRIC_REPRESENTATION_CONTEXT() REPRESENTATION_CONTEXT('2D SPACE',''
  ) );
#566 = PCURVE('',#369,#567);
#567 = DEFINITIONAL_REPRESENTATION('',(#568),#572);
#568 = LINE('',#569,#570);
#569 = CARTESIAN_POINT('',(-4.712388980385,-10.));
#570 = VECTOR('',#571,1.);
#571 = DIRECTION('',(0.,1.));
#572 = ( GEOMETRIC_REPRESENTATION_CONTEXT(2) 
PARAMETRIC_REPRESENTATION_CONTEXT() REPRESENTATION_CONTEXT('2D SPACE',''
  ) );
#573 = ORIENTED_EDGE('',*,*,#574,.F.);
#574 = EDGE_CURVE('',#162,#552,#575,.T.);
#575 = SURFACE_CURVE('',#576,(#580,#587),.PCURVE_S1.);
#576 = LINE('',#577,#578);
#577 = CARTESIAN_POINT('',(-52.5,-75.,2.));
#578 = VECTOR('',#579,1.);
#579 = DIRECTION('',(1.,0.,0.));
#580 = PCURVE('',#177,#581);
#581 = DEFINITIONAL_REPRESENTATION('',(#582),#586);
#582 = LINE('',#583,#584);
#583 = CARTESIAN_POINT('',(0.,2.));
#584 = VECTOR('',#585,1.);
#585 = DIRECTION('',(1.,0.));
#586 = ( GEOMETRIC_REPRESENTATION_CONTEXT(2) 
PARAMETRIC_REPRESENTATION_CONTEXT() REPRESENTATION_CONTEXT('2D SPACE',''
  ) );
#587 = PCURVE('',#588,#593);
#588 = PLANE('',#589);
#589 = AXIS2_PLACEMENT_3D('',#590,#591,#592);
#590 = CARTESIAN_POINT('',(-52.5,-71.,6.));
#591 = DIRECTION('',(0.,-0.707106781187,0.707106781187));
#592 = DIRECTION('',(-1.,-0.,-0.));
#593 = DEFINITIONAL_REPRESENTATION('',(#594),#598);
#594 = LINE('',#595,#596);
#595 = CARTESIAN_POINT('',(-0.,5.656854249492));
#596 = VECTOR('',#597,1.);
#597 = DIRECTION('',(-1.,0.));
#598 = ( GEOMETRIC_REPRESENTATION_CONTEXT(2) 
PARAMETRIC_REPRESENTATION_CONTEXT() REPRESENTATION_CONTEXT('2D SPACE',''
  ) );
#599 = ADVANCED_FACE('',(#600),#231,.T.);
#600 = FACE_BOUND('',#601,.F.);
#601 = EDGE_LOOP('',(#602,#603,#627,#646));
#602 = ORIENTED_EDGE('',*,*,#300,.F.);
#603 = ORIENTED_EDGE('',*,*,#604,.T.);
#604 = EDGE_CURVE('',#273,#605,#607,.T.);
#605 = VERTEX_POINT('',#606);
#606 = CARTESIAN_POINT('',(-52.5,-67.,10.));
#607 = SURFACE_CURVE('',#608,(#613,#620),.PCURVE_S1.);
#608 = CIRCLE('',#609,2.);
#609 = AXIS2_PLACEMENT_3D('',#610,#611,#612);
#610 = CARTESIAN_POINT('',(-52.5,-65.,10.));
#611 = DIRECTION('',(0.,0.,1.));
#612 = DIRECTION('',(-1.,0.,0.));
#613 = PCURVE('',#231,#614);
#614 = DEFINITIONAL_REPRESENTATION('',(#615),#619);
#615 = LINE('',#616,#617);
#616 = CARTESIAN_POINT('',(-0.,-8.));
#617 = VECTOR('',#618,1.);
#618 = DIRECTION('',(-1.,0.));
#619 = ( GEOMETRIC_REPRESENTATION_CONTEXT(2) 
PARAMETRIC_REPRESENTATION_CONTEXT() REPRESENTATION_CONTEXT('2D SPACE',''
  ) );
#620 = PCURVE('',#288,#621);
#621 = DEFINITIONAL_REPRESENTATION('',(#622),#626);
#622 = CIRCLE('',#623,2.);
#623 = AXIS2_PLACEMENT_2D('',#624,#625);
#624 = CARTESIAN_POINT('',(-52.49999999751,-65.));
#625 = DIRECTION('',(-1.,0.));
#626 = ( GEOMETRIC_REPRESENTATION_CONTEXT(2) 
PARAMETRIC_REPRESENTATION_CONTEXT() REPRESENTATION_CONTEXT('2D SPACE',''
  ) );
#627 = ORIENTED_EDGE('',*,*,#628,.T.);
#628 = EDGE_CURVE('',#605,#162,#629,.T.);
#629 = SURFACE_CURVE('',#630,(#634,#640),.PCURVE_S1.);
#630 = LINE('',#631,#632);
#631 = CARTESIAN_POINT('',(-52.5,-75.,2.));
#632 = VECTOR('',#633,1.);
#633 = DIRECTION('',(-4.329780281177E-17,-0.707106781187,-0.707106781187
    ));
#634 = PCURVE('',#231,#635);
#635 = DEFINITIONAL_REPRESENTATION('',(#636),#639);
#636 = B_SPLINE_CURVE_WITH_KNOTS('',1,(#637,#638),.UNSPECIFIED.,.F.,.F.,
  (2,2),(-11.31370849898,0.),.PIECEWISE_BEZIER_KNOTS.);
#637 = CARTESIAN_POINT('',(-1.570796326795,-8.));
#638 = CARTESIAN_POINT('',(-1.570796326795,0.));
#639 = ( GEOMETRIC_REPRESENTATION_CONTEXT(2) 
PARAMETRIC_REPRESENTATION_CONTEXT() REPRESENTATION_CONTEXT('2D SPACE',''
  ) );
#640 = PCURVE('',#588,#641);
#641 = DEFINITIONAL_REPRESENTATION('',(#642),#645);
#642 = B_SPLINE_CURVE_WITH_KNOTS('',1,(#643,#644),.UNSPECIFIED.,.F.,.F.,
  (2,2),(-11.31370849898,0.),.PIECEWISE_BEZIER_KNOTS.);
#643 = CARTESIAN_POINT('',(7.105427357601E-15,-5.656854249492));
#644 = CARTESIAN_POINT('',(7.105427357601E-15,5.656854249492));
#645 = ( GEOMETRIC_REPRESENTATION_CONTEXT(2) 
PARAMETRIC_REPRESENTATION_CONTEXT() REPRESENTATION_CONTEXT('2D SPACE',''
  ) );
#646 = ORIENTED_EDGE('',*,*,#216,.F.);
#647 = ADVANCED_FACE('',(#648),#261,.T.);
#648 = FACE_BOUND('',#649,.F.);
#649 = EDGE_LOOP('',(#650,#676,#698,#699));
#650 = ORIENTED_EDGE('',*,*,#651,.F.);
#651 = EDGE_CURVE('',#652,#500,#654,.T.);
#652 = VERTEX_POINT('',#653);
#653 = CARTESIAN_POINT('',(-52.5,67.,10.));
#654 = SURFACE_CURVE('',#655,(#659,#665),.PCURVE_S1.);
#655 = LINE('',#656,#657);
#656 = CARTESIAN_POINT('',(-52.5,71.,6.));
#657 = VECTOR('',#658,1.);
#658 = DIRECTION('',(-0.,0.707106781187,-0.707106781187));
#659 = PCURVE('',#261,#660);
#660 = DEFINITIONAL_REPRESENTATION('',(#661),#664);
#661 = B_SPLINE_CURVE_WITH_KNOTS('',1,(#662,#663),.UNSPECIFIED.,.F.,.F.,
  (2,2),(-5.656854249492,5.656854249492),.PIECEWISE_BEZIER_KNOTS.);
#662 = CARTESIAN_POINT('',(0.,-8.));
#663 = CARTESIAN_POINT('',(0.,-1.256073966947E-15));
#664 = ( GEOMETRIC_REPRESENTATION_CONTEXT(2) 
PARAMETRIC_REPRESENTATION_CONTEXT() REPRESENTATION_CONTEXT('2D SPACE',''
  ) );
#665 = PCURVE('',#666,#671);
#666 = PLANE('',#667);
#667 = AXIS2_PLACEMENT_3D('',#668,#669,#670);
#668 = CARTESIAN_POINT('',(-40.,71.,6.));
#669 = DIRECTION('',(0.,-0.707106781187,-0.707106781187));
#670 = DIRECTION('',(-1.,-0.,0.));
#671 = DEFINITIONAL_REPRESENTATION('',(#672),#675);
#672 = B_SPLINE_CURVE_WITH_KNOTS('',1,(#673,#674),.UNSPECIFIED.,.F.,.F.,
  (2,2),(-5.656854249492,5.656854249492),.PIECEWISE_BEZIER_KNOTS.);
#673 = CARTESIAN_POINT('',(12.500000000001,-5.656854249492));
#674 = CARTESIAN_POINT('',(12.500000000001,5.656854249492));
#675 = ( GEOMETRIC_REPRESENTATION_CONTEXT(2) 
PARAMETRIC_REPRESENTATION_CONTEXT() REPRESENTATION_CONTEXT('2D SPACE',''
  ) );
#676 = ORIENTED_EDGE('',*,*,#677,.T.);
#677 = EDGE_CURVE('',#652,#247,#678,.T.);
#678 = SURFACE_CURVE('',#679,(#684,#691),.PCURVE_S1.);
#679 = CIRCLE('',#680,2.);
#680 = AXIS2_PLACEMENT_3D('',#681,#682,#683);
#681 = CARTESIAN_POINT('',(-52.5,65.,10.));
#682 = DIRECTION('',(0.,0.,1.));
#683 = DIRECTION('',(0.,1.,-0.));
#684 = PCURVE('',#261,#685);
#685 = DEFINITIONAL_REPRESENTATION('',(#686),#690);
#686 = LINE('',#687,#688);
#687 = CARTESIAN_POINT('',(-0.,-8.));
#688 = VECTOR('',#689,1.);
#689 = DIRECTION('',(-1.,0.));
#690 = ( GEOMETRIC_REPRESENTATION_CONTEXT(2) 
PARAMETRIC_REPRESENTATION_CONTEXT() REPRESENTATION_CONTEXT('2D SPACE',''
  ) );
#691 = PCURVE('',#288,#692);
#692 = DEFINITIONAL_REPRESENTATION('',(#693),#697);
#693 = CIRCLE('',#694,2.);
#694 = AXIS2_PLACEMENT_2D('',#695,#696);
#695 = CARTESIAN_POINT('',(-52.49999999751,65.));
#696 = DIRECTION('',(0.,1.));
#697 = ( GEOMETRIC_REPRESENTATION_CONTEXT(2) 
PARAMETRIC_REPRESENTATION_CONTEXT() REPRESENTATION_CONTEXT('2D SPACE',''
  ) );
#698 = ORIENTED_EDGE('',*,*,#246,.T.);
#699 = ORIENTED_EDGE('',*,*,#522,.F.);
#700 = ADVANCED_FACE('',(#701,#948,#1315,#1716,#1915,#2222,#2494,#2702,
    #3005),#288,.T.);
#701 = FACE_BOUND('',#702,.T.);
#702 = EDGE_LOOP('',(#703,#733,#754,#755,#756,#757,#780,#809,#837,#866,
    #894,#922));
#703 = ORIENTED_EDGE('',*,*,#704,.T.);
#704 = EDGE_CURVE('',#705,#707,#709,.T.);
#705 = VERTEX_POINT('',#706);
#706 = CARTESIAN_POINT('',(-40.,0.,10.));
#707 = VERTEX_POINT('',#708);
#708 = CARTESIAN_POINT('',(-40.,67.,10.));
#709 = SURFACE_CURVE('',#710,(#714,#721),.PCURVE_S1.);
#710 = LINE('',#711,#712);
#711 = CARTESIAN_POINT('',(-40.,0.,10.));
#712 = VECTOR('',#713,1.);
#713 = DIRECTION('',(-0.,1.,-0.));
#714 = PCURVE('',#288,#715);
#715 = DEFINITIONAL_REPRESENTATION('',(#716),#720);
#716 = LINE('',#717,#718);
#717 = CARTESIAN_POINT('',(-39.9999999975,2.403565298545E-15));
#718 = VECTOR('',#719,1.);
#719 = DIRECTION('',(0.,1.));
#720 = ( GEOMETRIC_REPRESENTATION_CONTEXT(2) 
PARAMETRIC_REPRESENTATION_CONTEXT() REPRESENTATION_CONTEXT('2D SPACE',''
  ) );
#721 = PCURVE('',#722,#727);
#722 = PLANE('',#723);
#723 = AXIS2_PLACEMENT_3D('',#724,#725,#726);
#724 = CARTESIAN_POINT('',(-40.,0.,10.));
#725 = DIRECTION('',(-0.707106781187,0.,0.707106781187));
#726 = DIRECTION('',(-0.707106781187,0.,-0.707106781187));
#727 = DEFINITIONAL_REPRESENTATION('',(#728),#732);
#728 = LINE('',#729,#730);
#729 = CARTESIAN_POINT('',(0.,0.));
#730 = VECTOR('',#731,1.);
#731 = DIRECTION('',(0.,-1.));
#732 = ( GEOMETRIC_REPRESENTATION_CONTEXT(2) 
PARAMETRIC_REPRESENTATION_CONTEXT() REPRESENTATION_CONTEXT('2D SPACE',''
  ) );
#733 = ORIENTED_EDGE('',*,*,#734,.T.);
#734 = EDGE_CURVE('',#707,#652,#735,.T.);
#735 = SURFACE_CURVE('',#736,(#740,#747),.PCURVE_S1.);
#736 = LINE('',#737,#738);
#737 = CARTESIAN_POINT('',(-40.,67.,10.));
#738 = VECTOR('',#739,1.);
#739 = DIRECTION('',(-1.,-0.,-0.));
#740 = PCURVE('',#288,#741);
#741 = DEFINITIONAL_REPRESENTATION('',(#742),#746);
#742 = LINE('',#743,#744);
#743 = CARTESIAN_POINT('',(-39.9999999975,67.));
#744 = VECTOR('',#745,1.);
#745 = DIRECTION('',(-1.,-0.));
#746 = ( GEOMETRIC_REPRESENTATION_CONTEXT(2) 
PARAMETRIC_REPRESENTATION_CONTEXT() REPRESENTATION_CONTEXT('2D SPACE',''
  ) );
#747 = PCURVE('',#666,#748);
#748 = DEFINITIONAL_REPRESENTATION('',(#749),#753);
#749 = LINE('',#750,#751);
#750 = CARTESIAN_POINT('',(0.,-5.656854249492));
#751 = VECTOR('',#752,1.);
#752 = DIRECTION('',(1.,0.));
#753 = ( GEOMETRIC_REPRESENTATION_CONTEXT(2) 
PARAMETRIC_REPRESENTATION_CONTEXT() REPRESENTATION_CONTEXT('2D SPACE',''
  ) );
#754 = ORIENTED_EDGE('',*,*,#677,.T.);
#755 = ORIENTED_EDGE('',*,*,#272,.T.);
#756 = ORIENTED_EDGE('',*,*,#604,.T.);
#757 = ORIENTED_EDGE('',*,*,#758,.T.);
#758 = EDGE_CURVE('',#605,#759,#761,.T.);
#759 = VERTEX_POINT('',#760);
#760 = CARTESIAN_POINT('',(52.499999990257,-67.,10.));
#761 = SURFACE_CURVE('',#762,(#766,#773),.PCURVE_S1.);
#762 = LINE('',#763,#764);
#763 = CARTESIAN_POINT('',(-52.5,-67.,10.));
#764 = VECTOR('',#765,1.);
#765 = DIRECTION('',(1.,0.,0.));
#766 = PCURVE('',#288,#767);
#767 = DEFINITIONAL_REPRESENTATION('',(#768),#772);
#768 = LINE('',#769,#770);
#769 = CARTESIAN_POINT('',(-52.49999999751,-67.));
#770 = VECTOR('',#771,1.);
#771 = DIRECTION('',(1.,0.));
#772 = ( GEOMETRIC_REPRESENTATION_CONTEXT(2) 
PARAMETRIC_REPRESENTATION_CONTEXT() REPRESENTATION_CONTEXT('2D SPACE',''
  ) );
#773 = PCURVE('',#588,#774);
#774 = DEFINITIONAL_REPRESENTATION('',(#775),#779);
#775 = LINE('',#776,#777);
#776 = CARTESIAN_POINT('',(-0.,-5.656854249492));
#777 = VECTOR('',#778,1.);
#778 = DIRECTION('',(-1.,0.));
#779 = ( GEOMETRIC_REPRESENTATION_CONTEXT(2) 
PARAMETRIC_REPRESENTATION_CONTEXT() REPRESENTATION_CONTEXT('2D SPACE',''
  ) );
#780 = ORIENTED_EDGE('',*,*,#781,.T.);
#781 = EDGE_CURVE('',#759,#782,#784,.T.);
#782 = VERTEX_POINT('',#783);
#783 = CARTESIAN_POINT('',(54.499999990257,-65.,10.));
#784 = SURFACE_CURVE('',#785,(#790,#797),.PCURVE_S1.);
#785 = CIRCLE('',#786,2.);
#786 = AXIS2_PLACEMENT_3D('',#787,#788,#789);
#787 = CARTESIAN_POINT('',(52.499999990257,-65.,10.));
#788 = DIRECTION('',(0.,0.,1.));
#789 = DIRECTION('',(0.,-1.,0.));
#790 = PCURVE('',#288,#791);
#791 = DEFINITIONAL_REPRESENTATION('',(#792),#796);
#792 = CIRCLE('',#793,2.);
#793 = AXIS2_PLACEMENT_2D('',#794,#795);
#794 = CARTESIAN_POINT('',(52.499999992748,-65.));
#795 = DIRECTION('',(0.,-1.));
#796 = ( GEOMETRIC_REPRESENTATION_CONTEXT(2) 
PARAMETRIC_REPRESENTATION_CONTEXT() REPRESENTATION_CONTEXT('2D SPACE',''
  ) );
#797 = PCURVE('',#798,#803);
#798 = CONICAL_SURFACE('',#799,10.,0.785398163397);
#799 = AXIS2_PLACEMENT_3D('',#800,#801,#802);
#800 = CARTESIAN_POINT('',(52.499999990257,-65.,2.));
#801 = DIRECTION('',(-0.,-0.,-1.));
#802 = DIRECTION('',(0.,-1.,0.));
#803 = DEFINITIONAL_REPRESENTATION('',(#804),#808);
#804 = LINE('',#805,#806);
#805 = CARTESIAN_POINT('',(-0.,-8.));
#806 = VECTOR('',#807,1.);
#807 = DIRECTION('',(-1.,0.));
#808 = ( GEOMETRIC_REPRESENTATION_CONTEXT(2) 
PARAMETRIC_REPRESENTATION_CONTEXT() REPRESENTATION_CONTEXT('2D SPACE',''
  ) );
#809 = ORIENTED_EDGE('',*,*,#810,.T.);
#810 = EDGE_CURVE('',#782,#811,#813,.T.);
#811 = VERTEX_POINT('',#812);
#812 = CARTESIAN_POINT('',(54.500000000001,65.,10.));
#813 = SURFACE_CURVE('',#814,(#818,#825),.PCURVE_S1.);
#814 = LINE('',#815,#816);
#815 = CARTESIAN_POINT('',(54.500000000001,-65.,10.));
#816 = VECTOR('',#817,1.);
#817 = DIRECTION('',(0.,1.,0.));
#818 = PCURVE('',#288,#819);
#819 = DEFINITIONAL_REPRESENTATION('',(#820),#824);
#820 = LINE('',#821,#822);
#821 = CARTESIAN_POINT('',(54.500000002492,-65.));
#822 = VECTOR('',#823,1.);
#823 = DIRECTION('',(0.,1.));
#824 = ( GEOMETRIC_REPRESENTATION_CONTEXT(2) 
PARAMETRIC_REPRESENTATION_CONTEXT() REPRESENTATION_CONTEXT('2D SPACE',''
  ) );
#825 = PCURVE('',#826,#831);
#826 = PLANE('',#827);
#827 = AXIS2_PLACEMENT_3D('',#828,#829,#830);
#828 = CARTESIAN_POINT('',(58.500000000001,-65.,6.));
#829 = DIRECTION('',(0.707106781187,0.,0.707106781187));
#830 = DIRECTION('',(0.,-1.,-0.));
#831 = DEFINITIONAL_REPRESENTATION('',(#832),#836);
#832 = LINE('',#833,#834);
#833 = CARTESIAN_POINT('',(-0.,-5.656854249492));
#834 = VECTOR('',#835,1.);
#835 = DIRECTION('',(-1.,0.));
#836 = ( GEOMETRIC_REPRESENTATION_CONTEXT(2) 
PARAMETRIC_REPRESENTATION_CONTEXT() REPRESENTATION_CONTEXT('2D SPACE',''
  ) );
#837 = ORIENTED_EDGE('',*,*,#838,.T.);
#838 = EDGE_CURVE('',#811,#839,#841,.T.);
#839 = VERTEX_POINT('',#840);
#840 = CARTESIAN_POINT('',(52.499999990257,67.,10.));
#841 = SURFACE_CURVE('',#842,(#847,#854),.PCURVE_S1.);
#842 = CIRCLE('',#843,2.);
#843 = AXIS2_PLACEMENT_3D('',#844,#845,#846);
#844 = CARTESIAN_POINT('',(52.499999990257,65.,10.));
#845 = DIRECTION('',(0.,0.,1.));
#846 = DIRECTION('',(1.,0.,-0.));
#847 = PCURVE('',#288,#848);
#848 = DEFINITIONAL_REPRESENTATION('',(#849),#853);
#849 = CIRCLE('',#850,2.);
#850 = AXIS2_PLACEMENT_2D('',#851,#852);
#851 = CARTESIAN_POINT('',(52.499999992748,65.));
#852 = DIRECTION('',(1.,0.));
#853 = ( GEOMETRIC_REPRESENTATION_CONTEXT(2) 
PARAMETRIC_REPRESENTATION_CONTEXT() REPRESENTATION_CONTEXT('2D SPACE',''
  ) );
#854 = PCURVE('',#855,#860);
#855 = CONICAL_SURFACE('',#856,10.,0.785398163397);
#856 = AXIS2_PLACEMENT_3D('',#857,#858,#859);
#857 = CARTESIAN_POINT('',(52.499999990257,65.,2.));
#858 = DIRECTION('',(-0.,-0.,-1.));
#859 = DIRECTION('',(1.,0.,0.));
#860 = DEFINITIONAL_REPRESENTATION('',(#861),#865);
#861 = LINE('',#862,#863);
#862 = CARTESIAN_POINT('',(-0.,-8.));
#863 = VECTOR('',#864,1.);
#864 = DIRECTION('',(-1.,0.));
#865 = ( GEOMETRIC_REPRESENTATION_CONTEXT(2) 
PARAMETRIC_REPRESENTATION_CONTEXT() REPRESENTATION_CONTEXT('2D SPACE',''
  ) );
#866 = ORIENTED_EDGE('',*,*,#867,.T.);
#867 = EDGE_CURVE('',#839,#868,#870,.T.);
#868 = VERTEX_POINT('',#869);
#869 = CARTESIAN_POINT('',(40.,67.,10.));
#870 = SURFACE_CURVE('',#871,(#875,#882),.PCURVE_S1.);
#871 = LINE('',#872,#873);
#872 = CARTESIAN_POINT('',(52.499999990257,67.,10.));
#873 = VECTOR('',#874,1.);
#874 = DIRECTION('',(-1.,-0.,-0.));
#875 = PCURVE('',#288,#876);
#876 = DEFINITIONAL_REPRESENTATION('',(#877),#881);
#877 = LINE('',#878,#879);
#878 = CARTESIAN_POINT('',(52.499999992748,67.));
#879 = VECTOR('',#880,1.);
#880 = DIRECTION('',(-1.,-0.));
#881 = ( GEOMETRIC_REPRESENTATION_CONTEXT(2) 
PARAMETRIC_REPRESENTATION_CONTEXT() REPRESENTATION_CONTEXT('2D SPACE',''
  ) );
#882 = PCURVE('',#883,#888);
#883 = PLANE('',#884);
#884 = AXIS2_PLACEMENT_3D('',#885,#886,#887);
#885 = CARTESIAN_POINT('',(52.499999990257,71.,6.));
#886 = DIRECTION('',(0.,-0.707106781187,-0.707106781187));
#887 = DIRECTION('',(-1.,-0.,0.));
#888 = DEFINITIONAL_REPRESENTATION('',(#889),#893);
#889 = LINE('',#890,#891);
#890 = CARTESIAN_POINT('',(0.,-5.656854249492));
#891 = VECTOR('',#892,1.);
#892 = DIRECTION('',(1.,0.));
#893 = ( GEOMETRIC_REPRESENTATION_CONTEXT(2) 
PARAMETRIC_REPRESENTATION_CONTEXT() REPRESENTATION_CONTEXT('2D SPACE',''
  ) );
#894 = ORIENTED_EDGE('',*,*,#895,.F.);
#895 = EDGE_CURVE('',#896,#868,#898,.T.);
#896 = VERTEX_POINT('',#897);
#897 = CARTESIAN_POINT('',(40.,0.,10.));
#898 = SURFACE_CURVE('',#899,(#903,#910),.PCURVE_S1.);
#899 = LINE('',#900,#901);
#900 = CARTESIAN_POINT('',(40.,0.,10.));
#901 = VECTOR('',#902,1.);
#902 = DIRECTION('',(-0.,1.,-0.));
#903 = PCURVE('',#288,#904);
#904 = DEFINITIONAL_REPRESENTATION('',(#905),#909);
#905 = LINE('',#906,#907);
#906 = CARTESIAN_POINT('',(40.000000002491,2.403565298545E-15));
#907 = VECTOR('',#908,1.);
#908 = DIRECTION('',(0.,1.));
#909 = ( GEOMETRIC_REPRESENTATION_CONTEXT(2) 
PARAMETRIC_REPRESENTATION_CONTEXT() REPRESENTATION_CONTEXT('2D SPACE',''
  ) );
#910 = PCURVE('',#911,#916);
#911 = PLANE('',#912);
#912 = AXIS2_PLACEMENT_3D('',#913,#914,#915);
#913 = CARTESIAN_POINT('',(50.,0.,0.));
#914 = DIRECTION('',(0.707106781187,0.,0.707106781187));
#915 = DIRECTION('',(-0.707106781187,0.,0.707106781187));
#916 = DEFINITIONAL_REPRESENTATION('',(#917),#921);
#917 = LINE('',#918,#919);
#918 = CARTESIAN_POINT('',(14.142135623731,0.));
#919 = VECTOR('',#920,1.);
#920 = DIRECTION('',(0.,-1.));
#921 = ( GEOMETRIC_REPRESENTATION_CONTEXT(2) 
PARAMETRIC_REPRESENTATION_CONTEXT() REPRESENTATION_CONTEXT('2D SPACE',''
  ) );
#922 = ORIENTED_EDGE('',*,*,#923,.T.);
#923 = EDGE_CURVE('',#896,#705,#924,.T.);
#924 = SURFACE_CURVE('',#925,(#929,#936),.PCURVE_S1.);
#925 = LINE('',#926,#927);
#926 = CARTESIAN_POINT('',(40.,0.,10.));
#927 = VECTOR('',#928,1.);
#928 = DIRECTION('',(-1.,0.,0.));
#929 = PCURVE('',#288,#930);
#930 = DEFINITIONAL_REPRESENTATION('',(#931),#935);
#931 = LINE('',#932,#933);
#932 = CARTESIAN_POINT('',(40.000000002491,2.403565298545E-15));
#933 = VECTOR('',#934,1.);
#934 = DIRECTION('',(-1.,0.));
#935 = ( GEOMETRIC_REPRESENTATION_CONTEXT(2) 
PARAMETRIC_REPRESENTATION_CONTEXT() REPRESENTATION_CONTEXT('2D SPACE',''
  ) );
#936 = PCURVE('',#937,#942);
#937 = PLANE('',#938);
#938 = AXIS2_PLACEMENT_3D('',#939,#940,#941);
#939 = CARTESIAN_POINT('',(5.458253618515E-16,0.,4.519886934327));
#940 = DIRECTION('',(0.,-1.,0.));
#941 = DIRECTION('',(1.,0.,0.));
#942 = DEFINITIONAL_REPRESENTATION('',(#943),#947);
#943 = LINE('',#944,#945);
#944 = CARTESIAN_POINT('',(40.,5.480113065673));
#945 = VECTOR('',#946,1.);
#946 = DIRECTION('',(-1.,0.));
#947 = ( GEOMETRIC_REPRESENTATION_CONTEXT(2) 
PARAMETRIC_REPRESENTATION_CONTEXT() REPRESENTATION_CONTEXT('2D SPACE',''
  ) );
#948 = FACE_BOUND('',#949,.T.);
#949 = EDGE_LOOP('',(#950,#1003,#1031,#1073,#1103,#1145,#1187,#1215,
    #1257,#1287));
#950 = ORIENTED_EDGE('',*,*,#951,.F.);
#951 = EDGE_CURVE('',#952,#954,#956,.T.);
#952 = VERTEX_POINT('',#953);
#953 = CARTESIAN_POINT('',(-30.81298828125,-52.63305664062,10.));
#954 = VERTEX_POINT('',#955);
#955 = CARTESIAN_POINT('',(-27.48779296875,-50.23803710937,10.));
#956 = SURFACE_CURVE('',#957,(#968,#982),.PCURVE_S1.);
#957 = B_SPLINE_CURVE_WITH_KNOTS('',2,(#958,#959,#960,#961,#962,#963,
    #964,#965,#966,#967),.UNSPECIFIED.,.F.,.F.,(3,1,1,1,1,1,1,1,3),(0.,
    1.,2.,2.6038647343,3.207729468599,3.811594202899,4.428878153516,
    5.046162104133,5.66344605475),.UNSPECIFIED.);
#958 = CARTESIAN_POINT('',(-30.81298828125,-52.63305664062,10.));
#959 = CARTESIAN_POINT('',(-30.59326171875,-53.87084960937,10.));
#960 = CARTESIAN_POINT('',(-29.00390625,-55.13061523437,10.));
#961 = CARTESIAN_POINT('',(-26.572265625,-55.13061523437,10.));
#962 = CARTESIAN_POINT('',(-25.1220703125,-54.49340820312,10.));
#963 = CARTESIAN_POINT('',(-24.35302734375,-53.32885742187,10.));
#964 = CARTESIAN_POINT('',(-24.35302734375,-51.99584960937,10.));
#965 = CARTESIAN_POINT('',(-24.98291015625,-51.08764648437,10.));
#966 = CARTESIAN_POINT('',(-26.0888671875,-50.61157226562,10.));
#967 = CARTESIAN_POINT('',(-27.48779296875,-50.23803710937,10.));
#968 = PCURVE('',#288,#969);
#969 = DEFINITIONAL_REPRESENTATION('',(#970),#981);
#970 = B_SPLINE_CURVE_WITH_KNOTS('',2,(#971,#972,#973,#974,#975,#976,
    #977,#978,#979,#980),.UNSPECIFIED.,.F.,.F.,(3,1,1,1,1,1,1,1,3),(0.,
    1.,2.,2.6038647343,3.207729468599,3.811594202899,4.428878153516,
    5.046162104133,5.66344605475),.UNSPECIFIED.);
#971 = CARTESIAN_POINT('',(-30.81298827875,-52.63305664062));
#972 = CARTESIAN_POINT('',(-30.59326171625,-53.87084960937));
#973 = CARTESIAN_POINT('',(-29.0039062475,-55.13061523437));
#974 = CARTESIAN_POINT('',(-26.5722656225,-55.13061523437));
#975 = CARTESIAN_POINT('',(-25.12207031,-54.49340820312));
#976 = CARTESIAN_POINT('',(-24.35302734125,-53.32885742187));
#977 = CARTESIAN_POINT('',(-24.35302734125,-51.99584960937));
#978 = CARTESIAN_POINT('',(-24.98291015375,-51.08764648437));
#979 = CARTESIAN_POINT('',(-26.088867185,-50.61157226562));
#980 = CARTESIAN_POINT('',(-27.48779296625,-50.23803710937));
#981 = ( GEOMETRIC_REPRESENTATION_CONTEXT(2) 
PARAMETRIC_REPRESENTATION_CONTEXT() REPRESENTATION_CONTEXT('2D SPACE',''
  ) );
#982 = PCURVE('',#983,#997);
#983 = SURFACE_OF_LINEAR_EXTRUSION('',#984,#995);
#984 = B_SPLINE_CURVE_WITH_KNOTS('',2,(#985,#986,#987,#988,#989,#990,
    #991,#992,#993,#994),.UNSPECIFIED.,.F.,.F.,(3,1,1,1,1,1,1,1,3),(0.,
    1.,2.,2.6038647343,3.207729468599,3.811594202899,4.428878153516,
    5.046162104133,5.66344605475),.UNSPECIFIED.);
#985 = CARTESIAN_POINT('',(-30.81298828125,-52.63305664062,10.));
#986 = CARTESIAN_POINT('',(-30.59326171875,-53.87084960937,10.));
#987 = CARTESIAN_POINT('',(-29.00390625,-55.13061523437,10.));
#988 = CARTESIAN_POINT('',(-26.572265625,-55.13061523437,10.));
#989 = CARTESIAN_POINT('',(-25.1220703125,-54.49340820312,10.));
#990 = CARTESIAN_POINT('',(-24.35302734375,-53.32885742187,10.));
#991 = CARTESIAN_POINT('',(-24.35302734375,-51.99584960937,10.));
#992 = CARTESIAN_POINT('',(-24.98291015625,-51.08764648437,10.));
#993 = CARTESIAN_POINT('',(-26.0888671875,-50.61157226562,10.));
#994 = CARTESIAN_POINT('',(-27.48779296875,-50.23803710937,10.));
#995 = VECTOR('',#996,1.);
#996 = DIRECTION('',(0.,0.,1.));
#997 = DEFINITIONAL_REPRESENTATION('',(#998),#1002);
#998 = LINE('',#999,#1000);
#999 = CARTESIAN_POINT('',(0.,0.));
#1000 = VECTOR('',#1001,1.);
#1001 = DIRECTION('',(1.,0.));
#1002 = ( GEOMETRIC_REPRESENTATION_CONTEXT(2) 
PARAMETRIC_REPRESENTATION_CONTEXT() REPRESENTATION_CONTEXT('2D SPACE',''
  ) );
#1003 = ORIENTED_EDGE('',*,*,#1004,.T.);
#1004 = EDGE_CURVE('',#952,#1005,#1007,.T.);
#1005 = VERTEX_POINT('',#1006);
#1006 = CARTESIAN_POINT('',(-29.50927734375,-52.42797851562,10.));
#1007 = SURFACE_CURVE('',#1008,(#1012,#1019),.PCURVE_S1.);
#1008 = LINE('',#1009,#1010);
#1009 = CARTESIAN_POINT('',(-30.81298828125,-52.63305664062,10.));
#1010 = VECTOR('',#1011,1.);
#1011 = DIRECTION('',(0.987852796582,0.155392574743,0.));
#1012 = PCURVE('',#288,#1013);
#1013 = DEFINITIONAL_REPRESENTATION('',(#1014),#1018);
#1014 = LINE('',#1015,#1016);
#1015 = CARTESIAN_POINT('',(-30.81298827875,-52.63305664062));
#1016 = VECTOR('',#1017,1.);
#1017 = DIRECTION('',(0.987852796582,0.155392574743));
#1018 = ( GEOMETRIC_REPRESENTATION_CONTEXT(2) 
PARAMETRIC_REPRESENTATION_CONTEXT() REPRESENTATION_CONTEXT('2D SPACE',''
  ) );
#1019 = PCURVE('',#1020,#1025);
#1020 = PLANE('',#1021);
#1021 = AXIS2_PLACEMENT_3D('',#1022,#1023,#1024);
#1022 = CARTESIAN_POINT('',(-30.81298828125,-52.63305664062,10.));
#1023 = DIRECTION('',(0.155392574743,-0.987852796582,0.));
#1024 = DIRECTION('',(0.987852796582,0.155392574743,0.));
#1025 = DEFINITIONAL_REPRESENTATION('',(#1026),#1030);
#1026 = LINE('',#1027,#1028);
#1027 = CARTESIAN_POINT('',(0.,0.));
#1028 = VECTOR('',#1029,1.);
#1029 = DIRECTION('',(1.,0.));
#1030 = ( GEOMETRIC_REPRESENTATION_CONTEXT(2) 
PARAMETRIC_REPRESENTATION_CONTEXT() REPRESENTATION_CONTEXT('2D SPACE',''
  ) );
#1031 = ORIENTED_EDGE('',*,*,#1032,.F.);
#1032 = EDGE_CURVE('',#1033,#1005,#1035,.T.);
#1033 = VERTEX_POINT('',#1034);
#1034 = CARTESIAN_POINT('',(-26.09619140625,-52.10571289062,10.));
#1035 = SURFACE_CURVE('',#1036,(#1044,#1055),.PCURVE_S1.);
#1036 = B_SPLINE_CURVE_WITH_KNOTS('',2,(#1037,#1038,#1039,#1040,#1041,
    #1042,#1043),.UNSPECIFIED.,.F.,.F.,(3,1,1,1,1,3),(0.,1.,
    2.114754098361,3.229508196721,4.335272342676,5.44103648863),
  .UNSPECIFIED.);
#1037 = CARTESIAN_POINT('',(-26.09619140625,-52.10571289062,10.));
#1038 = CARTESIAN_POINT('',(-25.7080078125,-52.36206054687,10.));
#1039 = CARTESIAN_POINT('',(-25.7080078125,-53.30688476562,10.));
#1040 = CARTESIAN_POINT('',(-26.5869140625,-54.04663085937,10.));
#1041 = CARTESIAN_POINT('',(-28.39599609375,-54.04663085937,10.));
#1042 = CARTESIAN_POINT('',(-29.3994140625,-53.21166992187,10.));
#1043 = CARTESIAN_POINT('',(-29.50927734375,-52.42797851562,10.));
#1044 = PCURVE('',#288,#1045);
#1045 = DEFINITIONAL_REPRESENTATION('',(#1046),#1054);
#1046 = B_SPLINE_CURVE_WITH_KNOTS('',2,(#1047,#1048,#1049,#1050,#1051,
    #1052,#1053),.UNSPECIFIED.,.F.,.F.,(3,1,1,1,1,3),(0.,1.,
    2.114754098361,3.229508196721,4.335272342676,5.44103648863),
  .UNSPECIFIED.);
#1047 = CARTESIAN_POINT('',(-26.09619140375,-52.10571289062));
#1048 = CARTESIAN_POINT('',(-25.70800781,-52.36206054687));
#1049 = CARTESIAN_POINT('',(-25.70800781,-53.30688476562));
#1050 = CARTESIAN_POINT('',(-26.58691406,-54.04663085937));
#1051 = CARTESIAN_POINT('',(-28.39599609125,-54.04663085937));
#1052 = CARTESIAN_POINT('',(-29.39941406,-53.21166992187));
#1053 = CARTESIAN_POINT('',(-29.50927734125,-52.42797851562));
#1054 = ( GEOMETRIC_REPRESENTATION_CONTEXT(2) 
PARAMETRIC_REPRESENTATION_CONTEXT() REPRESENTATION_CONTEXT('2D SPACE',''
  ) );
#1055 = PCURVE('',#1056,#1067);
#1056 = SURFACE_OF_LINEAR_EXTRUSION('',#1057,#1065);
#1057 = B_SPLINE_CURVE_WITH_KNOTS('',2,(#1058,#1059,#1060,#1061,#1062,
    #1063,#1064),.UNSPECIFIED.,.F.,.F.,(3,1,1,1,1,3),(0.,1.,
    2.114754098361,3.229508196721,4.335272342676,5.44103648863),
  .UNSPECIFIED.);
#1058 = CARTESIAN_POINT('',(-26.09619140625,-52.10571289062,10.));
#1059 = CARTESIAN_POINT('',(-25.7080078125,-52.36206054687,10.));
#1060 = CARTESIAN_POINT('',(-25.7080078125,-53.30688476562,10.));
#1061 = CARTESIAN_POINT('',(-26.5869140625,-54.04663085937,10.));
#1062 = CARTESIAN_POINT('',(-28.39599609375,-54.04663085937,10.));
#1063 = CARTESIAN_POINT('',(-29.3994140625,-53.21166992187,10.));
#1064 = CARTESIAN_POINT('',(-29.50927734375,-52.42797851562,10.));
#1065 = VECTOR('',#1066,1.);
#1066 = DIRECTION('',(0.,0.,1.));
#1067 = DEFINITIONAL_REPRESENTATION('',(#1068),#1072);
#1068 = LINE('',#1069,#1070);
#1069 = CARTESIAN_POINT('',(0.,0.));
#1070 = VECTOR('',#1071,1.);
#1071 = DIRECTION('',(1.,0.));
#1072 = ( GEOMETRIC_REPRESENTATION_CONTEXT(2) 
PARAMETRIC_REPRESENTATION_CONTEXT() REPRESENTATION_CONTEXT('2D SPACE',''
  ) );
#1073 = ORIENTED_EDGE('',*,*,#1074,.T.);
#1074 = EDGE_CURVE('',#1033,#1075,#1077,.T.);
#1075 = VERTEX_POINT('',#1076);
#1076 = CARTESIAN_POINT('',(-27.44384765625,-51.65893554687,10.));
#1077 = SURFACE_CURVE('',#1078,(#1082,#1089),.PCURVE_S1.);
#1078 = B_SPLINE_CURVE_WITH_KNOTS('',2,(#1079,#1080,#1081),
  .UNSPECIFIED.,.F.,.F.,(3,3),(0.,1.),.PIECEWISE_BEZIER_KNOTS.);
#1079 = CARTESIAN_POINT('',(-26.09619140625,-52.10571289062,10.));
#1080 = CARTESIAN_POINT('',(-26.3671875,-51.92993164062,10.));
#1081 = CARTESIAN_POINT('',(-27.44384765625,-51.65893554687,10.));
#1082 = PCURVE('',#288,#1083);
#1083 = DEFINITIONAL_REPRESENTATION('',(#1084),#1088);
#1084 = B_SPLINE_CURVE_WITH_KNOTS('',2,(#1085,#1086,#1087),
  .UNSPECIFIED.,.F.,.F.,(3,3),(0.,1.),.PIECEWISE_BEZIER_KNOTS.);
#1085 = CARTESIAN_POINT('',(-26.09619140375,-52.10571289062));
#1086 = CARTESIAN_POINT('',(-26.3671874975,-51.92993164062));
#1087 = CARTESIAN_POINT('',(-27.44384765375,-51.65893554687));
#1088 = ( GEOMETRIC_REPRESENTATION_CONTEXT(2) 
PARAMETRIC_REPRESENTATION_CONTEXT() REPRESENTATION_CONTEXT('2D SPACE',''
  ) );
#1089 = PCURVE('',#1090,#1097);
#1090 = SURFACE_OF_LINEAR_EXTRUSION('',#1091,#1095);
#1091 = B_SPLINE_CURVE_WITH_KNOTS('',2,(#1092,#1093,#1094),
  .UNSPECIFIED.,.F.,.F.,(3,3),(0.,1.),.PIECEWISE_BEZIER_KNOTS.);
#1092 = CARTESIAN_POINT('',(-26.09619140625,-52.10571289062,10.));
#1093 = CARTESIAN_POINT('',(-26.3671875,-51.92993164062,10.));
#1094 = CARTESIAN_POINT('',(-27.44384765625,-51.65893554687,10.));
#1095 = VECTOR('',#1096,1.);
#1096 = DIRECTION('',(0.,0.,1.));
#1097 = DEFINITIONAL_REPRESENTATION('',(#1098),#1102);
#1098 = LINE('',#1099,#1100);
#1099 = CARTESIAN_POINT('',(0.,0.));
#1100 = VECTOR('',#1101,1.);
#1101 = DIRECTION('',(1.,0.));
#1102 = ( GEOMETRIC_REPRESENTATION_CONTEXT(2) 
PARAMETRIC_REPRESENTATION_CONTEXT() REPRESENTATION_CONTEXT('2D SPACE',''
  ) );
#1103 = ORIENTED_EDGE('',*,*,#1104,.F.);
#1104 = EDGE_CURVE('',#1105,#1075,#1107,.T.);
#1105 = VERTEX_POINT('',#1106);
#1106 = CARTESIAN_POINT('',(-29.70703125,-47.54272460937,10.));
#1107 = SURFACE_CURVE('',#1108,(#1116,#1127),.PCURVE_S1.);
#1108 = B_SPLINE_CURVE_WITH_KNOTS('',2,(#1109,#1110,#1111,#1112,#1113,
    #1114,#1115),.UNSPECIFIED.,.F.,.F.,(3,1,1,1,1,3),(0.,1.,2.,
    3.098591549296,4.197183098592,5.295774647887),.UNSPECIFIED.);
#1109 = CARTESIAN_POINT('',(-29.70703125,-47.54272460937,10.));
#1110 = CARTESIAN_POINT('',(-30.1171875,-47.83569335937,10.));
#1111 = CARTESIAN_POINT('',(-30.59326171875,-48.72192382812,10.));
#1112 = CARTESIAN_POINT('',(-30.59326171875,-49.81323242187,10.));
#1113 = CARTESIAN_POINT('',(-30.0146484375,-50.75805664062,10.));
#1114 = CARTESIAN_POINT('',(-28.89404296875,-51.29272460937,10.));
#1115 = CARTESIAN_POINT('',(-27.44384765625,-51.65893554687,10.));
#1116 = PCURVE('',#288,#1117);
#1117 = DEFINITIONAL_REPRESENTATION('',(#1118),#1126);
#1118 = B_SPLINE_CURVE_WITH_KNOTS('',2,(#1119,#1120,#1121,#1122,#1123,
    #1124,#1125),.UNSPECIFIED.,.F.,.F.,(3,1,1,1,1,3),(0.,1.,2.,
    3.098591549296,4.197183098592,5.295774647887),.UNSPECIFIED.);
#1119 = CARTESIAN_POINT('',(-29.7070312475,-47.54272460937));
#1120 = CARTESIAN_POINT('',(-30.1171874975,-47.83569335937));
#1121 = CARTESIAN_POINT('',(-30.59326171625,-48.72192382812));
#1122 = CARTESIAN_POINT('',(-30.59326171625,-49.81323242187));
#1123 = CARTESIAN_POINT('',(-30.014648435,-50.75805664062));
#1124 = CARTESIAN_POINT('',(-28.89404296625,-51.29272460937));
#1125 = CARTESIAN_POINT('',(-27.44384765375,-51.65893554687));
#1126 = ( GEOMETRIC_REPRESENTATION_CONTEXT(2) 
PARAMETRIC_REPRESENTATION_CONTEXT() REPRESENTATION_CONTEXT('2D SPACE',''
  ) );
#1127 = PCURVE('',#1128,#1139);
#1128 = SURFACE_OF_LINEAR_EXTRUSION('',#1129,#1137);
#1129 = B_SPLINE_CURVE_WITH_KNOTS('',2,(#1130,#1131,#1132,#1133,#1134,
    #1135,#1136),.UNSPECIFIED.,.F.,.F.,(3,1,1,1,1,3),(0.,1.,2.,
    3.098591549296,4.197183098592,5.295774647887),.UNSPECIFIED.);
#1130 = CARTESIAN_POINT('',(-29.70703125,-47.54272460937,10.));
#1131 = CARTESIAN_POINT('',(-30.1171875,-47.83569335937,10.));
#1132 = CARTESIAN_POINT('',(-30.59326171875,-48.72192382812,10.));
#1133 = CARTESIAN_POINT('',(-30.59326171875,-49.81323242187,10.));
#1134 = CARTESIAN_POINT('',(-30.0146484375,-50.75805664062,10.));
#1135 = CARTESIAN_POINT('',(-28.89404296875,-51.29272460937,10.));
#1136 = CARTESIAN_POINT('',(-27.44384765625,-51.65893554687,10.));
#1137 = VECTOR('',#1138,1.);
#1138 = DIRECTION('',(0.,0.,1.));
#1139 = DEFINITIONAL_REPRESENTATION('',(#1140),#1144);
#1140 = LINE('',#1141,#1142);
#1141 = CARTESIAN_POINT('',(0.,0.));
#1142 = VECTOR('',#1143,1.);
#1143 = DIRECTION('',(1.,0.));
#1144 = ( GEOMETRIC_REPRESENTATION_CONTEXT(2) 
PARAMETRIC_REPRESENTATION_CONTEXT() REPRESENTATION_CONTEXT('2D SPACE',''
  ) );
#1145 = ORIENTED_EDGE('',*,*,#1146,.F.);
#1146 = EDGE_CURVE('',#1147,#1105,#1149,.T.);
#1147 = VERTEX_POINT('',#1148);
#1148 = CARTESIAN_POINT('',(-24.64599609375,-49.18334960937,10.));
#1149 = SURFACE_CURVE('',#1150,(#1158,#1169),.PCURVE_S1.);
#1150 = B_SPLINE_CURVE_WITH_KNOTS('',2,(#1151,#1152,#1153,#1154,#1155,
    #1156,#1157),.UNSPECIFIED.,.F.,.F.,(3,1,1,1,1,3),(0.,1.,2.,3.,3.664,
    4.328),.UNSPECIFIED.);
#1151 = CARTESIAN_POINT('',(-24.64599609375,-49.18334960937,10.));
#1152 = CARTESIAN_POINT('',(-24.7705078125,-48.42895507812,10.));
#1153 = CARTESIAN_POINT('',(-25.4296875,-47.52807617187,10.));
#1154 = CARTESIAN_POINT('',(-26.81396484375,-47.00073242187,10.));
#1155 = CARTESIAN_POINT('',(-28.33740234375,-47.00073242187,10.));
#1156 = CARTESIAN_POINT('',(-29.3994140625,-47.31567382812,10.));
#1157 = CARTESIAN_POINT('',(-29.70703125,-47.54272460937,10.));
#1158 = PCURVE('',#288,#1159);
#1159 = DEFINITIONAL_REPRESENTATION('',(#1160),#1168);
#1160 = B_SPLINE_CURVE_WITH_KNOTS('',2,(#1161,#1162,#1163,#1164,#1165,
    #1166,#1167),.UNSPECIFIED.,.F.,.F.,(3,1,1,1,1,3),(0.,1.,2.,3.,3.664,
    4.328),.UNSPECIFIED.);
#1161 = CARTESIAN_POINT('',(-24.64599609125,-49.18334960937));
#1162 = CARTESIAN_POINT('',(-24.77050781,-48.42895507812));
#1163 = CARTESIAN_POINT('',(-25.4296874975,-47.52807617187));
#1164 = CARTESIAN_POINT('',(-26.81396484125,-47.00073242187));
#1165 = CARTESIAN_POINT('',(-28.33740234125,-47.00073242187));
#1166 = CARTESIAN_POINT('',(-29.39941406,-47.31567382812));
#1167 = CARTESIAN_POINT('',(-29.7070312475,-47.54272460937));
#1168 = ( GEOMETRIC_REPRESENTATION_CONTEXT(2) 
PARAMETRIC_REPRESENTATION_CONTEXT() REPRESENTATION_CONTEXT('2D SPACE',''
  ) );
#1169 = PCURVE('',#1170,#1181);
#1170 = SURFACE_OF_LINEAR_EXTRUSION('',#1171,#1179);
#1171 = B_SPLINE_CURVE_WITH_KNOTS('',2,(#1172,#1173,#1174,#1175,#1176,
    #1177,#1178),.UNSPECIFIED.,.F.,.F.,(3,1,1,1,1,3),(0.,1.,2.,3.,3.664,
    4.328),.UNSPECIFIED.);
#1172 = CARTESIAN_POINT('',(-24.64599609375,-49.18334960937,10.));
#1173 = CARTESIAN_POINT('',(-24.7705078125,-48.42895507812,10.));
#1174 = CARTESIAN_POINT('',(-25.4296875,-47.52807617187,10.));
#1175 = CARTESIAN_POINT('',(-26.81396484375,-47.00073242187,10.));
#1176 = CARTESIAN_POINT('',(-28.33740234375,-47.00073242187,10.));
#1177 = CARTESIAN_POINT('',(-29.3994140625,-47.31567382812,10.));
#1178 = CARTESIAN_POINT('',(-29.70703125,-47.54272460937,10.));
#1179 = VECTOR('',#1180,1.);
#1180 = DIRECTION('',(0.,0.,1.));
#1181 = DEFINITIONAL_REPRESENTATION('',(#1182),#1186);
#1182 = LINE('',#1183,#1184);
#1183 = CARTESIAN_POINT('',(0.,0.));
#1184 = VECTOR('',#1185,1.);
#1185 = DIRECTION('',(1.,0.));
#1186 = ( GEOMETRIC_REPRESENTATION_CONTEXT(2) 
PARAMETRIC_REPRESENTATION_CONTEXT() REPRESENTATION_CONTEXT('2D SPACE',''
  ) );
#1187 = ORIENTED_EDGE('',*,*,#1188,.T.);
#1188 = EDGE_CURVE('',#1147,#1189,#1191,.T.);
#1189 = VERTEX_POINT('',#1190);
#1190 = CARTESIAN_POINT('',(-25.93505859375,-49.35913085937,10.));
#1191 = SURFACE_CURVE('',#1192,(#1196,#1203),.PCURVE_S1.);
#1192 = LINE('',#1193,#1194);
#1193 = CARTESIAN_POINT('',(-24.64599609375,-49.18334960937,10.));
#1194 = VECTOR('',#1195,1.);
#1195 = DIRECTION('',(-0.990830168044,-0.135113204733,0.));
#1196 = PCURVE('',#288,#1197);
#1197 = DEFINITIONAL_REPRESENTATION('',(#1198),#1202);
#1198 = LINE('',#1199,#1200);
#1199 = CARTESIAN_POINT('',(-24.64599609125,-49.18334960937));
#1200 = VECTOR('',#1201,1.);
#1201 = DIRECTION('',(-0.990830168044,-0.135113204733));
#1202 = ( GEOMETRIC_REPRESENTATION_CONTEXT(2) 
PARAMETRIC_REPRESENTATION_CONTEXT() REPRESENTATION_CONTEXT('2D SPACE',''
  ) );
#1203 = PCURVE('',#1204,#1209);
#1204 = PLANE('',#1205);
#1205 = AXIS2_PLACEMENT_3D('',#1206,#1207,#1208);
#1206 = CARTESIAN_POINT('',(-24.64599609375,-49.18334960937,10.));
#1207 = DIRECTION('',(-0.135113204733,0.990830168044,0.));
#1208 = DIRECTION('',(-0.990830168044,-0.135113204733,0.));
#1209 = DEFINITIONAL_REPRESENTATION('',(#1210),#1214);
#1210 = LINE('',#1211,#1212);
#1211 = CARTESIAN_POINT('',(0.,0.));
#1212 = VECTOR('',#1213,1.);
#1213 = DIRECTION('',(1.,0.));
#1214 = ( GEOMETRIC_REPRESENTATION_CONTEXT(2) 
PARAMETRIC_REPRESENTATION_CONTEXT() REPRESENTATION_CONTEXT('2D SPACE',''
  ) );
#1215 = ORIENTED_EDGE('',*,*,#1216,.F.);
#1216 = EDGE_CURVE('',#1217,#1189,#1219,.T.);
#1217 = VERTEX_POINT('',#1218);
#1218 = CARTESIAN_POINT('',(-29.15771484375,-49.54956054687,10.));
#1219 = SURFACE_CURVE('',#1220,(#1228,#1239),.PCURVE_S1.);
#1220 = B_SPLINE_CURVE_WITH_KNOTS('',2,(#1221,#1222,#1223,#1224,#1225,
    #1226,#1227),.UNSPECIFIED.,.F.,.F.,(3,1,1,1,1,3),(0.,1.,
    2.571428571429,4.142857142857,5.473502304147,6.804147465438),
  .UNSPECIFIED.);
#1221 = CARTESIAN_POINT('',(-29.15771484375,-49.54956054687,10.));
#1222 = CARTESIAN_POINT('',(-29.31884765625,-49.34448242187,10.));
#1223 = CARTESIAN_POINT('',(-29.31884765625,-48.68530273437,10.));
#1224 = CARTESIAN_POINT('',(-28.54248046875,-48.08471679687,10.));
#1225 = CARTESIAN_POINT('',(-26.865234375,-48.08471679687,10.));
#1226 = CARTESIAN_POINT('',(-26.02294921875,-48.75854492187,10.));
#1227 = CARTESIAN_POINT('',(-25.93505859375,-49.35913085937,10.));
#1228 = PCURVE('',#288,#1229);
#1229 = DEFINITIONAL_REPRESENTATION('',(#1230),#1238);
#1230 = B_SPLINE_CURVE_WITH_KNOTS('',2,(#1231,#1232,#1233,#1234,#1235,
    #1236,#1237),.UNSPECIFIED.,.F.,.F.,(3,1,1,1,1,3),(0.,1.,
    2.571428571429,4.142857142857,5.473502304147,6.804147465438),
  .UNSPECIFIED.);
#1231 = CARTESIAN_POINT('',(-29.15771484125,-49.54956054687));
#1232 = CARTESIAN_POINT('',(-29.31884765375,-49.34448242187));
#1233 = CARTESIAN_POINT('',(-29.31884765375,-48.68530273437));
#1234 = CARTESIAN_POINT('',(-28.54248046625,-48.08471679687));
#1235 = CARTESIAN_POINT('',(-26.8652343725,-48.08471679687));
#1236 = CARTESIAN_POINT('',(-26.02294921625,-48.75854492187));
#1237 = CARTESIAN_POINT('',(-25.93505859125,-49.35913085937));
#1238 = ( GEOMETRIC_REPRESENTATION_CONTEXT(2) 
PARAMETRIC_REPRESENTATION_CONTEXT() REPRESENTATION_CONTEXT('2D SPACE',''
  ) );
#1239 = PCURVE('',#1240,#1251);
#1240 = SURFACE_OF_LINEAR_EXTRUSION('',#1241,#1249);
#1241 = B_SPLINE_CURVE_WITH_KNOTS('',2,(#1242,#1243,#1244,#1245,#1246,
    #1247,#1248),.UNSPECIFIED.,.F.,.F.,(3,1,1,1,1,3),(0.,1.,
    2.571428571429,4.142857142857,5.473502304147,6.804147465438),
  .UNSPECIFIED.);
#1242 = CARTESIAN_POINT('',(-29.15771484375,-49.54956054687,10.));
#1243 = CARTESIAN_POINT('',(-29.31884765625,-49.34448242187,10.));
#1244 = CARTESIAN_POINT('',(-29.31884765625,-48.68530273437,10.));
#1245 = CARTESIAN_POINT('',(-28.54248046875,-48.08471679687,10.));
#1246 = CARTESIAN_POINT('',(-26.865234375,-48.08471679687,10.));
#1247 = CARTESIAN_POINT('',(-26.02294921875,-48.75854492187,10.));
#1248 = CARTESIAN_POINT('',(-25.93505859375,-49.35913085937,10.));
#1249 = VECTOR('',#1250,1.);
#1250 = DIRECTION('',(0.,0.,1.));
#1251 = DEFINITIONAL_REPRESENTATION('',(#1252),#1256);
#1252 = LINE('',#1253,#1254);
#1253 = CARTESIAN_POINT('',(0.,0.));
#1254 = VECTOR('',#1255,1.);
#1255 = DIRECTION('',(1.,0.));
#1256 = ( GEOMETRIC_REPRESENTATION_CONTEXT(2) 
PARAMETRIC_REPRESENTATION_CONTEXT() REPRESENTATION_CONTEXT('2D SPACE',''
  ) );
#1257 = ORIENTED_EDGE('',*,*,#1258,.T.);
#1258 = EDGE_CURVE('',#1217,#1259,#1261,.T.);
#1259 = VERTEX_POINT('',#1260);
#1260 = CARTESIAN_POINT('',(-28.65234375,-49.90112304687,10.));
#1261 = SURFACE_CURVE('',#1262,(#1266,#1273),.PCURVE_S1.);
#1262 = B_SPLINE_CURVE_WITH_KNOTS('',2,(#1263,#1264,#1265),
  .UNSPECIFIED.,.F.,.F.,(3,3),(0.,1.),.PIECEWISE_BEZIER_KNOTS.);
#1263 = CARTESIAN_POINT('',(-29.15771484375,-49.54956054687,10.));
#1264 = CARTESIAN_POINT('',(-28.99658203125,-49.76196289062,10.));
#1265 = CARTESIAN_POINT('',(-28.65234375,-49.90112304687,10.));
#1266 = PCURVE('',#288,#1267);
#1267 = DEFINITIONAL_REPRESENTATION('',(#1268),#1272);
#1268 = B_SPLINE_CURVE_WITH_KNOTS('',2,(#1269,#1270,#1271),
  .UNSPECIFIED.,.F.,.F.,(3,3),(0.,1.),.PIECEWISE_BEZIER_KNOTS.);
#1269 = CARTESIAN_POINT('',(-29.15771484125,-49.54956054687));
#1270 = CARTESIAN_POINT('',(-28.99658202875,-49.76196289062));
#1271 = CARTESIAN_POINT('',(-28.6523437475,-49.90112304687));
#1272 = ( GEOMETRIC_REPRESENTATION_CONTEXT(2) 
PARAMETRIC_REPRESENTATION_CONTEXT() REPRESENTATION_CONTEXT('2D SPACE',''
  ) );
#1273 = PCURVE('',#1274,#1281);
#1274 = SURFACE_OF_LINEAR_EXTRUSION('',#1275,#1279);
#1275 = B_SPLINE_CURVE_WITH_KNOTS('',2,(#1276,#1277,#1278),
  .UNSPECIFIED.,.F.,.F.,(3,3),(0.,1.),.PIECEWISE_BEZIER_KNOTS.);
#1276 = CARTESIAN_POINT('',(-29.15771484375,-49.54956054687,10.));
#1277 = CARTESIAN_POINT('',(-28.99658203125,-49.76196289062,10.));
#1278 = CARTESIAN_POINT('',(-28.65234375,-49.90112304687,10.));
#1279 = VECTOR('',#1280,1.);
#1280 = DIRECTION('',(0.,0.,1.));
#1281 = DEFINITIONAL_REPRESENTATION('',(#1282),#1286);
#1282 = LINE('',#1283,#1284);
#1283 = CARTESIAN_POINT('',(0.,0.));
#1284 = VECTOR('',#1285,1.);
#1285 = DIRECTION('',(1.,0.));
#1286 = ( GEOMETRIC_REPRESENTATION_CONTEXT(2) 
PARAMETRIC_REPRESENTATION_CONTEXT() REPRESENTATION_CONTEXT('2D SPACE',''
  ) );
#1287 = ORIENTED_EDGE('',*,*,#1288,.T.);
#1288 = EDGE_CURVE('',#1259,#954,#1289,.T.);
#1289 = SURFACE_CURVE('',#1290,(#1294,#1301),.PCURVE_S1.);
#1290 = B_SPLINE_CURVE_WITH_KNOTS('',2,(#1291,#1292,#1293),
  .UNSPECIFIED.,.F.,.F.,(3,3),(0.,1.),.PIECEWISE_BEZIER_KNOTS.);
#1291 = CARTESIAN_POINT('',(-28.65234375,-49.90112304687,10.));
#1292 = CARTESIAN_POINT('',(-28.45458984375,-49.97436523437,10.));
#1293 = CARTESIAN_POINT('',(-27.48779296875,-50.23803710937,10.));
#1294 = PCURVE('',#288,#1295);
#1295 = DEFINITIONAL_REPRESENTATION('',(#1296),#1300);
#1296 = B_SPLINE_CURVE_WITH_KNOTS('',2,(#1297,#1298,#1299),
  .UNSPECIFIED.,.F.,.F.,(3,3),(0.,1.),.PIECEWISE_BEZIER_KNOTS.);
#1297 = CARTESIAN_POINT('',(-28.6523437475,-49.90112304687));
#1298 = CARTESIAN_POINT('',(-28.45458984125,-49.97436523437));
#1299 = CARTESIAN_POINT('',(-27.48779296625,-50.23803710937));
#1300 = ( GEOMETRIC_REPRESENTATION_CONTEXT(2) 
PARAMETRIC_REPRESENTATION_CONTEXT() REPRESENTATION_CONTEXT('2D SPACE',''
  ) );
#1301 = PCURVE('',#1302,#1309);
#1302 = SURFACE_OF_LINEAR_EXTRUSION('',#1303,#1307);
#1303 = B_SPLINE_CURVE_WITH_KNOTS('',2,(#1304,#1305,#1306),
  .UNSPECIFIED.,.F.,.F.,(3,3),(0.,1.),.PIECEWISE_BEZIER_KNOTS.);
#1304 = CARTESIAN_POINT('',(-28.65234375,-49.90112304687,10.));
#1305 = CARTESIAN_POINT('',(-28.45458984375,-49.97436523437,10.));
#1306 = CARTESIAN_POINT('',(-27.48779296875,-50.23803710937,10.));
#1307 = VECTOR('',#1308,1.);
#1308 = DIRECTION('',(0.,0.,1.));
#1309 = DEFINITIONAL_REPRESENTATION('',(#1310),#1314);
#1310 = LINE('',#1311,#1312);
#1311 = CARTESIAN_POINT('',(0.,0.));
#1312 = VECTOR('',#1313,1.);
#1313 = DIRECTION('',(1.,0.));
#1314 = ( GEOMETRIC_REPRESENTATION_CONTEXT(2) 
PARAMETRIC_REPRESENTATION_CONTEXT() REPRESENTATION_CONTEXT('2D SPACE',''
  ) );
#1315 = FACE_BOUND('',#1316,.T.);
#1316 = EDGE_LOOP('',(#1317,#1367,#1397,#1427,#1460,#1496,#1524,#1569,
    #1599,#1627,#1660,#1688));
#1317 = ORIENTED_EDGE('',*,*,#1318,.F.);
#1318 = EDGE_CURVE('',#1319,#1321,#1323,.T.);
#1319 = VERTEX_POINT('',#1320);
#1320 = CARTESIAN_POINT('',(-13.00048828125,-50.67016601562,10.));
#1321 = VERTEX_POINT('',#1322);
#1322 = CARTESIAN_POINT('',(-9.36767578125,-53.99536132812,10.));
#1323 = SURFACE_CURVE('',#1324,(#1334,#1347),.PCURVE_S1.);
#1324 = B_SPLINE_CURVE_WITH_KNOTS('',2,(#1325,#1326,#1327,#1328,#1329,
    #1330,#1331,#1332,#1333),.UNSPECIFIED.,.F.,.F.,(3,1,1,1,1,1,1,3),(0.
    ,1.,2.,3.,4.705128205128,6.410256410256,7.443076923077,
    8.475897435897),.UNSPECIFIED.);
#1325 = CARTESIAN_POINT('',(-13.00048828125,-50.67016601562,10.));
#1326 = CARTESIAN_POINT('',(-13.52783203125,-50.81665039062,10.));
#1327 = CARTESIAN_POINT('',(-14.3701171875,-51.38793945312,10.));
#1328 = CARTESIAN_POINT('',(-14.89013671875,-52.33276367187,10.));
#1329 = CARTESIAN_POINT('',(-14.89013671875,-53.87817382812,10.));
#1330 = CARTESIAN_POINT('',(-13.51318359375,-55.13061523437,10.));
#1331 = CARTESIAN_POINT('',(-11.455078125,-55.13061523437,10.));
#1332 = CARTESIAN_POINT('',(-10.10009765625,-54.61791992187,10.));
#1333 = CARTESIAN_POINT('',(-9.36767578125,-53.99536132812,10.));
#1334 = PCURVE('',#288,#1335);
#1335 = DEFINITIONAL_REPRESENTATION('',(#1336),#1346);
#1336 = B_SPLINE_CURVE_WITH_KNOTS('',2,(#1337,#1338,#1339,#1340,#1341,
    #1342,#1343,#1344,#1345),.UNSPECIFIED.,.F.,.F.,(3,1,1,1,1,1,1,3),(0.
    ,1.,2.,3.,4.705128205128,6.410256410256,7.443076923077,
    8.475897435897),.UNSPECIFIED.);
#1337 = CARTESIAN_POINT('',(-13.00048827875,-50.67016601562));
#1338 = CARTESIAN_POINT('',(-13.52783202875,-50.81665039062));
#1339 = CARTESIAN_POINT('',(-14.370117185,-51.38793945312));
#1340 = CARTESIAN_POINT('',(-14.89013671625,-52.33276367187));
#1341 = CARTESIAN_POINT('',(-14.89013671625,-53.87817382812));
#1342 = CARTESIAN_POINT('',(-13.51318359125,-55.13061523437));
#1343 = CARTESIAN_POINT('',(-11.4550781225,-55.13061523437));
#1344 = CARTESIAN_POINT('',(-10.10009765375,-54.61791992187));
#1345 = CARTESIAN_POINT('',(-9.367675778759,-53.99536132812));
#1346 = ( GEOMETRIC_REPRESENTATION_CONTEXT(2) 
PARAMETRIC_REPRESENTATION_CONTEXT() REPRESENTATION_CONTEXT('2D SPACE',''
  ) );
#1347 = PCURVE('',#1348,#1361);
#1348 = SURFACE_OF_LINEAR_EXTRUSION('',#1349,#1359);
#1349 = B_SPLINE_CURVE_WITH_KNOTS('',2,(#1350,#1351,#1352,#1353,#1354,
    #1355,#1356,#1357,#1358),.UNSPECIFIED.,.F.,.F.,(3,1,1,1,1,1,1,3),(0.
    ,1.,2.,3.,4.705128205128,6.410256410256,7.443076923077,
    8.475897435897),.UNSPECIFIED.);
#1350 = CARTESIAN_POINT('',(-13.00048828125,-50.67016601562,10.));
#1351 = CARTESIAN_POINT('',(-13.52783203125,-50.81665039062,10.));
#1352 = CARTESIAN_POINT('',(-14.3701171875,-51.38793945312,10.));
#1353 = CARTESIAN_POINT('',(-14.89013671875,-52.33276367187,10.));
#1354 = CARTESIAN_POINT('',(-14.89013671875,-53.87817382812,10.));
#1355 = CARTESIAN_POINT('',(-13.51318359375,-55.13061523437,10.));
#1356 = CARTESIAN_POINT('',(-11.455078125,-55.13061523437,10.));
#1357 = CARTESIAN_POINT('',(-10.10009765625,-54.61791992187,10.));
#1358 = CARTESIAN_POINT('',(-9.36767578125,-53.99536132812,10.));
#1359 = VECTOR('',#1360,1.);
#1360 = DIRECTION('',(0.,0.,1.));
#1361 = DEFINITIONAL_REPRESENTATION('',(#1362),#1366);
#1362 = LINE('',#1363,#1364);
#1363 = CARTESIAN_POINT('',(0.,0.));
#1364 = VECTOR('',#1365,1.);
#1365 = DIRECTION('',(1.,0.));
#1366 = ( GEOMETRIC_REPRESENTATION_CONTEXT(2) 
PARAMETRIC_REPRESENTATION_CONTEXT() REPRESENTATION_CONTEXT('2D SPACE',''
  ) );
#1367 = ORIENTED_EDGE('',*,*,#1368,.T.);
#1368 = EDGE_CURVE('',#1319,#1369,#1371,.T.);
#1369 = VERTEX_POINT('',#1370);
#1370 = CARTESIAN_POINT('',(-11.82861328125,-50.47241210937,10.));
#1371 = SURFACE_CURVE('',#1372,(#1376,#1383),.PCURVE_S1.);
#1372 = B_SPLINE_CURVE_WITH_KNOTS('',2,(#1373,#1374,#1375),
  .UNSPECIFIED.,.F.,.F.,(3,3),(0.,1.),.PIECEWISE_BEZIER_KNOTS.);
#1373 = CARTESIAN_POINT('',(-13.00048828125,-50.67016601562,10.));
#1374 = CARTESIAN_POINT('',(-12.6123046875,-50.56762695312,10.));
#1375 = CARTESIAN_POINT('',(-11.82861328125,-50.47241210937,10.));
#1376 = PCURVE('',#288,#1377);
#1377 = DEFINITIONAL_REPRESENTATION('',(#1378),#1382);
#1378 = B_SPLINE_CURVE_WITH_KNOTS('',2,(#1379,#1380,#1381),
  .UNSPECIFIED.,.F.,.F.,(3,3),(0.,1.),.PIECEWISE_BEZIER_KNOTS.);
#1379 = CARTESIAN_POINT('',(-13.00048827875,-50.67016601562));
#1380 = CARTESIAN_POINT('',(-12.612304685,-50.56762695312));
#1381 = CARTESIAN_POINT('',(-11.82861327875,-50.47241210937));
#1382 = ( GEOMETRIC_REPRESENTATION_CONTEXT(2) 
PARAMETRIC_REPRESENTATION_CONTEXT() REPRESENTATION_CONTEXT('2D SPACE',''
  ) );
#1383 = PCURVE('',#1384,#1391);
#1384 = SURFACE_OF_LINEAR_EXTRUSION('',#1385,#1389);
#1385 = B_SPLINE_CURVE_WITH_KNOTS('',2,(#1386,#1387,#1388),
  .UNSPECIFIED.,.F.,.F.,(3,3),(0.,1.),.PIECEWISE_BEZIER_KNOTS.);
#1386 = CARTESIAN_POINT('',(-13.00048828125,-50.67016601562,10.));
#1387 = CARTESIAN_POINT('',(-12.6123046875,-50.56762695312,10.));
#1388 = CARTESIAN_POINT('',(-11.82861328125,-50.47241210937,10.));
#1389 = VECTOR('',#1390,1.);
#1390 = DIRECTION('',(0.,0.,1.));
#1391 = DEFINITIONAL_REPRESENTATION('',(#1392),#1396);
#1392 = LINE('',#1393,#1394);
#1393 = CARTESIAN_POINT('',(0.,0.));
#1394 = VECTOR('',#1395,1.);
#1395 = DIRECTION('',(1.,0.));
#1396 = ( GEOMETRIC_REPRESENTATION_CONTEXT(2) 
PARAMETRIC_REPRESENTATION_CONTEXT() REPRESENTATION_CONTEXT('2D SPACE',''
  ) );
#1397 = ORIENTED_EDGE('',*,*,#1398,.T.);
#1398 = EDGE_CURVE('',#1369,#1399,#1401,.T.);
#1399 = VERTEX_POINT('',#1400);
#1400 = CARTESIAN_POINT('',(-9.4775390625,-50.01831054687,10.));
#1401 = SURFACE_CURVE('',#1402,(#1406,#1413),.PCURVE_S1.);
#1402 = B_SPLINE_CURVE_WITH_KNOTS('',2,(#1403,#1404,#1405),
  .UNSPECIFIED.,.F.,.F.,(3,3),(0.,1.),.PIECEWISE_BEZIER_KNOTS.);
#1403 = CARTESIAN_POINT('',(-11.82861328125,-50.47241210937,10.));
#1404 = CARTESIAN_POINT('',(-10.23193359375,-50.28198242187,10.));
#1405 = CARTESIAN_POINT('',(-9.4775390625,-50.01831054687,10.));
#1406 = PCURVE('',#288,#1407);
#1407 = DEFINITIONAL_REPRESENTATION('',(#1408),#1412);
#1408 = B_SPLINE_CURVE_WITH_KNOTS('',2,(#1409,#1410,#1411),
  .UNSPECIFIED.,.F.,.F.,(3,3),(0.,1.),.PIECEWISE_BEZIER_KNOTS.);
#1409 = CARTESIAN_POINT('',(-11.82861327875,-50.47241210937));
#1410 = CARTESIAN_POINT('',(-10.23193359125,-50.28198242187));
#1411 = CARTESIAN_POINT('',(-9.477539060009,-50.01831054687));
#1412 = ( GEOMETRIC_REPRESENTATION_CONTEXT(2) 
PARAMETRIC_REPRESENTATION_CONTEXT() REPRESENTATION_CONTEXT('2D SPACE',''
  ) );
#1413 = PCURVE('',#1414,#1421);
#1414 = SURFACE_OF_LINEAR_EXTRUSION('',#1415,#1419);
#1415 = B_SPLINE_CURVE_WITH_KNOTS('',2,(#1416,#1417,#1418),
  .UNSPECIFIED.,.F.,.F.,(3,3),(0.,1.),.PIECEWISE_BEZIER_KNOTS.);
#1416 = CARTESIAN_POINT('',(-11.82861328125,-50.47241210937,10.));
#1417 = CARTESIAN_POINT('',(-10.23193359375,-50.28198242187,10.));
#1418 = CARTESIAN_POINT('',(-9.4775390625,-50.01831054687,10.));
#1419 = VECTOR('',#1420,1.);
#1420 = DIRECTION('',(0.,0.,1.));
#1421 = DEFINITIONAL_REPRESENTATION('',(#1422),#1426);
#1422 = LINE('',#1423,#1424);
#1423 = CARTESIAN_POINT('',(0.,0.));
#1424 = VECTOR('',#1425,1.);
#1425 = DIRECTION('',(1.,0.));
#1426 = ( GEOMETRIC_REPRESENTATION_CONTEXT(2) 
PARAMETRIC_REPRESENTATION_CONTEXT() REPRESENTATION_CONTEXT('2D SPACE',''
  ) );
#1427 = ORIENTED_EDGE('',*,*,#1428,.F.);
#1428 = EDGE_CURVE('',#1429,#1399,#1431,.T.);
#1429 = VERTEX_POINT('',#1430);
#1430 = CARTESIAN_POINT('',(-9.84375,-48.53881835937,10.));
#1431 = SURFACE_CURVE('',#1432,(#1437,#1445),.PCURVE_S1.);
#1432 = B_SPLINE_CURVE_WITH_KNOTS('',2,(#1433,#1434,#1435,#1436),
  .UNSPECIFIED.,.F.,.F.,(3,1,3),(0.,1.,1.090909090909),.UNSPECIFIED.);
#1433 = CARTESIAN_POINT('',(-9.84375,-48.53881835937,10.));
#1434 = CARTESIAN_POINT('',(-9.47021484375,-48.86840820312,10.));
#1435 = CARTESIAN_POINT('',(-9.47021484375,-49.74731445312,10.));
#1436 = CARTESIAN_POINT('',(-9.4775390625,-50.01831054687,10.));
#1437 = PCURVE('',#288,#1438);
#1438 = DEFINITIONAL_REPRESENTATION('',(#1439),#1444);
#1439 = B_SPLINE_CURVE_WITH_KNOTS('',2,(#1440,#1441,#1442,#1443),
  .UNSPECIFIED.,.F.,.F.,(3,1,3),(0.,1.,1.090909090909),.UNSPECIFIED.);
#1440 = CARTESIAN_POINT('',(-9.843749997509,-48.53881835937));
#1441 = CARTESIAN_POINT('',(-9.470214841259,-48.86840820312));
#1442 = CARTESIAN_POINT('',(-9.470214841259,-49.74731445312));
#1443 = CARTESIAN_POINT('',(-9.477539060009,-50.01831054687));
#1444 = ( GEOMETRIC_REPRESENTATION_CONTEXT(2) 
PARAMETRIC_REPRESENTATION_CONTEXT() REPRESENTATION_CONTEXT('2D SPACE',''
  ) );
#1445 = PCURVE('',#1446,#1454);
#1446 = SURFACE_OF_LINEAR_EXTRUSION('',#1447,#1452);
#1447 = B_SPLINE_CURVE_WITH_KNOTS('',2,(#1448,#1449,#1450,#1451),
  .UNSPECIFIED.,.F.,.F.,(3,1,3),(0.,1.,1.090909090909),.UNSPECIFIED.);
#1448 = CARTESIAN_POINT('',(-9.84375,-48.53881835937,10.));
#1449 = CARTESIAN_POINT('',(-9.47021484375,-48.86840820312,10.));
#1450 = CARTESIAN_POINT('',(-9.47021484375,-49.74731445312,10.));
#1451 = CARTESIAN_POINT('',(-9.4775390625,-50.01831054687,10.));
#1452 = VECTOR('',#1453,1.);
#1453 = DIRECTION('',(0.,0.,1.));
#1454 = DEFINITIONAL_REPRESENTATION('',(#1455),#1459);
#1455 = LINE('',#1456,#1457);
#1456 = CARTESIAN_POINT('',(0.,0.));
#1457 = VECTOR('',#1458,1.);
#1458 = DIRECTION('',(1.,0.));
#1459 = ( GEOMETRIC_REPRESENTATION_CONTEXT(2) 
PARAMETRIC_REPRESENTATION_CONTEXT() REPRESENTATION_CONTEXT('2D SPACE',''
  ) );
#1460 = ORIENTED_EDGE('',*,*,#1461,.F.);
#1461 = EDGE_CURVE('',#1462,#1429,#1464,.T.);
#1462 = VERTEX_POINT('',#1463);
#1463 = CARTESIAN_POINT('',(-13.3740234375,-49.57153320312,10.));
#1464 = SURFACE_CURVE('',#1465,(#1471,#1480),.PCURVE_S1.);
#1465 = B_SPLINE_CURVE_WITH_KNOTS('',2,(#1466,#1467,#1468,#1469,#1470),
  .UNSPECIFIED.,.F.,.F.,(3,1,1,3),(0.,1.,2.,3.070866141732),
  .UNSPECIFIED.);
#1466 = CARTESIAN_POINT('',(-13.3740234375,-49.57153320312,10.));
#1467 = CARTESIAN_POINT('',(-13.16162109375,-48.74389648437,10.));
#1468 = CARTESIAN_POINT('',(-12.275390625,-48.09204101562,10.));
#1469 = CARTESIAN_POINT('',(-10.34912109375,-48.09204101562,10.));
#1470 = CARTESIAN_POINT('',(-9.84375,-48.53881835937,10.));
#1471 = PCURVE('',#288,#1472);
#1472 = DEFINITIONAL_REPRESENTATION('',(#1473),#1479);
#1473 = B_SPLINE_CURVE_WITH_KNOTS('',2,(#1474,#1475,#1476,#1477,#1478),
  .UNSPECIFIED.,.F.,.F.,(3,1,1,3),(0.,1.,2.,3.070866141732),
  .UNSPECIFIED.);
#1474 = CARTESIAN_POINT('',(-13.374023435,-49.57153320312));
#1475 = CARTESIAN_POINT('',(-13.16162109125,-48.74389648437));
#1476 = CARTESIAN_POINT('',(-12.2753906225,-48.09204101562));
#1477 = CARTESIAN_POINT('',(-10.34912109125,-48.09204101562));
#1478 = CARTESIAN_POINT('',(-9.843749997509,-48.53881835937));
#1479 = ( GEOMETRIC_REPRESENTATION_CONTEXT(2) 
PARAMETRIC_REPRESENTATION_CONTEXT() REPRESENTATION_CONTEXT('2D SPACE',''
  ) );
#1480 = PCURVE('',#1481,#1490);
#1481 = SURFACE_OF_LINEAR_EXTRUSION('',#1482,#1488);
#1482 = B_SPLINE_CURVE_WITH_KNOTS('',2,(#1483,#1484,#1485,#1486,#1487),
  .UNSPECIFIED.,.F.,.F.,(3,1,1,3),(0.,1.,2.,3.070866141732),
  .UNSPECIFIED.);
#1483 = CARTESIAN_POINT('',(-13.3740234375,-49.57153320312,10.));
#1484 = CARTESIAN_POINT('',(-13.16162109375,-48.74389648437,10.));
#1485 = CARTESIAN_POINT('',(-12.275390625,-48.09204101562,10.));
#1486 = CARTESIAN_POINT('',(-10.34912109375,-48.09204101562,10.));
#1487 = CARTESIAN_POINT('',(-9.84375,-48.53881835937,10.));
#1488 = VECTOR('',#1489,1.);
#1489 = DIRECTION('',(0.,0.,1.));
#1490 = DEFINITIONAL_REPRESENTATION('',(#1491),#1495);
#1491 = LINE('',#1492,#1493);
#1492 = CARTESIAN_POINT('',(0.,0.));
#1493 = VECTOR('',#1494,1.);
#1494 = DIRECTION('',(1.,0.));
#1495 = ( GEOMETRIC_REPRESENTATION_CONTEXT(2) 
PARAMETRIC_REPRESENTATION_CONTEXT() REPRESENTATION_CONTEXT('2D SPACE',''
  ) );
#1496 = ORIENTED_EDGE('',*,*,#1497,.T.);
#1497 = EDGE_CURVE('',#1462,#1498,#1500,.T.);
#1498 = VERTEX_POINT('',#1499);
#1499 = CARTESIAN_POINT('',(-14.6630859375,-49.39575195312,10.));
#1500 = SURFACE_CURVE('',#1501,(#1505,#1512),.PCURVE_S1.);
#1501 = LINE('',#1502,#1503);
#1502 = CARTESIAN_POINT('',(-13.3740234375,-49.57153320312,10.));
#1503 = VECTOR('',#1504,1.);
#1504 = DIRECTION('',(-0.990830168044,0.135113204733,0.));
#1505 = PCURVE('',#288,#1506);
#1506 = DEFINITIONAL_REPRESENTATION('',(#1507),#1511);
#1507 = LINE('',#1508,#1509);
#1508 = CARTESIAN_POINT('',(-13.374023435,-49.57153320312));
#1509 = VECTOR('',#1510,1.);
#1510 = DIRECTION('',(-0.990830168044,0.135113204733));
#1511 = ( GEOMETRIC_REPRESENTATION_CONTEXT(2) 
PARAMETRIC_REPRESENTATION_CONTEXT() REPRESENTATION_CONTEXT('2D SPACE',''
  ) );
#1512 = PCURVE('',#1513,#1518);
#1513 = PLANE('',#1514);
#1514 = AXIS2_PLACEMENT_3D('',#1515,#1516,#1517);
#1515 = CARTESIAN_POINT('',(-13.3740234375,-49.57153320312,10.));
#1516 = DIRECTION('',(0.135113204733,0.990830168044,-0.));
#1517 = DIRECTION('',(-0.990830168044,0.135113204733,0.));
#1518 = DEFINITIONAL_REPRESENTATION('',(#1519),#1523);
#1519 = LINE('',#1520,#1521);
#1520 = CARTESIAN_POINT('',(0.,0.));
#1521 = VECTOR('',#1522,1.);
#1522 = DIRECTION('',(1.,0.));
#1523 = ( GEOMETRIC_REPRESENTATION_CONTEXT(2) 
PARAMETRIC_REPRESENTATION_CONTEXT() REPRESENTATION_CONTEXT('2D SPACE',''
  ) );
#1524 = ORIENTED_EDGE('',*,*,#1525,.F.);
#1525 = EDGE_CURVE('',#1526,#1498,#1528,.T.);
#1526 = VERTEX_POINT('',#1527);
#1527 = CARTESIAN_POINT('',(-8.21044921875,-48.72192382812,10.));
#1528 = SURFACE_CURVE('',#1529,(#1538,#1550),.PCURVE_S1.);
#1529 = B_SPLINE_CURVE_WITH_KNOTS('',2,(#1530,#1531,#1532,#1533,#1534,
    #1535,#1536,#1537),.UNSPECIFIED.,.F.,.F.,(3,1,1,1,1,1,3),(0.,1.,2.,
    3.,4.007352941176,5.014705882353,6.022058823529),.UNSPECIFIED.);
#1530 = CARTESIAN_POINT('',(-8.21044921875,-48.72192382812,10.));
#1531 = CARTESIAN_POINT('',(-8.32763671875,-48.17993164062,10.));
#1532 = CARTESIAN_POINT('',(-8.91357421875,-47.46948242187,10.));
#1533 = CARTESIAN_POINT('',(-10.15869140625,-47.00073242187,10.));
#1534 = CARTESIAN_POINT('',(-12.158203125,-47.00073242187,10.));
#1535 = CARTESIAN_POINT('',(-13.681640625,-47.55004882812,10.));
#1536 = CARTESIAN_POINT('',(-14.4873046875,-48.56811523437,10.));
#1537 = CARTESIAN_POINT('',(-14.6630859375,-49.39575195312,10.));
#1538 = PCURVE('',#288,#1539);
#1539 = DEFINITIONAL_REPRESENTATION('',(#1540),#1549);
#1540 = B_SPLINE_CURVE_WITH_KNOTS('',2,(#1541,#1542,#1543,#1544,#1545,
    #1546,#1547,#1548),.UNSPECIFIED.,.F.,.F.,(3,1,1,1,1,1,3),(0.,1.,2.,
    3.,4.007352941176,5.014705882353,6.022058823529),.UNSPECIFIED.);
#1541 = CARTESIAN_POINT('',(-8.210449216259,-48.72192382812));
#1542 = CARTESIAN_POINT('',(-8.327636716259,-48.17993164062));
#1543 = CARTESIAN_POINT('',(-8.913574216259,-47.46948242187));
#1544 = CARTESIAN_POINT('',(-10.15869140375,-47.00073242187));
#1545 = CARTESIAN_POINT('',(-12.1582031225,-47.00073242187));
#1546 = CARTESIAN_POINT('',(-13.6816406225,-47.55004882812));
#1547 = CARTESIAN_POINT('',(-14.487304685,-48.56811523437));
#1548 = CARTESIAN_POINT('',(-14.663085935,-49.39575195312));
#1549 = ( GEOMETRIC_REPRESENTATION_CONTEXT(2) 
PARAMETRIC_REPRESENTATION_CONTEXT() REPRESENTATION_CONTEXT('2D SPACE',''
  ) );
#1550 = PCURVE('',#1551,#1563);
#1551 = SURFACE_OF_LINEAR_EXTRUSION('',#1552,#1561);
#1552 = B_SPLINE_CURVE_WITH_KNOTS('',2,(#1553,#1554,#1555,#1556,#1557,
    #1558,#1559,#1560),.UNSPECIFIED.,.F.,.F.,(3,1,1,1,1,1,3),(0.,1.,2.,
    3.,4.007352941176,5.014705882353,6.022058823529),.UNSPECIFIED.);
#1553 = CARTESIAN_POINT('',(-8.21044921875,-48.72192382812,10.));
#1554 = CARTESIAN_POINT('',(-8.32763671875,-48.17993164062,10.));
#1555 = CARTESIAN_POINT('',(-8.91357421875,-47.46948242187,10.));
#1556 = CARTESIAN_POINT('',(-10.15869140625,-47.00073242187,10.));
#1557 = CARTESIAN_POINT('',(-12.158203125,-47.00073242187,10.));
#1558 = CARTESIAN_POINT('',(-13.681640625,-47.55004882812,10.));
#1559 = CARTESIAN_POINT('',(-14.4873046875,-48.56811523437,10.));
#1560 = CARTESIAN_POINT('',(-14.6630859375,-49.39575195312,10.));
#1561 = VECTOR('',#1562,1.);
#1562 = DIRECTION('',(0.,0.,1.));
#1563 = DEFINITIONAL_REPRESENTATION('',(#1564),#1568);
#1564 = LINE('',#1565,#1566);
#1565 = CARTESIAN_POINT('',(0.,0.));
#1566 = VECTOR('',#1567,1.);
#1567 = DIRECTION('',(1.,0.));
#1568 = ( GEOMETRIC_REPRESENTATION_CONTEXT(2) 
PARAMETRIC_REPRESENTATION_CONTEXT() REPRESENTATION_CONTEXT('2D SPACE',''
  ) );
#1569 = ORIENTED_EDGE('',*,*,#1570,.T.);
#1570 = EDGE_CURVE('',#1526,#1571,#1573,.T.);
#1571 = VERTEX_POINT('',#1572);
#1572 = CARTESIAN_POINT('',(-8.14453125,-49.93774414062,10.));
#1573 = SURFACE_CURVE('',#1574,(#1578,#1585),.PCURVE_S1.);
#1574 = B_SPLINE_CURVE_WITH_KNOTS('',2,(#1575,#1576,#1577),
  .UNSPECIFIED.,.F.,.F.,(3,3),(0.,1.),.PIECEWISE_BEZIER_KNOTS.);
#1575 = CARTESIAN_POINT('',(-8.21044921875,-48.72192382812,10.));
#1576 = CARTESIAN_POINT('',(-8.14453125,-49.05883789062,10.));
#1577 = CARTESIAN_POINT('',(-8.14453125,-49.93774414062,10.));
#1578 = PCURVE('',#288,#1579);
#1579 = DEFINITIONAL_REPRESENTATION('',(#1580),#1584);
#1580 = B_SPLINE_CURVE_WITH_KNOTS('',2,(#1581,#1582,#1583),
  .UNSPECIFIED.,.F.,.F.,(3,3),(0.,1.),.PIECEWISE_BEZIER_KNOTS.);
#1581 = CARTESIAN_POINT('',(-8.210449216259,-48.72192382812));
#1582 = CARTESIAN_POINT('',(-8.144531247509,-49.05883789062));
#1583 = CARTESIAN_POINT('',(-8.144531247509,-49.93774414062));
#1584 = ( GEOMETRIC_REPRESENTATION_CONTEXT(2) 
PARAMETRIC_REPRESENTATION_CONTEXT() REPRESENTATION_CONTEXT('2D SPACE',''
  ) );
#1585 = PCURVE('',#1586,#1593);
#1586 = SURFACE_OF_LINEAR_EXTRUSION('',#1587,#1591);
#1587 = B_SPLINE_CURVE_WITH_KNOTS('',2,(#1588,#1589,#1590),
  .UNSPECIFIED.,.F.,.F.,(3,3),(0.,1.),.PIECEWISE_BEZIER_KNOTS.);
#1588 = CARTESIAN_POINT('',(-8.21044921875,-48.72192382812,10.));
#1589 = CARTESIAN_POINT('',(-8.14453125,-49.05883789062,10.));
#1590 = CARTESIAN_POINT('',(-8.14453125,-49.93774414062,10.));
#1591 = VECTOR('',#1592,1.);
#1592 = DIRECTION('',(0.,0.,1.));
#1593 = DEFINITIONAL_REPRESENTATION('',(#1594),#1598);
#1594 = LINE('',#1595,#1596);
#1595 = CARTESIAN_POINT('',(0.,0.));
#1596 = VECTOR('',#1597,1.);
#1597 = DIRECTION('',(1.,0.));
#1598 = ( GEOMETRIC_REPRESENTATION_CONTEXT(2) 
PARAMETRIC_REPRESENTATION_CONTEXT() REPRESENTATION_CONTEXT('2D SPACE',''
  ) );
#1599 = ORIENTED_EDGE('',*,*,#1600,.T.);
#1600 = EDGE_CURVE('',#1571,#1601,#1603,.T.);
#1601 = VERTEX_POINT('',#1602);
#1602 = CARTESIAN_POINT('',(-8.14453125,-51.69555664062,10.));
#1603 = SURFACE_CURVE('',#1604,(#1608,#1615),.PCURVE_S1.);
#1604 = LINE('',#1605,#1606);
#1605 = CARTESIAN_POINT('',(-8.14453125,-49.93774414062,10.));
#1606 = VECTOR('',#1607,1.);
#1607 = DIRECTION('',(0.,-1.,0.));
#1608 = PCURVE('',#288,#1609);
#1609 = DEFINITIONAL_REPRESENTATION('',(#1610),#1614);
#1610 = LINE('',#1611,#1612);
#1611 = CARTESIAN_POINT('',(-8.144531247509,-49.93774414062));
#1612 = VECTOR('',#1613,1.);
#1613 = DIRECTION('',(0.,-1.));
#1614 = ( GEOMETRIC_REPRESENTATION_CONTEXT(2) 
PARAMETRIC_REPRESENTATION_CONTEXT() REPRESENTATION_CONTEXT('2D SPACE',''
  ) );
#1615 = PCURVE('',#1616,#1621);
#1616 = PLANE('',#1617);
#1617 = AXIS2_PLACEMENT_3D('',#1618,#1619,#1620);
#1618 = CARTESIAN_POINT('',(-8.14453125,-49.93774414062,10.));
#1619 = DIRECTION('',(-1.,0.,0.));
#1620 = DIRECTION('',(0.,-1.,0.));
#1621 = DEFINITIONAL_REPRESENTATION('',(#1622),#1626);
#1622 = LINE('',#1623,#1624);
#1623 = CARTESIAN_POINT('',(0.,0.));
#1624 = VECTOR('',#1625,1.);
#1625 = DIRECTION('',(1.,0.));
#1626 = ( GEOMETRIC_REPRESENTATION_CONTEXT(2) 
PARAMETRIC_REPRESENTATION_CONTEXT() REPRESENTATION_CONTEXT('2D SPACE',''
  ) );
#1627 = ORIENTED_EDGE('',*,*,#1628,.F.);
#1628 = EDGE_CURVE('',#1629,#1601,#1631,.T.);
#1629 = VERTEX_POINT('',#1630);
#1630 = CARTESIAN_POINT('',(-7.72705078125,-54.95483398437,10.));
#1631 = SURFACE_CURVE('',#1632,(#1637,#1645),.PCURVE_S1.);
#1632 = B_SPLINE_CURVE_WITH_KNOTS('',2,(#1633,#1634,#1635,#1636),
  .UNSPECIFIED.,.F.,.F.,(3,1,3),(0.,1.,2.),.QUASI_UNIFORM_KNOTS.);
#1633 = CARTESIAN_POINT('',(-7.72705078125,-54.95483398437,10.));
#1634 = CARTESIAN_POINT('',(-7.97607421875,-54.50805664062,10.));
#1635 = CARTESIAN_POINT('',(-8.14453125,-53.53393554687,10.));
#1636 = CARTESIAN_POINT('',(-8.14453125,-51.69555664062,10.));
#1637 = PCURVE('',#288,#1638);
#1638 = DEFINITIONAL_REPRESENTATION('',(#1639),#1644);
#1639 = B_SPLINE_CURVE_WITH_KNOTS('',2,(#1640,#1641,#1642,#1643),
  .UNSPECIFIED.,.F.,.F.,(3,1,3),(0.,1.,2.),.QUASI_UNIFORM_KNOTS.);
#1640 = CARTESIAN_POINT('',(-7.727050778759,-54.95483398437));
#1641 = CARTESIAN_POINT('',(-7.976074216259,-54.50805664062));
#1642 = CARTESIAN_POINT('',(-8.144531247509,-53.53393554687));
#1643 = CARTESIAN_POINT('',(-8.144531247509,-51.69555664062));
#1644 = ( GEOMETRIC_REPRESENTATION_CONTEXT(2) 
PARAMETRIC_REPRESENTATION_CONTEXT() REPRESENTATION_CONTEXT('2D SPACE',''
  ) );
#1645 = PCURVE('',#1646,#1654);
#1646 = SURFACE_OF_LINEAR_EXTRUSION('',#1647,#1652);
#1647 = B_SPLINE_CURVE_WITH_KNOTS('',2,(#1648,#1649,#1650,#1651),
  .UNSPECIFIED.,.F.,.F.,(3,1,3),(0.,1.,2.),.QUASI_UNIFORM_KNOTS.);
#1648 = CARTESIAN_POINT('',(-7.72705078125,-54.95483398437,10.));
#1649 = CARTESIAN_POINT('',(-7.97607421875,-54.50805664062,10.));
#1650 = CARTESIAN_POINT('',(-8.14453125,-53.53393554687,10.));
#1651 = CARTESIAN_POINT('',(-8.14453125,-51.69555664062,10.));
#1652 = VECTOR('',#1653,1.);
#1653 = DIRECTION('',(0.,0.,1.));
#1654 = DEFINITIONAL_REPRESENTATION('',(#1655),#1659);
#1655 = LINE('',#1656,#1657);
#1656 = CARTESIAN_POINT('',(0.,0.));
#1657 = VECTOR('',#1658,1.);
#1658 = DIRECTION('',(1.,0.));
#1659 = ( GEOMETRIC_REPRESENTATION_CONTEXT(2) 
PARAMETRIC_REPRESENTATION_CONTEXT() REPRESENTATION_CONTEXT('2D SPACE',''
  ) );
#1660 = ORIENTED_EDGE('',*,*,#1661,.T.);
#1661 = EDGE_CURVE('',#1629,#1662,#1664,.T.);
#1662 = VERTEX_POINT('',#1663);
#1663 = CARTESIAN_POINT('',(-9.10400390625,-54.95483398437,10.));
#1664 = SURFACE_CURVE('',#1665,(#1669,#1676),.PCURVE_S1.);
#1665 = LINE('',#1666,#1667);
#1666 = CARTESIAN_POINT('',(-7.72705078125,-54.95483398437,10.));
#1667 = VECTOR('',#1668,1.);
#1668 = DIRECTION('',(-1.,0.,0.));
#1669 = PCURVE('',#288,#1670);
#1670 = DEFINITIONAL_REPRESENTATION('',(#1671),#1675);
#1671 = LINE('',#1672,#1673);
#1672 = CARTESIAN_POINT('',(-7.727050778759,-54.95483398437));
#1673 = VECTOR('',#1674,1.);
#1674 = DIRECTION('',(-1.,0.));
#1675 = ( GEOMETRIC_REPRESENTATION_CONTEXT(2) 
PARAMETRIC_REPRESENTATION_CONTEXT() REPRESENTATION_CONTEXT('2D SPACE',''
  ) );
#1676 = PCURVE('',#1677,#1682);
#1677 = PLANE('',#1678);
#1678 = AXIS2_PLACEMENT_3D('',#1679,#1680,#1681);
#1679 = CARTESIAN_POINT('',(-7.72705078125,-54.95483398437,10.));
#1680 = DIRECTION('',(0.,1.,-0.));
#1681 = DIRECTION('',(-1.,0.,0.));
#1682 = DEFINITIONAL_REPRESENTATION('',(#1683),#1687);
#1683 = LINE('',#1684,#1685);
#1684 = CARTESIAN_POINT('',(0.,0.));
#1685 = VECTOR('',#1686,1.);
#1686 = DIRECTION('',(1.,0.));
#1687 = ( GEOMETRIC_REPRESENTATION_CONTEXT(2) 
PARAMETRIC_REPRESENTATION_CONTEXT() REPRESENTATION_CONTEXT('2D SPACE',''
  ) );
#1688 = ORIENTED_EDGE('',*,*,#1689,.T.);
#1689 = EDGE_CURVE('',#1662,#1321,#1690,.T.);
#1690 = SURFACE_CURVE('',#1691,(#1695,#1702),.PCURVE_S1.);
#1691 = B_SPLINE_CURVE_WITH_KNOTS('',2,(#1692,#1693,#1694),
  .UNSPECIFIED.,.F.,.F.,(3,3),(0.,1.),.PIECEWISE_BEZIER_KNOTS.);
#1692 = CARTESIAN_POINT('',(-9.10400390625,-54.95483398437,10.));
#1693 = CARTESIAN_POINT('',(-9.30908203125,-54.54467773437,10.));
#1694 = CARTESIAN_POINT('',(-9.36767578125,-53.99536132812,10.));
#1695 = PCURVE('',#288,#1696);
#1696 = DEFINITIONAL_REPRESENTATION('',(#1697),#1701);
#1697 = B_SPLINE_CURVE_WITH_KNOTS('',2,(#1698,#1699,#1700),
  .UNSPECIFIED.,.F.,.F.,(3,3),(0.,1.),.PIECEWISE_BEZIER_KNOTS.);
#1698 = CARTESIAN_POINT('',(-9.104003903759,-54.95483398437));
#1699 = CARTESIAN_POINT('',(-9.309082028759,-54.54467773437));
#1700 = CARTESIAN_POINT('',(-9.367675778759,-53.99536132812));
#1701 = ( GEOMETRIC_REPRESENTATION_CONTEXT(2) 
PARAMETRIC_REPRESENTATION_CONTEXT() REPRESENTATION_CONTEXT('2D SPACE',''
  ) );
#1702 = PCURVE('',#1703,#1710);
#1703 = SURFACE_OF_LINEAR_EXTRUSION('',#1704,#1708);
#1704 = B_SPLINE_CURVE_WITH_KNOTS('',2,(#1705,#1706,#1707),
  .UNSPECIFIED.,.F.,.F.,(3,3),(0.,1.),.PIECEWISE_BEZIER_KNOTS.);
#1705 = CARTESIAN_POINT('',(-9.10400390625,-54.95483398437,10.));
#1706 = CARTESIAN_POINT('',(-9.30908203125,-54.54467773437,10.));
#1707 = CARTESIAN_POINT('',(-9.36767578125,-53.99536132812,10.));
#1708 = VECTOR('',#1709,1.);
#1709 = DIRECTION('',(0.,0.,1.));
#1710 = DEFINITIONAL_REPRESENTATION('',(#1711),#1715);
#1711 = LINE('',#1712,#1713);
#1712 = CARTESIAN_POINT('',(0.,0.));
#1713 = VECTOR('',#1714,1.);
#1714 = DIRECTION('',(1.,0.));
#1715 = ( GEOMETRIC_REPRESENTATION_CONTEXT(2) 
PARAMETRIC_REPRESENTATION_CONTEXT() REPRESENTATION_CONTEXT('2D SPACE',''
  ) );
#1716 = FACE_BOUND('',#1717,.T.);
#1717 = EDGE_LOOP('',(#1718,#1748,#1776,#1804,#1832,#1860));
#1718 = ORIENTED_EDGE('',*,*,#1719,.T.);
#1719 = EDGE_CURVE('',#1720,#1722,#1724,.T.);
#1720 = VERTEX_POINT('',#1721);
#1721 = CARTESIAN_POINT('',(0.21240234375,-54.14916992187,10.));
#1722 = VERTEX_POINT('',#1723);
#1723 = CARTESIAN_POINT('',(0.21240234375,-57.93579101562,10.));
#1724 = SURFACE_CURVE('',#1725,(#1729,#1736),.PCURVE_S1.);
#1725 = LINE('',#1726,#1727);
#1726 = CARTESIAN_POINT('',(0.21240234375,-54.14916992187,10.));
#1727 = VECTOR('',#1728,1.);
#1728 = DIRECTION('',(0.,-1.,0.));
#1729 = PCURVE('',#288,#1730);
#1730 = DEFINITIONAL_REPRESENTATION('',(#1731),#1735);
#1731 = LINE('',#1732,#1733);
#1732 = CARTESIAN_POINT('',(0.212402346241,-54.14916992187));
#1733 = VECTOR('',#1734,1.);
#1734 = DIRECTION('',(0.,-1.));
#1735 = ( GEOMETRIC_REPRESENTATION_CONTEXT(2) 
PARAMETRIC_REPRESENTATION_CONTEXT() REPRESENTATION_CONTEXT('2D SPACE',''
  ) );
#1736 = PCURVE('',#1737,#1742);
#1737 = PLANE('',#1738);
#1738 = AXIS2_PLACEMENT_3D('',#1739,#1740,#1741);
#1739 = CARTESIAN_POINT('',(0.21240234375,-54.14916992187,10.));
#1740 = DIRECTION('',(-1.,0.,0.));
#1741 = DIRECTION('',(0.,-1.,0.));
#1742 = DEFINITIONAL_REPRESENTATION('',(#1743),#1747);
#1743 = LINE('',#1744,#1745);
#1744 = CARTESIAN_POINT('',(0.,0.));
#1745 = VECTOR('',#1746,1.);
#1746 = DIRECTION('',(1.,0.));
#1747 = ( GEOMETRIC_REPRESENTATION_CONTEXT(2) 
PARAMETRIC_REPRESENTATION_CONTEXT() REPRESENTATION_CONTEXT('2D SPACE',''
  ) );
#1748 = ORIENTED_EDGE('',*,*,#1749,.T.);
#1749 = EDGE_CURVE('',#1722,#1750,#1752,.T.);
#1750 = VERTEX_POINT('',#1751);
#1751 = CARTESIAN_POINT('',(-1.10595703125,-57.93579101562,10.));
#1752 = SURFACE_CURVE('',#1753,(#1757,#1764),.PCURVE_S1.);
#1753 = LINE('',#1754,#1755);
#1754 = CARTESIAN_POINT('',(0.21240234375,-57.93579101562,10.));
#1755 = VECTOR('',#1756,1.);
#1756 = DIRECTION('',(-1.,0.,0.));
#1757 = PCURVE('',#288,#1758);
#1758 = DEFINITIONAL_REPRESENTATION('',(#1759),#1763);
#1759 = LINE('',#1760,#1761);
#1760 = CARTESIAN_POINT('',(0.212402346241,-57.93579101562));
#1761 = VECTOR('',#1762,1.);
#1762 = DIRECTION('',(-1.,0.));
#1763 = ( GEOMETRIC_REPRESENTATION_CONTEXT(2) 
PARAMETRIC_REPRESENTATION_CONTEXT() REPRESENTATION_CONTEXT('2D SPACE',''
  ) );
#1764 = PCURVE('',#1765,#1770);
#1765 = PLANE('',#1766);
#1766 = AXIS2_PLACEMENT_3D('',#1767,#1768,#1769);
#1767 = CARTESIAN_POINT('',(0.21240234375,-57.93579101562,10.));
#1768 = DIRECTION('',(0.,1.,-0.));
#1769 = DIRECTION('',(-1.,0.,0.));
#1770 = DEFINITIONAL_REPRESENTATION('',(#1771),#1775);
#1771 = LINE('',#1772,#1773);
#1772 = CARTESIAN_POINT('',(0.,0.));
#1773 = VECTOR('',#1774,1.);
#1774 = DIRECTION('',(1.,0.));
#1775 = ( GEOMETRIC_REPRESENTATION_CONTEXT(2) 
PARAMETRIC_REPRESENTATION_CONTEXT() REPRESENTATION_CONTEXT('2D SPACE',''
  ) );
#1776 = ORIENTED_EDGE('',*,*,#1777,.T.);
#1777 = EDGE_CURVE('',#1750,#1778,#1780,.T.);
#1778 = VERTEX_POINT('',#1779);
#1779 = CARTESIAN_POINT('',(-1.10595703125,-47.17651367187,10.));
#1780 = SURFACE_CURVE('',#1781,(#1785,#1792),.PCURVE_S1.);
#1781 = LINE('',#1782,#1783);
#1782 = CARTESIAN_POINT('',(-1.10595703125,-57.93579101562,10.));
#1783 = VECTOR('',#1784,1.);
#1784 = DIRECTION('',(0.,1.,0.));
#1785 = PCURVE('',#288,#1786);
#1786 = DEFINITIONAL_REPRESENTATION('',(#1787),#1791);
#1787 = LINE('',#1788,#1789);
#1788 = CARTESIAN_POINT('',(-1.105957028759,-57.93579101562));
#1789 = VECTOR('',#1790,1.);
#1790 = DIRECTION('',(0.,1.));
#1791 = ( GEOMETRIC_REPRESENTATION_CONTEXT(2) 
PARAMETRIC_REPRESENTATION_CONTEXT() REPRESENTATION_CONTEXT('2D SPACE',''
  ) );
#1792 = PCURVE('',#1793,#1798);
#1793 = PLANE('',#1794);
#1794 = AXIS2_PLACEMENT_3D('',#1795,#1796,#1797);
#1795 = CARTESIAN_POINT('',(-1.10595703125,-57.93579101562,10.));
#1796 = DIRECTION('',(1.,0.,0.));
#1797 = DIRECTION('',(-0.,1.,0.));
#1798 = DEFINITIONAL_REPRESENTATION('',(#1799),#1803);
#1799 = LINE('',#1800,#1801);
#1800 = CARTESIAN_POINT('',(0.,0.));
#1801 = VECTOR('',#1802,1.);
#1802 = DIRECTION('',(1.,0.));
#1803 = ( GEOMETRIC_REPRESENTATION_CONTEXT(2) 
PARAMETRIC_REPRESENTATION_CONTEXT() REPRESENTATION_CONTEXT('2D SPACE',''
  ) );
#1804 = ORIENTED_EDGE('',*,*,#1805,.T.);
#1805 = EDGE_CURVE('',#1778,#1806,#1808,.T.);
#1806 = VERTEX_POINT('',#1807);
#1807 = CARTESIAN_POINT('',(9.521484375E-02,-47.17651367187,10.));
#1808 = SURFACE_CURVE('',#1809,(#1813,#1820),.PCURVE_S1.);
#1809 = LINE('',#1810,#1811);
#1810 = CARTESIAN_POINT('',(-1.10595703125,-47.17651367187,10.));
#1811 = VECTOR('',#1812,1.);
#1812 = DIRECTION('',(1.,0.,0.));
#1813 = PCURVE('',#288,#1814);
#1814 = DEFINITIONAL_REPRESENTATION('',(#1815),#1819);
#1815 = LINE('',#1816,#1817);
#1816 = CARTESIAN_POINT('',(-1.105957028759,-47.17651367187));
#1817 = VECTOR('',#1818,1.);
#1818 = DIRECTION('',(1.,0.));
#1819 = ( GEOMETRIC_REPRESENTATION_CONTEXT(2) 
PARAMETRIC_REPRESENTATION_CONTEXT() REPRESENTATION_CONTEXT('2D SPACE',''
  ) );
#1820 = PCURVE('',#1821,#1826);
#1821 = PLANE('',#1822);
#1822 = AXIS2_PLACEMENT_3D('',#1823,#1824,#1825);
#1823 = CARTESIAN_POINT('',(-1.10595703125,-47.17651367187,10.));
#1824 = DIRECTION('',(0.,-1.,0.));
#1825 = DIRECTION('',(1.,0.,0.));
#1826 = DEFINITIONAL_REPRESENTATION('',(#1827),#1831);
#1827 = LINE('',#1828,#1829);
#1828 = CARTESIAN_POINT('',(0.,0.));
#1829 = VECTOR('',#1830,1.);
#1830 = DIRECTION('',(1.,0.));
#1831 = ( GEOMETRIC_REPRESENTATION_CONTEXT(2) 
PARAMETRIC_REPRESENTATION_CONTEXT() REPRESENTATION_CONTEXT('2D SPACE',''
  ) );
#1832 = ORIENTED_EDGE('',*,*,#1833,.T.);
#1833 = EDGE_CURVE('',#1806,#1834,#1836,.T.);
#1834 = VERTEX_POINT('',#1835);
#1835 = CARTESIAN_POINT('',(9.521484375E-02,-48.18725585937,10.));
#1836 = SURFACE_CURVE('',#1837,(#1841,#1848),.PCURVE_S1.);
#1837 = LINE('',#1838,#1839);
#1838 = CARTESIAN_POINT('',(9.521484375E-02,-47.17651367187,10.));
#1839 = VECTOR('',#1840,1.);
#1840 = DIRECTION('',(0.,-1.,0.));
#1841 = PCURVE('',#288,#1842);
#1842 = DEFINITIONAL_REPRESENTATION('',(#1843),#1847);
#1843 = LINE('',#1844,#1845);
#1844 = CARTESIAN_POINT('',(9.521484624102E-02,-47.17651367187));
#1845 = VECTOR('',#1846,1.);
#1846 = DIRECTION('',(0.,-1.));
#1847 = ( GEOMETRIC_REPRESENTATION_CONTEXT(2) 
PARAMETRIC_REPRESENTATION_CONTEXT() REPRESENTATION_CONTEXT('2D SPACE',''
  ) );
#1848 = PCURVE('',#1849,#1854);
#1849 = PLANE('',#1850);
#1850 = AXIS2_PLACEMENT_3D('',#1851,#1852,#1853);
#1851 = CARTESIAN_POINT('',(9.521484375E-02,-47.17651367187,10.));
#1852 = DIRECTION('',(-1.,0.,0.));
#1853 = DIRECTION('',(0.,-1.,0.));
#1854 = DEFINITIONAL_REPRESENTATION('',(#1855),#1859);
#1855 = LINE('',#1856,#1857);
#1856 = CARTESIAN_POINT('',(0.,0.));
#1857 = VECTOR('',#1858,1.);
#1858 = DIRECTION('',(1.,0.));
#1859 = ( GEOMETRIC_REPRESENTATION_CONTEXT(2) 
PARAMETRIC_REPRESENTATION_CONTEXT() REPRESENTATION_CONTEXT('2D SPACE',''
  ) );
#1860 = ORIENTED_EDGE('',*,*,#1861,.F.);
#1861 = EDGE_CURVE('',#1720,#1834,#1862,.T.);
#1862 = SURFACE_CURVE('',#1863,(#1876,#1892),.PCURVE_S1.);
#1863 = B_SPLINE_CURVE_WITH_KNOTS('',2,(#1864,#1865,#1866,#1867,#1868,
    #1869,#1870,#1871,#1872,#1873,#1874,#1875),.UNSPECIFIED.,.F.,.F.,(3,
    1,1,1,1,1,1,1,1,1,3),(0.,1.,2.,3.366666666667,4.733333333333,6.1,
    7.374437627812,8.648875255624,9.923312883436,10.897882834115,
    11.872452784795),.UNSPECIFIED.);
#1864 = CARTESIAN_POINT('',(0.21240234375,-54.14916992187,10.));
#1865 = CARTESIAN_POINT('',(0.54931640625,-54.57397460937,10.));
#1866 = CARTESIAN_POINT('',(1.5966796875,-55.13061523437,10.));
#1867 = CARTESIAN_POINT('',(3.15673828125,-55.13061523437,10.));
#1868 = CARTESIAN_POINT('',(4.7900390625,-54.11254882812,10.));
#1869 = CARTESIAN_POINT('',(5.64697265625,-52.20092773437,10.));
#1870 = CARTESIAN_POINT('',(5.64697265625,-49.89379882812,10.));
#1871 = CARTESIAN_POINT('',(4.87060546875,-48.02612304687,10.));
#1872 = CARTESIAN_POINT('',(3.34716796875,-47.00073242187,10.));
#1873 = CARTESIAN_POINT('',(1.58935546875,-47.00073242187,10.));
#1874 = CARTESIAN_POINT('',(0.52001953125,-47.59399414062,10.));
#1875 = CARTESIAN_POINT('',(9.521484375E-02,-48.18725585937,10.));
#1876 = PCURVE('',#288,#1877);
#1877 = DEFINITIONAL_REPRESENTATION('',(#1878),#1891);
#1878 = B_SPLINE_CURVE_WITH_KNOTS('',2,(#1879,#1880,#1881,#1882,#1883,
    #1884,#1885,#1886,#1887,#1888,#1889,#1890),.UNSPECIFIED.,.F.,.F.,(3,
    1,1,1,1,1,1,1,1,1,3),(0.,1.,2.,3.366666666667,4.733333333333,6.1,
    7.374437627812,8.648875255624,9.923312883436,10.897882834115,
    11.872452784795),.UNSPECIFIED.);
#1879 = CARTESIAN_POINT('',(0.212402346241,-54.14916992187));
#1880 = CARTESIAN_POINT('',(0.549316408741,-54.57397460937));
#1881 = CARTESIAN_POINT('',(1.596679689991,-55.13061523437));
#1882 = CARTESIAN_POINT('',(3.156738283741,-55.13061523437));
#1883 = CARTESIAN_POINT('',(4.790039064991,-54.11254882812));
#1884 = CARTESIAN_POINT('',(5.646972658741,-52.20092773437));
#1885 = CARTESIAN_POINT('',(5.646972658741,-49.89379882812));
#1886 = CARTESIAN_POINT('',(4.870605471241,-48.02612304687));
#1887 = CARTESIAN_POINT('',(3.347167971241,-47.00073242187));
#1888 = CARTESIAN_POINT('',(1.589355471241,-47.00073242187));
#1889 = CARTESIAN_POINT('',(0.520019533741,-47.59399414062));
#1890 = CARTESIAN_POINT('',(9.521484624102E-02,-48.18725585937));
#1891 = ( GEOMETRIC_REPRESENTATION_CONTEXT(2) 
PARAMETRIC_REPRESENTATION_CONTEXT() REPRESENTATION_CONTEXT('2D SPACE',''
  ) );
#1892 = PCURVE('',#1893,#1909);
#1893 = SURFACE_OF_LINEAR_EXTRUSION('',#1894,#1907);
#1894 = B_SPLINE_CURVE_WITH_KNOTS('',2,(#1895,#1896,#1897,#1898,#1899,
    #1900,#1901,#1902,#1903,#1904,#1905,#1906),.UNSPECIFIED.,.F.,.F.,(3,
    1,1,1,1,1,1,1,1,1,3),(0.,1.,2.,3.366666666667,4.733333333333,6.1,
    7.374437627812,8.648875255624,9.923312883436,10.897882834115,
    11.872452784795),.UNSPECIFIED.);
#1895 = CARTESIAN_POINT('',(0.21240234375,-54.14916992187,10.));
#1896 = CARTESIAN_POINT('',(0.54931640625,-54.57397460937,10.));
#1897 = CARTESIAN_POINT('',(1.5966796875,-55.13061523437,10.));
#1898 = CARTESIAN_POINT('',(3.15673828125,-55.13061523437,10.));
#1899 = CARTESIAN_POINT('',(4.7900390625,-54.11254882812,10.));
#1900 = CARTESIAN_POINT('',(5.64697265625,-52.20092773437,10.));
#1901 = CARTESIAN_POINT('',(5.64697265625,-49.89379882812,10.));
#1902 = CARTESIAN_POINT('',(4.87060546875,-48.02612304687,10.));
#1903 = CARTESIAN_POINT('',(3.34716796875,-47.00073242187,10.));
#1904 = CARTESIAN_POINT('',(1.58935546875,-47.00073242187,10.));
#1905 = CARTESIAN_POINT('',(0.52001953125,-47.59399414062,10.));
#1906 = CARTESIAN_POINT('',(9.521484375E-02,-48.18725585937,10.));
#1907 = VECTOR('',#1908,1.);
#1908 = DIRECTION('',(0.,0.,1.));
#1909 = DEFINITIONAL_REPRESENTATION('',(#1910),#1914);
#1910 = LINE('',#1911,#1912);
#1911 = CARTESIAN_POINT('',(0.,0.));
#1912 = VECTOR('',#1913,1.);
#1913 = DIRECTION('',(1.,0.));
#1914 = ( GEOMETRIC_REPRESENTATION_CONTEXT(2) 
PARAMETRIC_REPRESENTATION_CONTEXT() REPRESENTATION_CONTEXT('2D SPACE',''
  ) );
#1915 = FACE_BOUND('',#1916,.T.);
#1916 = EDGE_LOOP('',(#1917,#1947,#1975,#2003,#2031,#2059,#2098,#2126,
    #2154,#2182));
#1917 = ORIENTED_EDGE('',*,*,#1918,.T.);
#1918 = EDGE_CURVE('',#1919,#1921,#1923,.T.);
#1919 = VERTEX_POINT('',#1920);
#1920 = CARTESIAN_POINT('',(-21.46728515625,-50.69946289062,10.));
#1921 = VERTEX_POINT('',#1922);
#1922 = CARTESIAN_POINT('',(-21.46728515625,-54.95483398437,10.));
#1923 = SURFACE_CURVE('',#1924,(#1928,#1935),.PCURVE_S1.);
#1924 = LINE('',#1925,#1926);
#1925 = CARTESIAN_POINT('',(-21.46728515625,-50.69946289062,10.));
#1926 = VECTOR('',#1927,1.);
#1927 = DIRECTION('',(0.,-1.,0.));
#1928 = PCURVE('',#288,#1929);
#1929 = DEFINITIONAL_REPRESENTATION('',(#1930),#1934);
#1930 = LINE('',#1931,#1932);
#1931 = CARTESIAN_POINT('',(-21.46728515375,-50.69946289062));
#1932 = VECTOR('',#1933,1.);
#1933 = DIRECTION('',(0.,-1.));
#1934 = ( GEOMETRIC_REPRESENTATION_CONTEXT(2) 
PARAMETRIC_REPRESENTATION_CONTEXT() REPRESENTATION_CONTEXT('2D SPACE',''
  ) );
#1935 = PCURVE('',#1936,#1941);
#1936 = PLANE('',#1937);
#1937 = AXIS2_PLACEMENT_3D('',#1938,#1939,#1940);
#1938 = CARTESIAN_POINT('',(-21.46728515625,-50.69946289062,10.));
#1939 = DIRECTION('',(-1.,0.,0.));
#1940 = DIRECTION('',(0.,-1.,0.));
#1941 = DEFINITIONAL_REPRESENTATION('',(#1942),#1946);
#1942 = LINE('',#1943,#1944);
#1943 = CARTESIAN_POINT('',(0.,0.));
#1944 = VECTOR('',#1945,1.);
#1945 = DIRECTION('',(1.,0.));
#1946 = ( GEOMETRIC_REPRESENTATION_CONTEXT(2) 
PARAMETRIC_REPRESENTATION_CONTEXT() REPRESENTATION_CONTEXT('2D SPACE',''
  ) );
#1947 = ORIENTED_EDGE('',*,*,#1948,.T.);
#1948 = EDGE_CURVE('',#1921,#1949,#1951,.T.);
#1949 = VERTEX_POINT('',#1950);
#1950 = CARTESIAN_POINT('',(-22.78564453125,-54.95483398437,10.));
#1951 = SURFACE_CURVE('',#1952,(#1956,#1963),.PCURVE_S1.);
#1952 = LINE('',#1953,#1954);
#1953 = CARTESIAN_POINT('',(-21.46728515625,-54.95483398437,10.));
#1954 = VECTOR('',#1955,1.);
#1955 = DIRECTION('',(-1.,0.,0.));
#1956 = PCURVE('',#288,#1957);
#1957 = DEFINITIONAL_REPRESENTATION('',(#1958),#1962);
#1958 = LINE('',#1959,#1960);
#1959 = CARTESIAN_POINT('',(-21.46728515375,-54.95483398437));
#1960 = VECTOR('',#1961,1.);
#1961 = DIRECTION('',(-1.,0.));
#1962 = ( GEOMETRIC_REPRESENTATION_CONTEXT(2) 
PARAMETRIC_REPRESENTATION_CONTEXT() REPRESENTATION_CONTEXT('2D SPACE',''
  ) );
#1963 = PCURVE('',#1964,#1969);
#1964 = PLANE('',#1965);
#1965 = AXIS2_PLACEMENT_3D('',#1966,#1967,#1968);
#1966 = CARTESIAN_POINT('',(-21.46728515625,-54.95483398437,10.));
#1967 = DIRECTION('',(0.,1.,-0.));
#1968 = DIRECTION('',(-1.,0.,0.));
#1969 = DEFINITIONAL_REPRESENTATION('',(#1970),#1974);
#1970 = LINE('',#1971,#1972);
#1971 = CARTESIAN_POINT('',(0.,0.));
#1972 = VECTOR('',#1973,1.);
#1973 = DIRECTION('',(1.,0.));
#1974 = ( GEOMETRIC_REPRESENTATION_CONTEXT(2) 
PARAMETRIC_REPRESENTATION_CONTEXT() REPRESENTATION_CONTEXT('2D SPACE',''
  ) );
#1975 = ORIENTED_EDGE('',*,*,#1976,.T.);
#1976 = EDGE_CURVE('',#1949,#1977,#1979,.T.);
#1977 = VERTEX_POINT('',#1978);
#1978 = CARTESIAN_POINT('',(-22.78564453125,-44.21752929687,10.));
#1979 = SURFACE_CURVE('',#1980,(#1984,#1991),.PCURVE_S1.);
#1980 = LINE('',#1981,#1982);
#1981 = CARTESIAN_POINT('',(-22.78564453125,-54.95483398437,10.));
#1982 = VECTOR('',#1983,1.);
#1983 = DIRECTION('',(0.,1.,0.));
#1984 = PCURVE('',#288,#1985);
#1985 = DEFINITIONAL_REPRESENTATION('',(#1986),#1990);
#1986 = LINE('',#1987,#1988);
#1987 = CARTESIAN_POINT('',(-22.78564452875,-54.95483398437));
#1988 = VECTOR('',#1989,1.);
#1989 = DIRECTION('',(0.,1.));
#1990 = ( GEOMETRIC_REPRESENTATION_CONTEXT(2) 
PARAMETRIC_REPRESENTATION_CONTEXT() REPRESENTATION_CONTEXT('2D SPACE',''
  ) );
#1991 = PCURVE('',#1992,#1997);
#1992 = PLANE('',#1993);
#1993 = AXIS2_PLACEMENT_3D('',#1994,#1995,#1996);
#1994 = CARTESIAN_POINT('',(-22.78564453125,-54.95483398437,10.));
#1995 = DIRECTION('',(1.,0.,0.));
#1996 = DIRECTION('',(-0.,1.,0.));
#1997 = DEFINITIONAL_REPRESENTATION('',(#1998),#2002);
#1998 = LINE('',#1999,#2000);
#1999 = CARTESIAN_POINT('',(0.,0.));
#2000 = VECTOR('',#2001,1.);
#2001 = DIRECTION('',(1.,0.));
#2002 = ( GEOMETRIC_REPRESENTATION_CONTEXT(2) 
PARAMETRIC_REPRESENTATION_CONTEXT() REPRESENTATION_CONTEXT('2D SPACE',''
  ) );
#2003 = ORIENTED_EDGE('',*,*,#2004,.T.);
#2004 = EDGE_CURVE('',#1977,#2005,#2007,.T.);
#2005 = VERTEX_POINT('',#2006);
#2006 = CARTESIAN_POINT('',(-21.46728515625,-44.21752929687,10.));
#2007 = SURFACE_CURVE('',#2008,(#2012,#2019),.PCURVE_S1.);
#2008 = LINE('',#2009,#2010);
#2009 = CARTESIAN_POINT('',(-22.78564453125,-44.21752929687,10.));
#2010 = VECTOR('',#2011,1.);
#2011 = DIRECTION('',(1.,0.,0.));
#2012 = PCURVE('',#288,#2013);
#2013 = DEFINITIONAL_REPRESENTATION('',(#2014),#2018);
#2014 = LINE('',#2015,#2016);
#2015 = CARTESIAN_POINT('',(-22.78564452875,-44.21752929687));
#2016 = VECTOR('',#2017,1.);
#2017 = DIRECTION('',(1.,0.));
#2018 = ( GEOMETRIC_REPRESENTATION_CONTEXT(2) 
PARAMETRIC_REPRESENTATION_CONTEXT() REPRESENTATION_CONTEXT('2D SPACE',''
  ) );
#2019 = PCURVE('',#2020,#2025);
#2020 = PLANE('',#2021);
#2021 = AXIS2_PLACEMENT_3D('',#2022,#2023,#2024);
#2022 = CARTESIAN_POINT('',(-22.78564453125,-44.21752929687,10.));
#2023 = DIRECTION('',(0.,-1.,0.));
#2024 = DIRECTION('',(1.,0.,0.));
#2025 = DEFINITIONAL_REPRESENTATION('',(#2026),#2030);
#2026 = LINE('',#2027,#2028);
#2027 = CARTESIAN_POINT('',(0.,0.));
#2028 = VECTOR('',#2029,1.);
#2029 = DIRECTION('',(1.,0.));
#2030 = ( GEOMETRIC_REPRESENTATION_CONTEXT(2) 
PARAMETRIC_REPRESENTATION_CONTEXT() REPRESENTATION_CONTEXT('2D SPACE',''
  ) );
#2031 = ORIENTED_EDGE('',*,*,#2032,.T.);
#2032 = EDGE_CURVE('',#2005,#2033,#2035,.T.);
#2033 = VERTEX_POINT('',#2034);
#2034 = CARTESIAN_POINT('',(-21.46728515625,-48.07006835937,10.));
#2035 = SURFACE_CURVE('',#2036,(#2040,#2047),.PCURVE_S1.);
#2036 = LINE('',#2037,#2038);
#2037 = CARTESIAN_POINT('',(-21.46728515625,-44.21752929687,10.));
#2038 = VECTOR('',#2039,1.);
#2039 = DIRECTION('',(0.,-1.,0.));
#2040 = PCURVE('',#288,#2041);
#2041 = DEFINITIONAL_REPRESENTATION('',(#2042),#2046);
#2042 = LINE('',#2043,#2044);
#2043 = CARTESIAN_POINT('',(-21.46728515375,-44.21752929687));
#2044 = VECTOR('',#2045,1.);
#2045 = DIRECTION('',(0.,-1.));
#2046 = ( GEOMETRIC_REPRESENTATION_CONTEXT(2) 
PARAMETRIC_REPRESENTATION_CONTEXT() REPRESENTATION_CONTEXT('2D SPACE',''
  ) );
#2047 = PCURVE('',#2048,#2053);
#2048 = PLANE('',#2049);
#2049 = AXIS2_PLACEMENT_3D('',#2050,#2051,#2052);
#2050 = CARTESIAN_POINT('',(-21.46728515625,-44.21752929687,10.));
#2051 = DIRECTION('',(-1.,0.,0.));
#2052 = DIRECTION('',(0.,-1.,0.));
#2053 = DEFINITIONAL_REPRESENTATION('',(#2054),#2058);
#2054 = LINE('',#2055,#2056);
#2055 = CARTESIAN_POINT('',(0.,0.));
#2056 = VECTOR('',#2057,1.);
#2057 = DIRECTION('',(1.,0.));
#2058 = ( GEOMETRIC_REPRESENTATION_CONTEXT(2) 
PARAMETRIC_REPRESENTATION_CONTEXT() REPRESENTATION_CONTEXT('2D SPACE',''
  ) );
#2059 = ORIENTED_EDGE('',*,*,#2060,.F.);
#2060 = EDGE_CURVE('',#2061,#2033,#2063,.T.);
#2061 = VERTEX_POINT('',#2062);
#2062 = CARTESIAN_POINT('',(-16.4501953125,-50.02563476562,10.));
#2063 = SURFACE_CURVE('',#2064,(#2071,#2081),.PCURVE_S1.);
#2064 = B_SPLINE_CURVE_WITH_KNOTS('',2,(#2065,#2066,#2067,#2068,#2069,
    #2070),.UNSPECIFIED.,.F.,.F.,(3,1,1,1,3),(0.,1.,2.,3.,4.627118644068
    ),.UNSPECIFIED.);
#2065 = CARTESIAN_POINT('',(-16.4501953125,-50.02563476562,10.));
#2066 = CARTESIAN_POINT('',(-16.4501953125,-48.88305664062,10.));
#2067 = CARTESIAN_POINT('',(-16.99951171875,-47.68188476562,10.));
#2068 = CARTESIAN_POINT('',(-18.27392578125,-47.00073242187,10.));
#2069 = CARTESIAN_POINT('',(-20.54443359375,-47.00073242187,10.));
#2070 = CARTESIAN_POINT('',(-21.46728515625,-48.07006835937,10.));
#2071 = PCURVE('',#288,#2072);
#2072 = DEFINITIONAL_REPRESENTATION('',(#2073),#2080);
#2073 = B_SPLINE_CURVE_WITH_KNOTS('',2,(#2074,#2075,#2076,#2077,#2078,
    #2079),.UNSPECIFIED.,.F.,.F.,(3,1,1,1,3),(0.,1.,2.,3.,4.627118644068
    ),.UNSPECIFIED.);
#2074 = CARTESIAN_POINT('',(-16.45019531,-50.02563476562));
#2075 = CARTESIAN_POINT('',(-16.45019531,-48.88305664062));
#2076 = CARTESIAN_POINT('',(-16.99951171625,-47.68188476562));
#2077 = CARTESIAN_POINT('',(-18.27392577875,-47.00073242187));
#2078 = CARTESIAN_POINT('',(-20.54443359125,-47.00073242187));
#2079 = CARTESIAN_POINT('',(-21.46728515375,-48.07006835937));
#2080 = ( GEOMETRIC_REPRESENTATION_CONTEXT(2) 
PARAMETRIC_REPRESENTATION_CONTEXT() REPRESENTATION_CONTEXT('2D SPACE',''
  ) );
#2081 = PCURVE('',#2082,#2092);
#2082 = SURFACE_OF_LINEAR_EXTRUSION('',#2083,#2090);
#2083 = B_SPLINE_CURVE_WITH_KNOTS('',2,(#2084,#2085,#2086,#2087,#2088,
    #2089),.UNSPECIFIED.,.F.,.F.,(3,1,1,1,3),(0.,1.,2.,3.,4.627118644068
    ),.UNSPECIFIED.);
#2084 = CARTESIAN_POINT('',(-16.4501953125,-50.02563476562,10.));
#2085 = CARTESIAN_POINT('',(-16.4501953125,-48.88305664062,10.));
#2086 = CARTESIAN_POINT('',(-16.99951171875,-47.68188476562,10.));
#2087 = CARTESIAN_POINT('',(-18.27392578125,-47.00073242187,10.));
#2088 = CARTESIAN_POINT('',(-20.54443359375,-47.00073242187,10.));
#2089 = CARTESIAN_POINT('',(-21.46728515625,-48.07006835937,10.));
#2090 = VECTOR('',#2091,1.);
#2091 = DIRECTION('',(0.,0.,1.));
#2092 = DEFINITIONAL_REPRESENTATION('',(#2093),#2097);
#2093 = LINE('',#2094,#2095);
#2094 = CARTESIAN_POINT('',(0.,0.));
#2095 = VECTOR('',#2096,1.);
#2096 = DIRECTION('',(1.,0.));
#2097 = ( GEOMETRIC_REPRESENTATION_CONTEXT(2) 
PARAMETRIC_REPRESENTATION_CONTEXT() REPRESENTATION_CONTEXT('2D SPACE',''
  ) );
#2098 = ORIENTED_EDGE('',*,*,#2099,.T.);
#2099 = EDGE_CURVE('',#2061,#2100,#2102,.T.);
#2100 = VERTEX_POINT('',#2101);
#2101 = CARTESIAN_POINT('',(-16.4501953125,-54.95483398437,10.));
#2102 = SURFACE_CURVE('',#2103,(#2107,#2114),.PCURVE_S1.);
#2103 = LINE('',#2104,#2105);
#2104 = CARTESIAN_POINT('',(-16.4501953125,-50.02563476562,10.));
#2105 = VECTOR('',#2106,1.);
#2106 = DIRECTION('',(0.,-1.,0.));
#2107 = PCURVE('',#288,#2108);
#2108 = DEFINITIONAL_REPRESENTATION('',(#2109),#2113);
#2109 = LINE('',#2110,#2111);
#2110 = CARTESIAN_POINT('',(-16.45019531,-50.02563476562));
#2111 = VECTOR('',#2112,1.);
#2112 = DIRECTION('',(0.,-1.));
#2113 = ( GEOMETRIC_REPRESENTATION_CONTEXT(2) 
PARAMETRIC_REPRESENTATION_CONTEXT() REPRESENTATION_CONTEXT('2D SPACE',''
  ) );
#2114 = PCURVE('',#2115,#2120);
#2115 = PLANE('',#2116);
#2116 = AXIS2_PLACEMENT_3D('',#2117,#2118,#2119);
#2117 = CARTESIAN_POINT('',(-16.4501953125,-50.02563476562,10.));
#2118 = DIRECTION('',(-1.,0.,0.));
#2119 = DIRECTION('',(0.,-1.,0.));
#2120 = DEFINITIONAL_REPRESENTATION('',(#2121),#2125);
#2121 = LINE('',#2122,#2123);
#2122 = CARTESIAN_POINT('',(0.,0.));
#2123 = VECTOR('',#2124,1.);
#2124 = DIRECTION('',(1.,0.));
#2125 = ( GEOMETRIC_REPRESENTATION_CONTEXT(2) 
PARAMETRIC_REPRESENTATION_CONTEXT() REPRESENTATION_CONTEXT('2D SPACE',''
  ) );
#2126 = ORIENTED_EDGE('',*,*,#2127,.T.);
#2127 = EDGE_CURVE('',#2100,#2128,#2130,.T.);
#2128 = VERTEX_POINT('',#2129);
#2129 = CARTESIAN_POINT('',(-17.7685546875,-54.95483398437,10.));
#2130 = SURFACE_CURVE('',#2131,(#2135,#2142),.PCURVE_S1.);
#2131 = LINE('',#2132,#2133);
#2132 = CARTESIAN_POINT('',(-16.4501953125,-54.95483398437,10.));
#2133 = VECTOR('',#2134,1.);
#2134 = DIRECTION('',(-1.,0.,0.));
#2135 = PCURVE('',#288,#2136);
#2136 = DEFINITIONAL_REPRESENTATION('',(#2137),#2141);
#2137 = LINE('',#2138,#2139);
#2138 = CARTESIAN_POINT('',(-16.45019531,-54.95483398437));
#2139 = VECTOR('',#2140,1.);
#2140 = DIRECTION('',(-1.,0.));
#2141 = ( GEOMETRIC_REPRESENTATION_CONTEXT(2) 
PARAMETRIC_REPRESENTATION_CONTEXT() REPRESENTATION_CONTEXT('2D SPACE',''
  ) );
#2142 = PCURVE('',#2143,#2148);
#2143 = PLANE('',#2144);
#2144 = AXIS2_PLACEMENT_3D('',#2145,#2146,#2147);
#2145 = CARTESIAN_POINT('',(-16.4501953125,-54.95483398437,10.));
#2146 = DIRECTION('',(0.,1.,-0.));
#2147 = DIRECTION('',(-1.,0.,0.));
#2148 = DEFINITIONAL_REPRESENTATION('',(#2149),#2153);
#2149 = LINE('',#2150,#2151);
#2150 = CARTESIAN_POINT('',(0.,0.));
#2151 = VECTOR('',#2152,1.);
#2152 = DIRECTION('',(1.,0.));
#2153 = ( GEOMETRIC_REPRESENTATION_CONTEXT(2) 
PARAMETRIC_REPRESENTATION_CONTEXT() REPRESENTATION_CONTEXT('2D SPACE',''
  ) );
#2154 = ORIENTED_EDGE('',*,*,#2155,.T.);
#2155 = EDGE_CURVE('',#2128,#2156,#2158,.T.);
#2156 = VERTEX_POINT('',#2157);
#2157 = CARTESIAN_POINT('',(-17.7685546875,-50.02563476562,10.));
#2158 = SURFACE_CURVE('',#2159,(#2163,#2170),.PCURVE_S1.);
#2159 = LINE('',#2160,#2161);
#2160 = CARTESIAN_POINT('',(-17.7685546875,-54.95483398437,10.));
#2161 = VECTOR('',#2162,1.);
#2162 = DIRECTION('',(0.,1.,0.));
#2163 = PCURVE('',#288,#2164);
#2164 = DEFINITIONAL_REPRESENTATION('',(#2165),#2169);
#2165 = LINE('',#2166,#2167);
#2166 = CARTESIAN_POINT('',(-17.768554685,-54.95483398437));
#2167 = VECTOR('',#2168,1.);
#2168 = DIRECTION('',(0.,1.));
#2169 = ( GEOMETRIC_REPRESENTATION_CONTEXT(2) 
PARAMETRIC_REPRESENTATION_CONTEXT() REPRESENTATION_CONTEXT('2D SPACE',''
  ) );
#2170 = PCURVE('',#2171,#2176);
#2171 = PLANE('',#2172);
#2172 = AXIS2_PLACEMENT_3D('',#2173,#2174,#2175);
#2173 = CARTESIAN_POINT('',(-17.7685546875,-54.95483398437,10.));
#2174 = DIRECTION('',(1.,0.,0.));
#2175 = DIRECTION('',(-0.,1.,0.));
#2176 = DEFINITIONAL_REPRESENTATION('',(#2177),#2181);
#2177 = LINE('',#2178,#2179);
#2178 = CARTESIAN_POINT('',(0.,0.));
#2179 = VECTOR('',#2180,1.);
#2180 = DIRECTION('',(1.,0.));
#2181 = ( GEOMETRIC_REPRESENTATION_CONTEXT(2) 
PARAMETRIC_REPRESENTATION_CONTEXT() REPRESENTATION_CONTEXT('2D SPACE',''
  ) );
#2182 = ORIENTED_EDGE('',*,*,#2183,.F.);
#2183 = EDGE_CURVE('',#1919,#2156,#2184,.T.);
#2184 = SURFACE_CURVE('',#2185,(#2193,#2204),.PCURVE_S1.);
#2185 = B_SPLINE_CURVE_WITH_KNOTS('',2,(#2186,#2187,#2188,#2189,#2190,
    #2191,#2192),.UNSPECIFIED.,.F.,.F.,(3,1,1,1,1,3),(0.,1.,2.,3.,4.3375
    ,5.675),.UNSPECIFIED.);
#2186 = CARTESIAN_POINT('',(-21.46728515625,-50.69946289062,10.));
#2187 = CARTESIAN_POINT('',(-21.46728515625,-49.78393554687,10.));
#2188 = CARTESIAN_POINT('',(-21.02783203125,-48.74389648437,10.));
#2189 = CARTESIAN_POINT('',(-19.9951171875,-48.13598632812,10.));
#2190 = CARTESIAN_POINT('',(-18.62548828125,-48.13598632812,10.));
#2191 = CARTESIAN_POINT('',(-17.7685546875,-49.03686523437,10.));
#2192 = CARTESIAN_POINT('',(-17.7685546875,-50.02563476562,10.));
#2193 = PCURVE('',#288,#2194);
#2194 = DEFINITIONAL_REPRESENTATION('',(#2195),#2203);
#2195 = B_SPLINE_CURVE_WITH_KNOTS('',2,(#2196,#2197,#2198,#2199,#2200,
    #2201,#2202),.UNSPECIFIED.,.F.,.F.,(3,1,1,1,1,3),(0.,1.,2.,3.,4.3375
    ,5.675),.UNSPECIFIED.);
#2196 = CARTESIAN_POINT('',(-21.46728515375,-50.69946289062));
#2197 = CARTESIAN_POINT('',(-21.46728515375,-49.78393554687));
#2198 = CARTESIAN_POINT('',(-21.02783202875,-48.74389648437));
#2199 = CARTESIAN_POINT('',(-19.995117185,-48.13598632812));
#2200 = CARTESIAN_POINT('',(-18.62548827875,-48.13598632812));
#2201 = CARTESIAN_POINT('',(-17.768554685,-49.03686523437));
#2202 = CARTESIAN_POINT('',(-17.768554685,-50.02563476562));
#2203 = ( GEOMETRIC_REPRESENTATION_CONTEXT(2) 
PARAMETRIC_REPRESENTATION_CONTEXT() REPRESENTATION_CONTEXT('2D SPACE',''
  ) );
#2204 = PCURVE('',#2205,#2216);
#2205 = SURFACE_OF_LINEAR_EXTRUSION('',#2206,#2214);
#2206 = B_SPLINE_CURVE_WITH_KNOTS('',2,(#2207,#2208,#2209,#2210,#2211,
    #2212,#2213),.UNSPECIFIED.,.F.,.F.,(3,1,1,1,1,3),(0.,1.,2.,3.,4.3375
    ,5.675),.UNSPECIFIED.);
#2207 = CARTESIAN_POINT('',(-21.46728515625,-50.69946289062,10.));
#2208 = CARTESIAN_POINT('',(-21.46728515625,-49.78393554687,10.));
#2209 = CARTESIAN_POINT('',(-21.02783203125,-48.74389648437,10.));
#2210 = CARTESIAN_POINT('',(-19.9951171875,-48.13598632812,10.));
#2211 = CARTESIAN_POINT('',(-18.62548828125,-48.13598632812,10.));
#2212 = CARTESIAN_POINT('',(-17.7685546875,-49.03686523437,10.));
#2213 = CARTESIAN_POINT('',(-17.7685546875,-50.02563476562,10.));
#2214 = VECTOR('',#2215,1.);
#2215 = DIRECTION('',(0.,0.,1.));
#2216 = DEFINITIONAL_REPRESENTATION('',(#2217),#2221);
#2217 = LINE('',#2218,#2219);
#2218 = CARTESIAN_POINT('',(0.,0.));
#2219 = VECTOR('',#2220,1.);
#2220 = DIRECTION('',(1.,0.));
#2221 = ( GEOMETRIC_REPRESENTATION_CONTEXT(2) 
PARAMETRIC_REPRESENTATION_CONTEXT() REPRESENTATION_CONTEXT('2D SPACE',''
  ) );
#2222 = FACE_BOUND('',#2223,.T.);
#2223 = EDGE_LOOP('',(#2224,#2254,#2282,#2310,#2338,#2366,#2402,#2430,
    #2466));
#2224 = ORIENTED_EDGE('',*,*,#2225,.T.);
#2225 = EDGE_CURVE('',#2226,#2228,#2230,.T.);
#2226 = VERTEX_POINT('',#2227);
#2227 = CARTESIAN_POINT('',(-4.79736328125,-50.88256835937,10.));
#2228 = VERTEX_POINT('',#2229);
#2229 = CARTESIAN_POINT('',(-4.79736328125,-54.95483398437,10.));
#2230 = SURFACE_CURVE('',#2231,(#2235,#2242),.PCURVE_S1.);
#2231 = LINE('',#2232,#2233);
#2232 = CARTESIAN_POINT('',(-4.79736328125,-50.88256835937,10.));
#2233 = VECTOR('',#2234,1.);
#2234 = DIRECTION('',(0.,-1.,0.));
#2235 = PCURVE('',#288,#2236);
#2236 = DEFINITIONAL_REPRESENTATION('',(#2237),#2241);
#2237 = LINE('',#2238,#2239);
#2238 = CARTESIAN_POINT('',(-4.797363278759,-50.88256835937));
#2239 = VECTOR('',#2240,1.);
#2240 = DIRECTION('',(0.,-1.));
#2241 = ( GEOMETRIC_REPRESENTATION_CONTEXT(2) 
PARAMETRIC_REPRESENTATION_CONTEXT() REPRESENTATION_CONTEXT('2D SPACE',''
  ) );
#2242 = PCURVE('',#2243,#2248);
#2243 = PLANE('',#2244);
#2244 = AXIS2_PLACEMENT_3D('',#2245,#2246,#2247);
#2245 = CARTESIAN_POINT('',(-4.79736328125,-50.88256835937,10.));
#2246 = DIRECTION('',(-1.,0.,0.));
#2247 = DIRECTION('',(0.,-1.,0.));
#2248 = DEFINITIONAL_REPRESENTATION('',(#2249),#2253);
#2249 = LINE('',#2250,#2251);
#2250 = CARTESIAN_POINT('',(0.,0.));
#2251 = VECTOR('',#2252,1.);
#2252 = DIRECTION('',(1.,0.));
#2253 = ( GEOMETRIC_REPRESENTATION_CONTEXT(2) 
PARAMETRIC_REPRESENTATION_CONTEXT() REPRESENTATION_CONTEXT('2D SPACE',''
  ) );
#2254 = ORIENTED_EDGE('',*,*,#2255,.T.);
#2255 = EDGE_CURVE('',#2228,#2256,#2258,.T.);
#2256 = VERTEX_POINT('',#2257);
#2257 = CARTESIAN_POINT('',(-6.11572265625,-54.95483398437,10.));
#2258 = SURFACE_CURVE('',#2259,(#2263,#2270),.PCURVE_S1.);
#2259 = LINE('',#2260,#2261);
#2260 = CARTESIAN_POINT('',(-4.79736328125,-54.95483398437,10.));
#2261 = VECTOR('',#2262,1.);
#2262 = DIRECTION('',(-1.,0.,0.));
#2263 = PCURVE('',#288,#2264);
#2264 = DEFINITIONAL_REPRESENTATION('',(#2265),#2269);
#2265 = LINE('',#2266,#2267);
#2266 = CARTESIAN_POINT('',(-4.797363278759,-54.95483398437));
#2267 = VECTOR('',#2268,1.);
#2268 = DIRECTION('',(-1.,0.));
#2269 = ( GEOMETRIC_REPRESENTATION_CONTEXT(2) 
PARAMETRIC_REPRESENTATION_CONTEXT() REPRESENTATION_CONTEXT('2D SPACE',''
  ) );
#2270 = PCURVE('',#2271,#2276);
#2271 = PLANE('',#2272);
#2272 = AXIS2_PLACEMENT_3D('',#2273,#2274,#2275);
#2273 = CARTESIAN_POINT('',(-4.79736328125,-54.95483398437,10.));
#2274 = DIRECTION('',(0.,1.,-0.));
#2275 = DIRECTION('',(-1.,0.,0.));
#2276 = DEFINITIONAL_REPRESENTATION('',(#2277),#2281);
#2277 = LINE('',#2278,#2279);
#2278 = CARTESIAN_POINT('',(0.,0.));
#2279 = VECTOR('',#2280,1.);
#2280 = DIRECTION('',(1.,0.));
#2281 = ( GEOMETRIC_REPRESENTATION_CONTEXT(2) 
PARAMETRIC_REPRESENTATION_CONTEXT() REPRESENTATION_CONTEXT('2D SPACE',''
  ) );
#2282 = ORIENTED_EDGE('',*,*,#2283,.T.);
#2283 = EDGE_CURVE('',#2256,#2284,#2286,.T.);
#2284 = VERTEX_POINT('',#2285);
#2285 = CARTESIAN_POINT('',(-6.11572265625,-47.17651367187,10.));
#2286 = SURFACE_CURVE('',#2287,(#2291,#2298),.PCURVE_S1.);
#2287 = LINE('',#2288,#2289);
#2288 = CARTESIAN_POINT('',(-6.11572265625,-54.95483398437,10.));
#2289 = VECTOR('',#2290,1.);
#2290 = DIRECTION('',(0.,1.,0.));
#2291 = PCURVE('',#288,#2292);
#2292 = DEFINITIONAL_REPRESENTATION('',(#2293),#2297);
#2293 = LINE('',#2294,#2295);
#2294 = CARTESIAN_POINT('',(-6.115722653759,-54.95483398437));
#2295 = VECTOR('',#2296,1.);
#2296 = DIRECTION('',(0.,1.));
#2297 = ( GEOMETRIC_REPRESENTATION_CONTEXT(2) 
PARAMETRIC_REPRESENTATION_CONTEXT() REPRESENTATION_CONTEXT('2D SPACE',''
  ) );
#2298 = PCURVE('',#2299,#2304);
#2299 = PLANE('',#2300);
#2300 = AXIS2_PLACEMENT_3D('',#2301,#2302,#2303);
#2301 = CARTESIAN_POINT('',(-6.11572265625,-54.95483398437,10.));
#2302 = DIRECTION('',(1.,0.,0.));
#2303 = DIRECTION('',(-0.,1.,0.));
#2304 = DEFINITIONAL_REPRESENTATION('',(#2305),#2309);
#2305 = LINE('',#2306,#2307);
#2306 = CARTESIAN_POINT('',(0.,0.));
#2307 = VECTOR('',#2308,1.);
#2308 = DIRECTION('',(1.,0.));
#2309 = ( GEOMETRIC_REPRESENTATION_CONTEXT(2) 
PARAMETRIC_REPRESENTATION_CONTEXT() REPRESENTATION_CONTEXT('2D SPACE',''
  ) );
#2310 = ORIENTED_EDGE('',*,*,#2311,.T.);
#2311 = EDGE_CURVE('',#2284,#2312,#2314,.T.);
#2312 = VERTEX_POINT('',#2313);
#2313 = CARTESIAN_POINT('',(-4.92919921875,-47.17651367187,10.));
#2314 = SURFACE_CURVE('',#2315,(#2319,#2326),.PCURVE_S1.);
#2315 = LINE('',#2316,#2317);
#2316 = CARTESIAN_POINT('',(-6.11572265625,-47.17651367187,10.));
#2317 = VECTOR('',#2318,1.);
#2318 = DIRECTION('',(1.,0.,0.));
#2319 = PCURVE('',#288,#2320);
#2320 = DEFINITIONAL_REPRESENTATION('',(#2321),#2325);
#2321 = LINE('',#2322,#2323);
#2322 = CARTESIAN_POINT('',(-6.115722653759,-47.17651367187));
#2323 = VECTOR('',#2324,1.);
#2324 = DIRECTION('',(1.,0.));
#2325 = ( GEOMETRIC_REPRESENTATION_CONTEXT(2) 
PARAMETRIC_REPRESENTATION_CONTEXT() REPRESENTATION_CONTEXT('2D SPACE',''
  ) );
#2326 = PCURVE('',#2327,#2332);
#2327 = PLANE('',#2328);
#2328 = AXIS2_PLACEMENT_3D('',#2329,#2330,#2331);
#2329 = CARTESIAN_POINT('',(-6.11572265625,-47.17651367187,10.));
#2330 = DIRECTION('',(0.,-1.,0.));
#2331 = DIRECTION('',(1.,0.,0.));
#2332 = DEFINITIONAL_REPRESENTATION('',(#2333),#2337);
#2333 = LINE('',#2334,#2335);
#2334 = CARTESIAN_POINT('',(0.,0.));
#2335 = VECTOR('',#2336,1.);
#2336 = DIRECTION('',(1.,0.));
#2337 = ( GEOMETRIC_REPRESENTATION_CONTEXT(2) 
PARAMETRIC_REPRESENTATION_CONTEXT() REPRESENTATION_CONTEXT('2D SPACE',''
  ) );
#2338 = ORIENTED_EDGE('',*,*,#2339,.T.);
#2339 = EDGE_CURVE('',#2312,#2340,#2342,.T.);
#2340 = VERTEX_POINT('',#2341);
#2341 = CARTESIAN_POINT('',(-4.92919921875,-48.35571289062,10.));
#2342 = SURFACE_CURVE('',#2343,(#2347,#2354),.PCURVE_S1.);
#2343 = LINE('',#2344,#2345);
#2344 = CARTESIAN_POINT('',(-4.92919921875,-47.17651367187,10.));
#2345 = VECTOR('',#2346,1.);
#2346 = DIRECTION('',(0.,-1.,0.));
#2347 = PCURVE('',#288,#2348);
#2348 = DEFINITIONAL_REPRESENTATION('',(#2349),#2353);
#2349 = LINE('',#2350,#2351);
#2350 = CARTESIAN_POINT('',(-4.929199216259,-47.17651367187));
#2351 = VECTOR('',#2352,1.);
#2352 = DIRECTION('',(0.,-1.));
#2353 = ( GEOMETRIC_REPRESENTATION_CONTEXT(2) 
PARAMETRIC_REPRESENTATION_CONTEXT() REPRESENTATION_CONTEXT('2D SPACE',''
  ) );
#2354 = PCURVE('',#2355,#2360);
#2355 = PLANE('',#2356);
#2356 = AXIS2_PLACEMENT_3D('',#2357,#2358,#2359);
#2357 = CARTESIAN_POINT('',(-4.92919921875,-47.17651367187,10.));
#2358 = DIRECTION('',(-1.,0.,0.));
#2359 = DIRECTION('',(0.,-1.,0.));
#2360 = DEFINITIONAL_REPRESENTATION('',(#2361),#2365);
#2361 = LINE('',#2362,#2363);
#2362 = CARTESIAN_POINT('',(0.,0.));
#2363 = VECTOR('',#2364,1.);
#2364 = DIRECTION('',(1.,0.));
#2365 = ( GEOMETRIC_REPRESENTATION_CONTEXT(2) 
PARAMETRIC_REPRESENTATION_CONTEXT() REPRESENTATION_CONTEXT('2D SPACE',''
  ) );
#2366 = ORIENTED_EDGE('',*,*,#2367,.F.);
#2367 = EDGE_CURVE('',#2368,#2340,#2370,.T.);
#2368 = VERTEX_POINT('',#2369);
#2369 = CARTESIAN_POINT('',(-1.8896484375,-47.42553710937,10.));
#2370 = SURFACE_CURVE('',#2371,(#2377,#2386),.PCURVE_S1.);
#2371 = B_SPLINE_CURVE_WITH_KNOTS('',2,(#2372,#2373,#2374,#2375,#2376),
  .UNSPECIFIED.,.F.,.F.,(3,1,1,3),(0.,1.,1.692307692308,2.384615384615),
  .UNSPECIFIED.);
#2372 = CARTESIAN_POINT('',(-1.8896484375,-47.42553710937,10.));
#2373 = CARTESIAN_POINT('',(-2.578125,-47.00073242187,10.));
#2374 = CARTESIAN_POINT('',(-3.7060546875,-47.00073242187,10.));
#2375 = CARTESIAN_POINT('',(-4.47509765625,-47.52807617187,10.));
#2376 = CARTESIAN_POINT('',(-4.92919921875,-48.35571289062,10.));
#2377 = PCURVE('',#288,#2378);
#2378 = DEFINITIONAL_REPRESENTATION('',(#2379),#2385);
#2379 = B_SPLINE_CURVE_WITH_KNOTS('',2,(#2380,#2381,#2382,#2383,#2384),
  .UNSPECIFIED.,.F.,.F.,(3,1,1,3),(0.,1.,1.692307692308,2.384615384615),
  .UNSPECIFIED.);
#2380 = CARTESIAN_POINT('',(-1.889648435009,-47.42553710937));
#2381 = CARTESIAN_POINT('',(-2.578124997509,-47.00073242187));
#2382 = CARTESIAN_POINT('',(-3.706054685009,-47.00073242187));
#2383 = CARTESIAN_POINT('',(-4.475097653759,-47.52807617187));
#2384 = CARTESIAN_POINT('',(-4.929199216259,-48.35571289062));
#2385 = ( GEOMETRIC_REPRESENTATION_CONTEXT(2) 
PARAMETRIC_REPRESENTATION_CONTEXT() REPRESENTATION_CONTEXT('2D SPACE',''
  ) );
#2386 = PCURVE('',#2387,#2396);
#2387 = SURFACE_OF_LINEAR_EXTRUSION('',#2388,#2394);
#2388 = B_SPLINE_CURVE_WITH_KNOTS('',2,(#2389,#2390,#2391,#2392,#2393),
  .UNSPECIFIED.,.F.,.F.,(3,1,1,3),(0.,1.,1.692307692308,2.384615384615),
  .UNSPECIFIED.);
#2389 = CARTESIAN_POINT('',(-1.8896484375,-47.42553710937,10.));
#2390 = CARTESIAN_POINT('',(-2.578125,-47.00073242187,10.));
#2391 = CARTESIAN_POINT('',(-3.7060546875,-47.00073242187,10.));
#2392 = CARTESIAN_POINT('',(-4.47509765625,-47.52807617187,10.));
#2393 = CARTESIAN_POINT('',(-4.92919921875,-48.35571289062,10.));
#2394 = VECTOR('',#2395,1.);
#2395 = DIRECTION('',(0.,0.,1.));
#2396 = DEFINITIONAL_REPRESENTATION('',(#2397),#2401);
#2397 = LINE('',#2398,#2399);
#2398 = CARTESIAN_POINT('',(0.,0.));
#2399 = VECTOR('',#2400,1.);
#2400 = DIRECTION('',(1.,0.));
#2401 = ( GEOMETRIC_REPRESENTATION_CONTEXT(2) 
PARAMETRIC_REPRESENTATION_CONTEXT() REPRESENTATION_CONTEXT('2D SPACE',''
  ) );
#2402 = ORIENTED_EDGE('',*,*,#2403,.T.);
#2403 = EDGE_CURVE('',#2368,#2404,#2406,.T.);
#2404 = VERTEX_POINT('',#2405);
#2405 = CARTESIAN_POINT('',(-2.34375,-48.64868164062,10.));
#2406 = SURFACE_CURVE('',#2407,(#2411,#2418),.PCURVE_S1.);
#2407 = LINE('',#2408,#2409);
#2408 = CARTESIAN_POINT('',(-1.8896484375,-47.42553710937,10.));
#2409 = VECTOR('',#2410,1.);
#2410 = DIRECTION('',(-0.348045580658,-0.937477612418,0.));
#2411 = PCURVE('',#288,#2412);
#2412 = DEFINITIONAL_REPRESENTATION('',(#2413),#2417);
#2413 = LINE('',#2414,#2415);
#2414 = CARTESIAN_POINT('',(-1.889648435009,-47.42553710937));
#2415 = VECTOR('',#2416,1.);
#2416 = DIRECTION('',(-0.348045580658,-0.937477612418));
#2417 = ( GEOMETRIC_REPRESENTATION_CONTEXT(2) 
PARAMETRIC_REPRESENTATION_CONTEXT() REPRESENTATION_CONTEXT('2D SPACE',''
  ) );
#2418 = PCURVE('',#2419,#2424);
#2419 = PLANE('',#2420);
#2420 = AXIS2_PLACEMENT_3D('',#2421,#2422,#2423);
#2421 = CARTESIAN_POINT('',(-1.8896484375,-47.42553710937,10.));
#2422 = DIRECTION('',(-0.937477612418,0.348045580658,0.));
#2423 = DIRECTION('',(-0.348045580658,-0.937477612418,0.));
#2424 = DEFINITIONAL_REPRESENTATION('',(#2425),#2429);
#2425 = LINE('',#2426,#2427);
#2426 = CARTESIAN_POINT('',(0.,0.));
#2427 = VECTOR('',#2428,1.);
#2428 = DIRECTION('',(1.,0.));
#2429 = ( GEOMETRIC_REPRESENTATION_CONTEXT(2) 
PARAMETRIC_REPRESENTATION_CONTEXT() REPRESENTATION_CONTEXT('2D SPACE',''
  ) );
#2430 = ORIENTED_EDGE('',*,*,#2431,.F.);
#2431 = EDGE_CURVE('',#2432,#2404,#2434,.T.);
#2432 = VERTEX_POINT('',#2433);
#2433 = CARTESIAN_POINT('',(-4.57763671875,-49.34448242187,10.));
#2434 = SURFACE_CURVE('',#2435,(#2441,#2450),.PCURVE_S1.);
#2435 = B_SPLINE_CURVE_WITH_KNOTS('',2,(#2436,#2437,#2438,#2439,#2440),
  .UNSPECIFIED.,.F.,.F.,(3,1,1,3),(0.,1.,2.,3.118644067797),
  .UNSPECIFIED.);
#2436 = CARTESIAN_POINT('',(-4.57763671875,-49.34448242187,10.));
#2437 = CARTESIAN_POINT('',(-4.43115234375,-48.88305664062,10.));
#2438 = CARTESIAN_POINT('',(-3.74267578125,-48.36303710937,10.));
#2439 = CARTESIAN_POINT('',(-2.8271484375,-48.36303710937,10.));
#2440 = CARTESIAN_POINT('',(-2.34375,-48.64868164062,10.));
#2441 = PCURVE('',#288,#2442);
#2442 = DEFINITIONAL_REPRESENTATION('',(#2443),#2449);
#2443 = B_SPLINE_CURVE_WITH_KNOTS('',2,(#2444,#2445,#2446,#2447,#2448),
  .UNSPECIFIED.,.F.,.F.,(3,1,1,3),(0.,1.,2.,3.118644067797),
  .UNSPECIFIED.);
#2444 = CARTESIAN_POINT('',(-4.577636716259,-49.34448242187));
#2445 = CARTESIAN_POINT('',(-4.431152341259,-48.88305664062));
#2446 = CARTESIAN_POINT('',(-3.742675778759,-48.36303710937));
#2447 = CARTESIAN_POINT('',(-2.827148435009,-48.36303710937));
#2448 = CARTESIAN_POINT('',(-2.343749997509,-48.64868164062));
#2449 = ( GEOMETRIC_REPRESENTATION_CONTEXT(2) 
PARAMETRIC_REPRESENTATION_CONTEXT() REPRESENTATION_CONTEXT('2D SPACE',''
  ) );
#2450 = PCURVE('',#2451,#2460);
#2451 = SURFACE_OF_LINEAR_EXTRUSION('',#2452,#2458);
#2452 = B_SPLINE_CURVE_WITH_KNOTS('',2,(#2453,#2454,#2455,#2456,#2457),
  .UNSPECIFIED.,.F.,.F.,(3,1,1,3),(0.,1.,2.,3.118644067797),
  .UNSPECIFIED.);
#2453 = CARTESIAN_POINT('',(-4.57763671875,-49.34448242187,10.));
#2454 = CARTESIAN_POINT('',(-4.43115234375,-48.88305664062,10.));
#2455 = CARTESIAN_POINT('',(-3.74267578125,-48.36303710937,10.));
#2456 = CARTESIAN_POINT('',(-2.8271484375,-48.36303710937,10.));
#2457 = CARTESIAN_POINT('',(-2.34375,-48.64868164062,10.));
#2458 = VECTOR('',#2459,1.);
#2459 = DIRECTION('',(0.,0.,1.));
#2460 = DEFINITIONAL_REPRESENTATION('',(#2461),#2465);
#2461 = LINE('',#2462,#2463);
#2462 = CARTESIAN_POINT('',(0.,0.));
#2463 = VECTOR('',#2464,1.);
#2464 = DIRECTION('',(1.,0.));
#2465 = ( GEOMETRIC_REPRESENTATION_CONTEXT(2) 
PARAMETRIC_REPRESENTATION_CONTEXT() REPRESENTATION_CONTEXT('2D SPACE',''
  ) );
#2466 = ORIENTED_EDGE('',*,*,#2467,.T.);
#2467 = EDGE_CURVE('',#2432,#2226,#2468,.T.);
#2468 = SURFACE_CURVE('',#2469,(#2473,#2480),.PCURVE_S1.);
#2469 = B_SPLINE_CURVE_WITH_KNOTS('',2,(#2470,#2471,#2472),
  .UNSPECIFIED.,.F.,.F.,(3,3),(0.,1.),.PIECEWISE_BEZIER_KNOTS.);
#2470 = CARTESIAN_POINT('',(-4.57763671875,-49.34448242187,10.));
#2471 = CARTESIAN_POINT('',(-4.79736328125,-50.04760742187,10.));
#2472 = CARTESIAN_POINT('',(-4.79736328125,-50.88256835937,10.));
#2473 = PCURVE('',#288,#2474);
#2474 = DEFINITIONAL_REPRESENTATION('',(#2475),#2479);
#2475 = B_SPLINE_CURVE_WITH_KNOTS('',2,(#2476,#2477,#2478),
  .UNSPECIFIED.,.F.,.F.,(3,3),(0.,1.),.PIECEWISE_BEZIER_KNOTS.);
#2476 = CARTESIAN_POINT('',(-4.577636716259,-49.34448242187));
#2477 = CARTESIAN_POINT('',(-4.797363278759,-50.04760742187));
#2478 = CARTESIAN_POINT('',(-4.797363278759,-50.88256835937));
#2479 = ( GEOMETRIC_REPRESENTATION_CONTEXT(2) 
PARAMETRIC_REPRESENTATION_CONTEXT() REPRESENTATION_CONTEXT('2D SPACE',''
  ) );
#2480 = PCURVE('',#2481,#2488);
#2481 = SURFACE_OF_LINEAR_EXTRUSION('',#2482,#2486);
#2482 = B_SPLINE_CURVE_WITH_KNOTS('',2,(#2483,#2484,#2485),
  .UNSPECIFIED.,.F.,.F.,(3,3),(0.,1.),.PIECEWISE_BEZIER_KNOTS.);
#2483 = CARTESIAN_POINT('',(-4.57763671875,-49.34448242187,10.));
#2484 = CARTESIAN_POINT('',(-4.79736328125,-50.04760742187,10.));
#2485 = CARTESIAN_POINT('',(-4.79736328125,-50.88256835937,10.));
#2486 = VECTOR('',#2487,1.);
#2487 = DIRECTION('',(0.,0.,1.));
#2488 = DEFINITIONAL_REPRESENTATION('',(#2489),#2493);
#2489 = LINE('',#2490,#2491);
#2490 = CARTESIAN_POINT('',(0.,0.));
#2491 = VECTOR('',#2492,1.);
#2492 = DIRECTION('',(1.,0.));
#2493 = ( GEOMETRIC_REPRESENTATION_CONTEXT(2) 
PARAMETRIC_REPRESENTATION_CONTEXT() REPRESENTATION_CONTEXT('2D SPACE',''
  ) );
#2494 = FACE_BOUND('',#2495,.T.);
#2495 = EDGE_LOOP('',(#2496,#2526,#2554,#2582,#2610,#2643,#2671));
#2496 = ORIENTED_EDGE('',*,*,#2497,.T.);
#2497 = EDGE_CURVE('',#2498,#2500,#2502,.T.);
#2498 = VERTEX_POINT('',#2499);
#2499 = CARTESIAN_POINT('',(10.986328125,-44.17358398437,10.));
#2500 = VERTEX_POINT('',#2501);
#2501 = CARTESIAN_POINT('',(11.8359375,-44.17358398437,10.));
#2502 = SURFACE_CURVE('',#2503,(#2507,#2514),.PCURVE_S1.);
#2503 = LINE('',#2504,#2505);
#2504 = CARTESIAN_POINT('',(10.986328125,-44.17358398437,10.));
#2505 = VECTOR('',#2506,1.);
#2506 = DIRECTION('',(1.,0.,0.));
#2507 = PCURVE('',#288,#2508);
#2508 = DEFINITIONAL_REPRESENTATION('',(#2509),#2513);
#2509 = LINE('',#2510,#2511);
#2510 = CARTESIAN_POINT('',(10.986328127491,-44.17358398437));
#2511 = VECTOR('',#2512,1.);
#2512 = DIRECTION('',(1.,0.));
#2513 = ( GEOMETRIC_REPRESENTATION_CONTEXT(2) 
PARAMETRIC_REPRESENTATION_CONTEXT() REPRESENTATION_CONTEXT('2D SPACE',''
  ) );
#2514 = PCURVE('',#2515,#2520);
#2515 = PLANE('',#2516);
#2516 = AXIS2_PLACEMENT_3D('',#2517,#2518,#2519);
#2517 = CARTESIAN_POINT('',(10.986328125,-44.17358398437,10.));
#2518 = DIRECTION('',(0.,-1.,0.));
#2519 = DIRECTION('',(1.,0.,0.));
#2520 = DEFINITIONAL_REPRESENTATION('',(#2521),#2525);
#2521 = LINE('',#2522,#2523);
#2522 = CARTESIAN_POINT('',(0.,0.));
#2523 = VECTOR('',#2524,1.);
#2524 = DIRECTION('',(1.,0.));
#2525 = ( GEOMETRIC_REPRESENTATION_CONTEXT(2) 
PARAMETRIC_REPRESENTATION_CONTEXT() REPRESENTATION_CONTEXT('2D SPACE',''
  ) );
#2526 = ORIENTED_EDGE('',*,*,#2527,.T.);
#2527 = EDGE_CURVE('',#2500,#2528,#2530,.T.);
#2528 = VERTEX_POINT('',#2529);
#2529 = CARTESIAN_POINT('',(11.8359375,-54.95483398437,10.));
#2530 = SURFACE_CURVE('',#2531,(#2535,#2542),.PCURVE_S1.);
#2531 = LINE('',#2532,#2533);
#2532 = CARTESIAN_POINT('',(11.8359375,-44.17358398437,10.));
#2533 = VECTOR('',#2534,1.);
#2534 = DIRECTION('',(0.,-1.,0.));
#2535 = PCURVE('',#288,#2536);
#2536 = DEFINITIONAL_REPRESENTATION('',(#2537),#2541);
#2537 = LINE('',#2538,#2539);
#2538 = CARTESIAN_POINT('',(11.835937502491,-44.17358398437));
#2539 = VECTOR('',#2540,1.);
#2540 = DIRECTION('',(0.,-1.));
#2541 = ( GEOMETRIC_REPRESENTATION_CONTEXT(2) 
PARAMETRIC_REPRESENTATION_CONTEXT() REPRESENTATION_CONTEXT('2D SPACE',''
  ) );
#2542 = PCURVE('',#2543,#2548);
#2543 = PLANE('',#2544);
#2544 = AXIS2_PLACEMENT_3D('',#2545,#2546,#2547);
#2545 = CARTESIAN_POINT('',(11.8359375,-44.17358398437,10.));
#2546 = DIRECTION('',(-1.,0.,0.));
#2547 = DIRECTION('',(0.,-1.,0.));
#2548 = DEFINITIONAL_REPRESENTATION('',(#2549),#2553);
#2549 = LINE('',#2550,#2551);
#2550 = CARTESIAN_POINT('',(0.,0.));
#2551 = VECTOR('',#2552,1.);
#2552 = DIRECTION('',(1.,0.));
#2553 = ( GEOMETRIC_REPRESENTATION_CONTEXT(2) 
PARAMETRIC_REPRESENTATION_CONTEXT() REPRESENTATION_CONTEXT('2D SPACE',''
  ) );
#2554 = ORIENTED_EDGE('',*,*,#2555,.T.);
#2555 = EDGE_CURVE('',#2528,#2556,#2558,.T.);
#2556 = VERTEX_POINT('',#2557);
#2557 = CARTESIAN_POINT('',(10.517578125,-54.95483398437,10.));
#2558 = SURFACE_CURVE('',#2559,(#2563,#2570),.PCURVE_S1.);
#2559 = LINE('',#2560,#2561);
#2560 = CARTESIAN_POINT('',(11.8359375,-54.95483398437,10.));
#2561 = VECTOR('',#2562,1.);
#2562 = DIRECTION('',(-1.,0.,0.));
#2563 = PCURVE('',#288,#2564);
#2564 = DEFINITIONAL_REPRESENTATION('',(#2565),#2569);
#2565 = LINE('',#2566,#2567);
#2566 = CARTESIAN_POINT('',(11.835937502491,-54.95483398437));
#2567 = VECTOR('',#2568,1.);
#2568 = DIRECTION('',(-1.,0.));
#2569 = ( GEOMETRIC_REPRESENTATION_CONTEXT(2) 
PARAMETRIC_REPRESENTATION_CONTEXT() REPRESENTATION_CONTEXT('2D SPACE',''
  ) );
#2570 = PCURVE('',#2571,#2576);
#2571 = PLANE('',#2572);
#2572 = AXIS2_PLACEMENT_3D('',#2573,#2574,#2575);
#2573 = CARTESIAN_POINT('',(11.8359375,-54.95483398437,10.));
#2574 = DIRECTION('',(0.,1.,-0.));
#2575 = DIRECTION('',(-1.,0.,0.));
#2576 = DEFINITIONAL_REPRESENTATION('',(#2577),#2581);
#2577 = LINE('',#2578,#2579);
#2578 = CARTESIAN_POINT('',(0.,0.));
#2579 = VECTOR('',#2580,1.);
#2580 = DIRECTION('',(1.,0.));
#2581 = ( GEOMETRIC_REPRESENTATION_CONTEXT(2) 
PARAMETRIC_REPRESENTATION_CONTEXT() REPRESENTATION_CONTEXT('2D SPACE',''
  ) );
#2582 = ORIENTED_EDGE('',*,*,#2583,.T.);
#2583 = EDGE_CURVE('',#2556,#2584,#2586,.T.);
#2584 = VERTEX_POINT('',#2585);
#2585 = CARTESIAN_POINT('',(10.517578125,-46.55395507812,10.));
#2586 = SURFACE_CURVE('',#2587,(#2591,#2598),.PCURVE_S1.);
#2587 = LINE('',#2588,#2589);
#2588 = CARTESIAN_POINT('',(10.517578125,-54.95483398437,10.));
#2589 = VECTOR('',#2590,1.);
#2590 = DIRECTION('',(0.,1.,0.));
#2591 = PCURVE('',#288,#2592);
#2592 = DEFINITIONAL_REPRESENTATION('',(#2593),#2597);
#2593 = LINE('',#2594,#2595);
#2594 = CARTESIAN_POINT('',(10.517578127491,-54.95483398437));
#2595 = VECTOR('',#2596,1.);
#2596 = DIRECTION('',(0.,1.));
#2597 = ( GEOMETRIC_REPRESENTATION_CONTEXT(2) 
PARAMETRIC_REPRESENTATION_CONTEXT() REPRESENTATION_CONTEXT('2D SPACE',''
  ) );
#2598 = PCURVE('',#2599,#2604);
#2599 = PLANE('',#2600);
#2600 = AXIS2_PLACEMENT_3D('',#2601,#2602,#2603);
#2601 = CARTESIAN_POINT('',(10.517578125,-54.95483398437,10.));
#2602 = DIRECTION('',(1.,0.,0.));
#2603 = DIRECTION('',(-0.,1.,0.));
#2604 = DEFINITIONAL_REPRESENTATION('',(#2605),#2609);
#2605 = LINE('',#2606,#2607);
#2606 = CARTESIAN_POINT('',(0.,0.));
#2607 = VECTOR('',#2608,1.);
#2608 = DIRECTION('',(1.,0.));
#2609 = ( GEOMETRIC_REPRESENTATION_CONTEXT(2) 
PARAMETRIC_REPRESENTATION_CONTEXT() REPRESENTATION_CONTEXT('2D SPACE',''
  ) );
#2610 = ORIENTED_EDGE('',*,*,#2611,.F.);
#2611 = EDGE_CURVE('',#2612,#2584,#2614,.T.);
#2612 = VERTEX_POINT('',#2613);
#2613 = CARTESIAN_POINT('',(7.880859375,-48.14331054687,10.));
#2614 = SURFACE_CURVE('',#2615,(#2620,#2628),.PCURVE_S1.);
#2615 = B_SPLINE_CURVE_WITH_KNOTS('',2,(#2616,#2617,#2618,#2619),
  .UNSPECIFIED.,.F.,.F.,(3,1,3),(0.,1.,2.),.QUASI_UNIFORM_KNOTS.);
#2616 = CARTESIAN_POINT('',(7.880859375,-48.14331054687,10.));
#2617 = CARTESIAN_POINT('',(8.49609375,-47.91625976562,10.));
#2618 = CARTESIAN_POINT('',(10.04150390625,-47.00805664062,10.));
#2619 = CARTESIAN_POINT('',(10.517578125,-46.55395507812,10.));
#2620 = PCURVE('',#288,#2621);
#2621 = DEFINITIONAL_REPRESENTATION('',(#2622),#2627);
#2622 = B_SPLINE_CURVE_WITH_KNOTS('',2,(#2623,#2624,#2625,#2626),
  .UNSPECIFIED.,.F.,.F.,(3,1,3),(0.,1.,2.),.QUASI_UNIFORM_KNOTS.);
#2623 = CARTESIAN_POINT('',(7.880859377491,-48.14331054687));
#2624 = CARTESIAN_POINT('',(8.496093752491,-47.91625976562));
#2625 = CARTESIAN_POINT('',(10.041503908741,-47.00805664062));
#2626 = CARTESIAN_POINT('',(10.517578127491,-46.55395507812));
#2627 = ( GEOMETRIC_REPRESENTATION_CONTEXT(2) 
PARAMETRIC_REPRESENTATION_CONTEXT() REPRESENTATION_CONTEXT('2D SPACE',''
  ) );
#2628 = PCURVE('',#2629,#2637);
#2629 = SURFACE_OF_LINEAR_EXTRUSION('',#2630,#2635);
#2630 = B_SPLINE_CURVE_WITH_KNOTS('',2,(#2631,#2632,#2633,#2634),
  .UNSPECIFIED.,.F.,.F.,(3,1,3),(0.,1.,2.),.QUASI_UNIFORM_KNOTS.);
#2631 = CARTESIAN_POINT('',(7.880859375,-48.14331054687,10.));
#2632 = CARTESIAN_POINT('',(8.49609375,-47.91625976562,10.));
#2633 = CARTESIAN_POINT('',(10.04150390625,-47.00805664062,10.));
#2634 = CARTESIAN_POINT('',(10.517578125,-46.55395507812,10.));
#2635 = VECTOR('',#2636,1.);
#2636 = DIRECTION('',(0.,0.,1.));
#2637 = DEFINITIONAL_REPRESENTATION('',(#2638),#2642);
#2638 = LINE('',#2639,#2640);
#2639 = CARTESIAN_POINT('',(0.,0.));
#2640 = VECTOR('',#2641,1.);
#2641 = DIRECTION('',(1.,0.));
#2642 = ( GEOMETRIC_REPRESENTATION_CONTEXT(2) 
PARAMETRIC_REPRESENTATION_CONTEXT() REPRESENTATION_CONTEXT('2D SPACE',''
  ) );
#2643 = ORIENTED_EDGE('',*,*,#2644,.T.);
#2644 = EDGE_CURVE('',#2612,#2645,#2647,.T.);
#2645 = VERTEX_POINT('',#2646);
#2646 = CARTESIAN_POINT('',(7.880859375,-46.86889648437,10.));
#2647 = SURFACE_CURVE('',#2648,(#2652,#2659),.PCURVE_S1.);
#2648 = LINE('',#2649,#2650);
#2649 = CARTESIAN_POINT('',(7.880859375,-48.14331054687,10.));
#2650 = VECTOR('',#2651,1.);
#2651 = DIRECTION('',(0.,1.,0.));
#2652 = PCURVE('',#288,#2653);
#2653 = DEFINITIONAL_REPRESENTATION('',(#2654),#2658);
#2654 = LINE('',#2655,#2656);
#2655 = CARTESIAN_POINT('',(7.880859377491,-48.14331054687));
#2656 = VECTOR('',#2657,1.);
#2657 = DIRECTION('',(0.,1.));
#2658 = ( GEOMETRIC_REPRESENTATION_CONTEXT(2) 
PARAMETRIC_REPRESENTATION_CONTEXT() REPRESENTATION_CONTEXT('2D SPACE',''
  ) );
#2659 = PCURVE('',#2660,#2665);
#2660 = PLANE('',#2661);
#2661 = AXIS2_PLACEMENT_3D('',#2662,#2663,#2664);
#2662 = CARTESIAN_POINT('',(7.880859375,-48.14331054687,10.));
#2663 = DIRECTION('',(1.,0.,0.));
#2664 = DIRECTION('',(-0.,1.,0.));
#2665 = DEFINITIONAL_REPRESENTATION('',(#2666),#2670);
#2666 = LINE('',#2667,#2668);
#2667 = CARTESIAN_POINT('',(0.,0.));
#2668 = VECTOR('',#2669,1.);
#2669 = DIRECTION('',(1.,0.));
#2670 = ( GEOMETRIC_REPRESENTATION_CONTEXT(2) 
PARAMETRIC_REPRESENTATION_CONTEXT() REPRESENTATION_CONTEXT('2D SPACE',''
  ) );
#2671 = ORIENTED_EDGE('',*,*,#2672,.F.);
#2672 = EDGE_CURVE('',#2498,#2645,#2673,.T.);
#2673 = SURFACE_CURVE('',#2674,(#2679,#2687),.PCURVE_S1.);
#2674 = B_SPLINE_CURVE_WITH_KNOTS('',2,(#2675,#2676,#2677,#2678),
  .UNSPECIFIED.,.F.,.F.,(3,1,3),(0.,1.,2.),.QUASI_UNIFORM_KNOTS.);
#2675 = CARTESIAN_POINT('',(10.986328125,-44.17358398437,10.));
#2676 = CARTESIAN_POINT('',(10.64208984375,-44.86938476562,10.));
#2677 = CARTESIAN_POINT('',(8.98681640625,-46.34887695312,10.));
#2678 = CARTESIAN_POINT('',(7.880859375,-46.86889648437,10.));
#2679 = PCURVE('',#288,#2680);
#2680 = DEFINITIONAL_REPRESENTATION('',(#2681),#2686);
#2681 = B_SPLINE_CURVE_WITH_KNOTS('',2,(#2682,#2683,#2684,#2685),
  .UNSPECIFIED.,.F.,.F.,(3,1,3),(0.,1.,2.),.QUASI_UNIFORM_KNOTS.);
#2682 = CARTESIAN_POINT('',(10.986328127491,-44.17358398437));
#2683 = CARTESIAN_POINT('',(10.642089846241,-44.86938476562));
#2684 = CARTESIAN_POINT('',(8.986816408741,-46.34887695312));
#2685 = CARTESIAN_POINT('',(7.880859377491,-46.86889648437));
#2686 = ( GEOMETRIC_REPRESENTATION_CONTEXT(2) 
PARAMETRIC_REPRESENTATION_CONTEXT() REPRESENTATION_CONTEXT('2D SPACE',''
  ) );
#2687 = PCURVE('',#2688,#2696);
#2688 = SURFACE_OF_LINEAR_EXTRUSION('',#2689,#2694);
#2689 = B_SPLINE_CURVE_WITH_KNOTS('',2,(#2690,#2691,#2692,#2693),
  .UNSPECIFIED.,.F.,.F.,(3,1,3),(0.,1.,2.),.QUASI_UNIFORM_KNOTS.);
#2690 = CARTESIAN_POINT('',(10.986328125,-44.17358398437,10.));
#2691 = CARTESIAN_POINT('',(10.64208984375,-44.86938476562,10.));
#2692 = CARTESIAN_POINT('',(8.98681640625,-46.34887695312,10.));
#2693 = CARTESIAN_POINT('',(7.880859375,-46.86889648437,10.));
#2694 = VECTOR('',#2695,1.);
#2695 = DIRECTION('',(0.,0.,1.));
#2696 = DEFINITIONAL_REPRESENTATION('',(#2697),#2701);
#2697 = LINE('',#2698,#2699);
#2698 = CARTESIAN_POINT('',(0.,0.));
#2699 = VECTOR('',#2700,1.);
#2700 = DIRECTION('',(1.,0.));
#2701 = ( GEOMETRIC_REPRESENTATION_CONTEXT(2) 
PARAMETRIC_REPRESENTATION_CONTEXT() REPRESENTATION_CONTEXT('2D SPACE',''
  ) );
#2702 = FACE_BOUND('',#2703,.T.);
#2703 = EDGE_LOOP('',(#2704,#2739,#2767,#2795,#2823,#2853,#2886,#2931,
    #2959));
#2704 = ORIENTED_EDGE('',*,*,#2705,.F.);
#2705 = EDGE_CURVE('',#2706,#2708,#2710,.T.);
#2706 = VERTEX_POINT('',#2707);
#2707 = CARTESIAN_POINT('',(16.875,-53.68774414062,10.));
#2708 = VERTEX_POINT('',#2709);
#2709 = CARTESIAN_POINT('',(18.955078125,-51.62231445312,10.));
#2710 = SURFACE_CURVE('',#2711,(#2716,#2724),.PCURVE_S1.);
#2711 = B_SPLINE_CURVE_WITH_KNOTS('',2,(#2712,#2713,#2714,#2715),
  .UNSPECIFIED.,.F.,.F.,(3,1,3),(0.,1.,2.),.QUASI_UNIFORM_KNOTS.);
#2712 = CARTESIAN_POINT('',(16.875,-53.68774414062,10.));
#2713 = CARTESIAN_POINT('',(17.0947265625,-53.32885742187,10.));
#2714 = CARTESIAN_POINT('',(17.7685546875,-52.61840820312,10.));
#2715 = CARTESIAN_POINT('',(18.955078125,-51.62231445312,10.));
#2716 = PCURVE('',#288,#2717);
#2717 = DEFINITIONAL_REPRESENTATION('',(#2718),#2723);
#2718 = B_SPLINE_CURVE_WITH_KNOTS('',2,(#2719,#2720,#2721,#2722),
  .UNSPECIFIED.,.F.,.F.,(3,1,3),(0.,1.,2.),.QUASI_UNIFORM_KNOTS.);
#2719 = CARTESIAN_POINT('',(16.875000002491,-53.68774414062));
#2720 = CARTESIAN_POINT('',(17.094726564991,-53.32885742187));
#2721 = CARTESIAN_POINT('',(17.768554689991,-52.61840820312));
#2722 = CARTESIAN_POINT('',(18.955078127491,-51.62231445312));
#2723 = ( GEOMETRIC_REPRESENTATION_CONTEXT(2) 
PARAMETRIC_REPRESENTATION_CONTEXT() REPRESENTATION_CONTEXT('2D SPACE',''
  ) );
#2724 = PCURVE('',#2725,#2733);
#2725 = SURFACE_OF_LINEAR_EXTRUSION('',#2726,#2731);
#2726 = B_SPLINE_CURVE_WITH_KNOTS('',2,(#2727,#2728,#2729,#2730),
  .UNSPECIFIED.,.F.,.F.,(3,1,3),(0.,1.,2.),.QUASI_UNIFORM_KNOTS.);
#2727 = CARTESIAN_POINT('',(16.875,-53.68774414062,10.));
#2728 = CARTESIAN_POINT('',(17.0947265625,-53.32885742187,10.));
#2729 = CARTESIAN_POINT('',(17.7685546875,-52.61840820312,10.));
#2730 = CARTESIAN_POINT('',(18.955078125,-51.62231445312,10.));
#2731 = VECTOR('',#2732,1.);
#2732 = DIRECTION('',(0.,0.,1.));
#2733 = DEFINITIONAL_REPRESENTATION('',(#2734),#2738);
#2734 = LINE('',#2735,#2736);
#2735 = CARTESIAN_POINT('',(0.,0.));
#2736 = VECTOR('',#2737,1.);
#2737 = DIRECTION('',(1.,0.));
#2738 = ( GEOMETRIC_REPRESENTATION_CONTEXT(2) 
PARAMETRIC_REPRESENTATION_CONTEXT() REPRESENTATION_CONTEXT('2D SPACE',''
  ) );
#2739 = ORIENTED_EDGE('',*,*,#2740,.T.);
#2740 = EDGE_CURVE('',#2706,#2741,#2743,.T.);
#2741 = VERTEX_POINT('',#2742);
#2742 = CARTESIAN_POINT('',(22.14111328125,-53.68774414062,10.));
#2743 = SURFACE_CURVE('',#2744,(#2748,#2755),.PCURVE_S1.);
#2744 = LINE('',#2745,#2746);
#2745 = CARTESIAN_POINT('',(16.875,-53.68774414062,10.));
#2746 = VECTOR('',#2747,1.);
#2747 = DIRECTION('',(1.,0.,0.));
#2748 = PCURVE('',#288,#2749);
#2749 = DEFINITIONAL_REPRESENTATION('',(#2750),#2754);
#2750 = LINE('',#2751,#2752);
#2751 = CARTESIAN_POINT('',(16.875000002491,-53.68774414062));
#2752 = VECTOR('',#2753,1.);
#2753 = DIRECTION('',(1.,0.));
#2754 = ( GEOMETRIC_REPRESENTATION_CONTEXT(2) 
PARAMETRIC_REPRESENTATION_CONTEXT() REPRESENTATION_CONTEXT('2D SPACE',''
  ) );
#2755 = PCURVE('',#2756,#2761);
#2756 = PLANE('',#2757);
#2757 = AXIS2_PLACEMENT_3D('',#2758,#2759,#2760);
#2758 = CARTESIAN_POINT('',(16.875,-53.68774414062,10.));
#2759 = DIRECTION('',(0.,-1.,0.));
#2760 = DIRECTION('',(1.,0.,0.));
#2761 = DEFINITIONAL_REPRESENTATION('',(#2762),#2766);
#2762 = LINE('',#2763,#2764);
#2763 = CARTESIAN_POINT('',(0.,0.));
#2764 = VECTOR('',#2765,1.);
#2765 = DIRECTION('',(1.,0.));
#2766 = ( GEOMETRIC_REPRESENTATION_CONTEXT(2) 
PARAMETRIC_REPRESENTATION_CONTEXT() REPRESENTATION_CONTEXT('2D SPACE',''
  ) );
#2767 = ORIENTED_EDGE('',*,*,#2768,.T.);
#2768 = EDGE_CURVE('',#2741,#2769,#2771,.T.);
#2769 = VERTEX_POINT('',#2770);
#2770 = CARTESIAN_POINT('',(22.14111328125,-54.95483398437,10.));
#2771 = SURFACE_CURVE('',#2772,(#2776,#2783),.PCURVE_S1.);
#2772 = LINE('',#2773,#2774);
#2773 = CARTESIAN_POINT('',(22.14111328125,-53.68774414062,10.));
#2774 = VECTOR('',#2775,1.);
#2775 = DIRECTION('',(0.,-1.,0.));
#2776 = PCURVE('',#288,#2777);
#2777 = DEFINITIONAL_REPRESENTATION('',(#2778),#2782);
#2778 = LINE('',#2779,#2780);
#2779 = CARTESIAN_POINT('',(22.141113283741,-53.68774414062));
#2780 = VECTOR('',#2781,1.);
#2781 = DIRECTION('',(0.,-1.));
#2782 = ( GEOMETRIC_REPRESENTATION_CONTEXT(2) 
PARAMETRIC_REPRESENTATION_CONTEXT() REPRESENTATION_CONTEXT('2D SPACE',''
  ) );
#2783 = PCURVE('',#2784,#2789);
#2784 = PLANE('',#2785);
#2785 = AXIS2_PLACEMENT_3D('',#2786,#2787,#2788);
#2786 = CARTESIAN_POINT('',(22.14111328125,-53.68774414062,10.));
#2787 = DIRECTION('',(-1.,0.,0.));
#2788 = DIRECTION('',(0.,-1.,0.));
#2789 = DEFINITIONAL_REPRESENTATION('',(#2790),#2794);
#2790 = LINE('',#2791,#2792);
#2791 = CARTESIAN_POINT('',(0.,0.));
#2792 = VECTOR('',#2793,1.);
#2793 = DIRECTION('',(1.,0.));
#2794 = ( GEOMETRIC_REPRESENTATION_CONTEXT(2) 
PARAMETRIC_REPRESENTATION_CONTEXT() REPRESENTATION_CONTEXT('2D SPACE',''
  ) );
#2795 = ORIENTED_EDGE('',*,*,#2796,.T.);
#2796 = EDGE_CURVE('',#2769,#2797,#2799,.T.);
#2797 = VERTEX_POINT('',#2798);
#2798 = CARTESIAN_POINT('',(15.0439453125,-54.95483398437,10.));
#2799 = SURFACE_CURVE('',#2800,(#2804,#2811),.PCURVE_S1.);
#2800 = LINE('',#2801,#2802);
#2801 = CARTESIAN_POINT('',(22.14111328125,-54.95483398437,10.));
#2802 = VECTOR('',#2803,1.);
#2803 = DIRECTION('',(-1.,0.,0.));
#2804 = PCURVE('',#288,#2805);
#2805 = DEFINITIONAL_REPRESENTATION('',(#2806),#2810);
#2806 = LINE('',#2807,#2808);
#2807 = CARTESIAN_POINT('',(22.141113283741,-54.95483398437));
#2808 = VECTOR('',#2809,1.);
#2809 = DIRECTION('',(-1.,0.));
#2810 = ( GEOMETRIC_REPRESENTATION_CONTEXT(2) 
PARAMETRIC_REPRESENTATION_CONTEXT() REPRESENTATION_CONTEXT('2D SPACE',''
  ) );
#2811 = PCURVE('',#2812,#2817);
#2812 = PLANE('',#2813);
#2813 = AXIS2_PLACEMENT_3D('',#2814,#2815,#2816);
#2814 = CARTESIAN_POINT('',(22.14111328125,-54.95483398437,10.));
#2815 = DIRECTION('',(0.,1.,-0.));
#2816 = DIRECTION('',(-1.,0.,0.));
#2817 = DEFINITIONAL_REPRESENTATION('',(#2818),#2822);
#2818 = LINE('',#2819,#2820);
#2819 = CARTESIAN_POINT('',(0.,0.));
#2820 = VECTOR('',#2821,1.);
#2821 = DIRECTION('',(1.,0.));
#2822 = ( GEOMETRIC_REPRESENTATION_CONTEXT(2) 
PARAMETRIC_REPRESENTATION_CONTEXT() REPRESENTATION_CONTEXT('2D SPACE',''
  ) );
#2823 = ORIENTED_EDGE('',*,*,#2824,.T.);
#2824 = EDGE_CURVE('',#2797,#2825,#2827,.T.);
#2825 = VERTEX_POINT('',#2826);
#2826 = CARTESIAN_POINT('',(15.19775390625,-54.03930664062,10.));
#2827 = SURFACE_CURVE('',#2828,(#2832,#2839),.PCURVE_S1.);
#2828 = B_SPLINE_CURVE_WITH_KNOTS('',2,(#2829,#2830,#2831),
  .UNSPECIFIED.,.F.,.F.,(3,3),(0.,1.),.PIECEWISE_BEZIER_KNOTS.);
#2829 = CARTESIAN_POINT('',(15.0439453125,-54.95483398437,10.));
#2830 = CARTESIAN_POINT('',(15.029296875,-54.47875976562,10.));
#2831 = CARTESIAN_POINT('',(15.19775390625,-54.03930664062,10.));
#2832 = PCURVE('',#288,#2833);
#2833 = DEFINITIONAL_REPRESENTATION('',(#2834),#2838);
#2834 = B_SPLINE_CURVE_WITH_KNOTS('',2,(#2835,#2836,#2837),
  .UNSPECIFIED.,.F.,.F.,(3,3),(0.,1.),.PIECEWISE_BEZIER_KNOTS.);
#2835 = CARTESIAN_POINT('',(15.043945314991,-54.95483398437));
#2836 = CARTESIAN_POINT('',(15.029296877491,-54.47875976562));
#2837 = CARTESIAN_POINT('',(15.197753908741,-54.03930664062));
#2838 = ( GEOMETRIC_REPRESENTATION_CONTEXT(2) 
PARAMETRIC_REPRESENTATION_CONTEXT() REPRESENTATION_CONTEXT('2D SPACE',''
  ) );
#2839 = PCURVE('',#2840,#2847);
#2840 = SURFACE_OF_LINEAR_EXTRUSION('',#2841,#2845);
#2841 = B_SPLINE_CURVE_WITH_KNOTS('',2,(#2842,#2843,#2844),
  .UNSPECIFIED.,.F.,.F.,(3,3),(0.,1.),.PIECEWISE_BEZIER_KNOTS.);
#2842 = CARTESIAN_POINT('',(15.0439453125,-54.95483398437,10.));
#2843 = CARTESIAN_POINT('',(15.029296875,-54.47875976562,10.));
#2844 = CARTESIAN_POINT('',(15.19775390625,-54.03930664062,10.));
#2845 = VECTOR('',#2846,1.);
#2846 = DIRECTION('',(0.,0.,1.));
#2847 = DEFINITIONAL_REPRESENTATION('',(#2848),#2852);
#2848 = LINE('',#2849,#2850);
#2849 = CARTESIAN_POINT('',(0.,0.));
#2850 = VECTOR('',#2851,1.);
#2851 = DIRECTION('',(1.,0.));
#2852 = ( GEOMETRIC_REPRESENTATION_CONTEXT(2) 
PARAMETRIC_REPRESENTATION_CONTEXT() REPRESENTATION_CONTEXT('2D SPACE',''
  ) );
#2853 = ORIENTED_EDGE('',*,*,#2854,.F.);
#2854 = EDGE_CURVE('',#2855,#2825,#2857,.T.);
#2855 = VERTEX_POINT('',#2856);
#2856 = CARTESIAN_POINT('',(17.79052734375,-50.98510742187,10.));
#2857 = SURFACE_CURVE('',#2858,(#2863,#2871),.PCURVE_S1.);
#2858 = B_SPLINE_CURVE_WITH_KNOTS('',2,(#2859,#2860,#2861,#2862),
  .UNSPECIFIED.,.F.,.F.,(3,1,3),(0.,1.,2.),.QUASI_UNIFORM_KNOTS.);
#2859 = CARTESIAN_POINT('',(17.79052734375,-50.98510742187,10.));
#2860 = CARTESIAN_POINT('',(16.66259765625,-51.90795898437,10.));
#2861 = CARTESIAN_POINT('',(15.46875,-53.31420898437,10.));
#2862 = CARTESIAN_POINT('',(15.19775390625,-54.03930664062,10.));
#2863 = PCURVE('',#288,#2864);
#2864 = DEFINITIONAL_REPRESENTATION('',(#2865),#2870);
#2865 = B_SPLINE_CURVE_WITH_KNOTS('',2,(#2866,#2867,#2868,#2869),
  .UNSPECIFIED.,.F.,.F.,(3,1,3),(0.,1.,2.),.QUASI_UNIFORM_KNOTS.);
#2866 = CARTESIAN_POINT('',(17.790527346241,-50.98510742187));
#2867 = CARTESIAN_POINT('',(16.662597658741,-51.90795898437));
#2868 = CARTESIAN_POINT('',(15.468750002491,-53.31420898437));
#2869 = CARTESIAN_POINT('',(15.197753908741,-54.03930664062));
#2870 = ( GEOMETRIC_REPRESENTATION_CONTEXT(2) 
PARAMETRIC_REPRESENTATION_CONTEXT() REPRESENTATION_CONTEXT('2D SPACE',''
  ) );
#2871 = PCURVE('',#2872,#2880);
#2872 = SURFACE_OF_LINEAR_EXTRUSION('',#2873,#2878);
#2873 = B_SPLINE_CURVE_WITH_KNOTS('',2,(#2874,#2875,#2876,#2877),
  .UNSPECIFIED.,.F.,.F.,(3,1,3),(0.,1.,2.),.QUASI_UNIFORM_KNOTS.);
#2874 = CARTESIAN_POINT('',(17.79052734375,-50.98510742187,10.));
#2875 = CARTESIAN_POINT('',(16.66259765625,-51.90795898437,10.));
#2876 = CARTESIAN_POINT('',(15.46875,-53.31420898437,10.));
#2877 = CARTESIAN_POINT('',(15.19775390625,-54.03930664062,10.));
#2878 = VECTOR('',#2879,1.);
#2879 = DIRECTION('',(0.,0.,1.));
#2880 = DEFINITIONAL_REPRESENTATION('',(#2881),#2885);
#2881 = LINE('',#2882,#2883);
#2882 = CARTESIAN_POINT('',(0.,0.));
#2883 = VECTOR('',#2884,1.);
#2884 = DIRECTION('',(1.,0.));
#2885 = ( GEOMETRIC_REPRESENTATION_CONTEXT(2) 
PARAMETRIC_REPRESENTATION_CONTEXT() REPRESENTATION_CONTEXT('2D SPACE',''
  ) );
#2886 = ORIENTED_EDGE('',*,*,#2887,.F.);
#2887 = EDGE_CURVE('',#2888,#2855,#2890,.T.);
#2888 = VERTEX_POINT('',#2889);
#2889 = CARTESIAN_POINT('',(16.64794921875,-47.41821289062,10.));
#2890 = SURFACE_CURVE('',#2891,(#2900,#2912),.PCURVE_S1.);
#2891 = B_SPLINE_CURVE_WITH_KNOTS('',2,(#2892,#2893,#2894,#2895,#2896,
    #2897,#2898,#2899),.UNSPECIFIED.,.F.,.F.,(3,1,1,1,1,1,3),(0.,1.,2.,
    2.946153846154,3.892307692308,4.794248741912,5.696189791517),
  .UNSPECIFIED.);
#2892 = CARTESIAN_POINT('',(16.64794921875,-47.41821289062,10.));
#2893 = CARTESIAN_POINT('',(16.6552734375,-46.40747070312,10.));
#2894 = CARTESIAN_POINT('',(17.7978515625,-45.26489257812,10.));
#2895 = CARTESIAN_POINT('',(19.65087890625,-45.26489257812,10.));
#2896 = CARTESIAN_POINT('',(20.771484375,-46.34155273437,10.));
#2897 = CARTESIAN_POINT('',(20.771484375,-47.87231445312,10.));
#2898 = CARTESIAN_POINT('',(19.541015625,-49.54956054687,10.));
#2899 = CARTESIAN_POINT('',(17.79052734375,-50.98510742187,10.));
#2900 = PCURVE('',#288,#2901);
#2901 = DEFINITIONAL_REPRESENTATION('',(#2902),#2911);
#2902 = B_SPLINE_CURVE_WITH_KNOTS('',2,(#2903,#2904,#2905,#2906,#2907,
    #2908,#2909,#2910),.UNSPECIFIED.,.F.,.F.,(3,1,1,1,1,1,3),(0.,1.,2.,
    2.946153846154,3.892307692308,4.794248741912,5.696189791517),
  .UNSPECIFIED.);
#2903 = CARTESIAN_POINT('',(16.647949221241,-47.41821289062));
#2904 = CARTESIAN_POINT('',(16.655273439991,-46.40747070312));
#2905 = CARTESIAN_POINT('',(17.797851564991,-45.26489257812));
#2906 = CARTESIAN_POINT('',(19.650878908741,-45.26489257812));
#2907 = CARTESIAN_POINT('',(20.771484377491,-46.34155273437));
#2908 = CARTESIAN_POINT('',(20.771484377491,-47.87231445312));
#2909 = CARTESIAN_POINT('',(19.541015627491,-49.54956054687));
#2910 = CARTESIAN_POINT('',(17.790527346241,-50.98510742187));
#2911 = ( GEOMETRIC_REPRESENTATION_CONTEXT(2) 
PARAMETRIC_REPRESENTATION_CONTEXT() REPRESENTATION_CONTEXT('2D SPACE',''
  ) );
#2912 = PCURVE('',#2913,#2925);
#2913 = SURFACE_OF_LINEAR_EXTRUSION('',#2914,#2923);
#2914 = B_SPLINE_CURVE_WITH_KNOTS('',2,(#2915,#2916,#2917,#2918,#2919,
    #2920,#2921,#2922),.UNSPECIFIED.,.F.,.F.,(3,1,1,1,1,1,3),(0.,1.,2.,
    2.946153846154,3.892307692308,4.794248741912,5.696189791517),
  .UNSPECIFIED.);
#2915 = CARTESIAN_POINT('',(16.64794921875,-47.41821289062,10.));
#2916 = CARTESIAN_POINT('',(16.6552734375,-46.40747070312,10.));
#2917 = CARTESIAN_POINT('',(17.7978515625,-45.26489257812,10.));
#2918 = CARTESIAN_POINT('',(19.65087890625,-45.26489257812,10.));
#2919 = CARTESIAN_POINT('',(20.771484375,-46.34155273437,10.));
#2920 = CARTESIAN_POINT('',(20.771484375,-47.87231445312,10.));
#2921 = CARTESIAN_POINT('',(19.541015625,-49.54956054687,10.));
#2922 = CARTESIAN_POINT('',(17.79052734375,-50.98510742187,10.));
#2923 = VECTOR('',#2924,1.);
#2924 = DIRECTION('',(0.,0.,1.));
#2925 = DEFINITIONAL_REPRESENTATION('',(#2926),#2930);
#2926 = LINE('',#2927,#2928);
#2927 = CARTESIAN_POINT('',(0.,0.));
#2928 = VECTOR('',#2929,1.);
#2929 = DIRECTION('',(1.,0.));
#2930 = ( GEOMETRIC_REPRESENTATION_CONTEXT(2) 
PARAMETRIC_REPRESENTATION_CONTEXT() REPRESENTATION_CONTEXT('2D SPACE',''
  ) );
#2931 = ORIENTED_EDGE('',*,*,#2932,.T.);
#2932 = EDGE_CURVE('',#2888,#2933,#2935,.T.);
#2933 = VERTEX_POINT('',#2934);
#2934 = CARTESIAN_POINT('',(15.29296875,-47.27905273437,10.));
#2935 = SURFACE_CURVE('',#2936,(#2940,#2947),.PCURVE_S1.);
#2936 = LINE('',#2937,#2938);
#2937 = CARTESIAN_POINT('',(16.64794921875,-47.41821289062,10.));
#2938 = VECTOR('',#2939,1.);
#2939 = DIRECTION('',(-0.994767435445,0.102165304181,0.));
#2940 = PCURVE('',#288,#2941);
#2941 = DEFINITIONAL_REPRESENTATION('',(#2942),#2946);
#2942 = LINE('',#2943,#2944);
#2943 = CARTESIAN_POINT('',(16.647949221241,-47.41821289062));
#2944 = VECTOR('',#2945,1.);
#2945 = DIRECTION('',(-0.994767435445,0.102165304181));
#2946 = ( GEOMETRIC_REPRESENTATION_CONTEXT(2) 
PARAMETRIC_REPRESENTATION_CONTEXT() REPRESENTATION_CONTEXT('2D SPACE',''
  ) );
#2947 = PCURVE('',#2948,#2953);
#2948 = PLANE('',#2949);
#2949 = AXIS2_PLACEMENT_3D('',#2950,#2951,#2952);
#2950 = CARTESIAN_POINT('',(16.64794921875,-47.41821289062,10.));
#2951 = DIRECTION('',(0.102165304181,0.994767435445,-0.));
#2952 = DIRECTION('',(-0.994767435445,0.102165304181,0.));
#2953 = DEFINITIONAL_REPRESENTATION('',(#2954),#2958);
#2954 = LINE('',#2955,#2956);
#2955 = CARTESIAN_POINT('',(0.,0.));
#2956 = VECTOR('',#2957,1.);
#2957 = DIRECTION('',(1.,0.));
#2958 = ( GEOMETRIC_REPRESENTATION_CONTEXT(2) 
PARAMETRIC_REPRESENTATION_CONTEXT() REPRESENTATION_CONTEXT('2D SPACE',''
  ) );
#2959 = ORIENTED_EDGE('',*,*,#2960,.F.);
#2960 = EDGE_CURVE('',#2708,#2933,#2961,.T.);
#2961 = SURFACE_CURVE('',#2962,(#2972,#2985),.PCURVE_S1.);
#2962 = B_SPLINE_CURVE_WITH_KNOTS('',2,(#2963,#2964,#2965,#2966,#2967,
    #2968,#2969,#2970,#2971),.UNSPECIFIED.,.F.,.F.,(3,1,1,1,1,1,1,3),(0.
    ,1.,2.,3.,4.965909090909,6.931818181818,8.879093063335,
    10.826367944851),.UNSPECIFIED.);
#2963 = CARTESIAN_POINT('',(18.955078125,-51.62231445312,10.));
#2964 = CARTESIAN_POINT('',(20.3759765625,-50.42114257812,10.));
#2965 = CARTESIAN_POINT('',(21.59912109375,-49.04418945312,10.));
#2966 = CARTESIAN_POINT('',(22.12646484375,-47.79907226562,10.));
#2967 = CARTESIAN_POINT('',(22.12646484375,-45.88745117187,10.));
#2968 = CARTESIAN_POINT('',(20.32470703125,-44.17358398437,10.));
#2969 = CARTESIAN_POINT('',(17.24853515625,-44.17358398437,10.));
#2970 = CARTESIAN_POINT('',(15.43212890625,-45.76293945312,10.));
#2971 = CARTESIAN_POINT('',(15.29296875,-47.27905273437,10.));
#2972 = PCURVE('',#288,#2973);
#2973 = DEFINITIONAL_REPRESENTATION('',(#2974),#2984);
#2974 = B_SPLINE_CURVE_WITH_KNOTS('',2,(#2975,#2976,#2977,#2978,#2979,
    #2980,#2981,#2982,#2983),.UNSPECIFIED.,.F.,.F.,(3,1,1,1,1,1,1,3),(0.
    ,1.,2.,3.,4.965909090909,6.931818181818,8.879093063335,
    10.826367944851),.UNSPECIFIED.);
#2975 = CARTESIAN_POINT('',(18.955078127491,-51.62231445312));
#2976 = CARTESIAN_POINT('',(20.375976564991,-50.42114257812));
#2977 = CARTESIAN_POINT('',(21.599121096241,-49.04418945312));
#2978 = CARTESIAN_POINT('',(22.126464846241,-47.79907226562));
#2979 = CARTESIAN_POINT('',(22.126464846241,-45.88745117187));
#2980 = CARTESIAN_POINT('',(20.324707033741,-44.17358398437));
#2981 = CARTESIAN_POINT('',(17.248535158741,-44.17358398437));
#2982 = CARTESIAN_POINT('',(15.432128908741,-45.76293945312));
#2983 = CARTESIAN_POINT('',(15.292968752491,-47.27905273437));
#2984 = ( GEOMETRIC_REPRESENTATION_CONTEXT(2) 
PARAMETRIC_REPRESENTATION_CONTEXT() REPRESENTATION_CONTEXT('2D SPACE',''
  ) );
#2985 = PCURVE('',#2986,#2999);
#2986 = SURFACE_OF_LINEAR_EXTRUSION('',#2987,#2997);
#2987 = B_SPLINE_CURVE_WITH_KNOTS('',2,(#2988,#2989,#2990,#2991,#2992,
    #2993,#2994,#2995,#2996),.UNSPECIFIED.,.F.,.F.,(3,1,1,1,1,1,1,3),(0.
    ,1.,2.,3.,4.965909090909,6.931818181818,8.879093063335,
    10.826367944851),.UNSPECIFIED.);
#2988 = CARTESIAN_POINT('',(18.955078125,-51.62231445312,10.));
#2989 = CARTESIAN_POINT('',(20.3759765625,-50.42114257812,10.));
#2990 = CARTESIAN_POINT('',(21.59912109375,-49.04418945312,10.));
#2991 = CARTESIAN_POINT('',(22.12646484375,-47.79907226562,10.));
#2992 = CARTESIAN_POINT('',(22.12646484375,-45.88745117187,10.));
#2993 = CARTESIAN_POINT('',(20.32470703125,-44.17358398437,10.));
#2994 = CARTESIAN_POINT('',(17.24853515625,-44.17358398437,10.));
#2995 = CARTESIAN_POINT('',(15.43212890625,-45.76293945312,10.));
#2996 = CARTESIAN_POINT('',(15.29296875,-47.27905273437,10.));
#2997 = VECTOR('',#2998,1.);
#2998 = DIRECTION('',(0.,0.,1.));
#2999 = DEFINITIONAL_REPRESENTATION('',(#3000),#3004);
#3000 = LINE('',#3001,#3002);
#3001 = CARTESIAN_POINT('',(0.,0.));
#3002 = VECTOR('',#3003,1.);
#3003 = DIRECTION('',(1.,0.));
#3004 = ( GEOMETRIC_REPRESENTATION_CONTEXT(2) 
PARAMETRIC_REPRESENTATION_CONTEXT() REPRESENTATION_CONTEXT('2D SPACE',''
  ) );
#3005 = FACE_BOUND('',#3006,.T.);
#3006 = EDGE_LOOP('',(#3007,#3054,#3082,#3130,#3158,#3206,#3234));
#3007 = ORIENTED_EDGE('',*,*,#3008,.F.);
#3008 = EDGE_CURVE('',#3009,#3011,#3013,.T.);
#3009 = VERTEX_POINT('',#3010);
#3010 = CARTESIAN_POINT('',(23.56201171875,-52.12036132812,10.));
#3011 = VERTEX_POINT('',#3012);
#3012 = CARTESIAN_POINT('',(28.58642578125,-49.13940429687,10.));
#3013 = SURFACE_CURVE('',#3014,(#3023,#3035),.PCURVE_S1.);
#3014 = B_SPLINE_CURVE_WITH_KNOTS('',2,(#3015,#3016,#3017,#3018,#3019,
    #3020,#3021,#3022),.UNSPECIFIED.,.F.,.F.,(3,1,1,1,1,1,3),(0.,1.,2.,
    3.108808290155,4.217616580311,5.037672711572,5.857728842832),
  .UNSPECIFIED.);
#3015 = CARTESIAN_POINT('',(23.56201171875,-52.12036132812,10.));
#3016 = CARTESIAN_POINT('',(23.69384765625,-53.46069335937,10.));
#3017 = CARTESIAN_POINT('',(25.5615234375,-55.14526367187,10.));
#3018 = CARTESIAN_POINT('',(28.54248046875,-55.14526367187,10.));
#3019 = CARTESIAN_POINT('',(30.59326171875,-53.18969726562,10.));
#3020 = CARTESIAN_POINT('',(30.59326171875,-50.74340820312,10.));
#3021 = CARTESIAN_POINT('',(29.53857421875,-49.35913085937,10.));
#3022 = CARTESIAN_POINT('',(28.58642578125,-49.13940429687,10.));
#3023 = PCURVE('',#288,#3024);
#3024 = DEFINITIONAL_REPRESENTATION('',(#3025),#3034);
#3025 = B_SPLINE_CURVE_WITH_KNOTS('',2,(#3026,#3027,#3028,#3029,#3030,
    #3031,#3032,#3033),.UNSPECIFIED.,.F.,.F.,(3,1,1,1,1,1,3),(0.,1.,2.,
    3.108808290155,4.217616580311,5.037672711572,5.857728842832),
  .UNSPECIFIED.);
#3026 = CARTESIAN_POINT('',(23.562011721241,-52.12036132812));
#3027 = CARTESIAN_POINT('',(23.693847658741,-53.46069335937));
#3028 = CARTESIAN_POINT('',(25.561523439991,-55.14526367187));
#3029 = CARTESIAN_POINT('',(28.542480471241,-55.14526367187));
#3030 = CARTESIAN_POINT('',(30.593261721241,-53.18969726562));
#3031 = CARTESIAN_POINT('',(30.593261721241,-50.74340820312));
#3032 = CARTESIAN_POINT('',(29.538574221241,-49.35913085937));
#3033 = CARTESIAN_POINT('',(28.586425783741,-49.13940429687));
#3034 = ( GEOMETRIC_REPRESENTATION_CONTEXT(2) 
PARAMETRIC_REPRESENTATION_CONTEXT() REPRESENTATION_CONTEXT('2D SPACE',''
  ) );
#3035 = PCURVE('',#3036,#3048);
#3036 = SURFACE_OF_LINEAR_EXTRUSION('',#3037,#3046);
#3037 = B_SPLINE_CURVE_WITH_KNOTS('',2,(#3038,#3039,#3040,#3041,#3042,
    #3043,#3044,#3045),.UNSPECIFIED.,.F.,.F.,(3,1,1,1,1,1,3),(0.,1.,2.,
    3.108808290155,4.217616580311,5.037672711572,5.857728842832),
  .UNSPECIFIED.);
#3038 = CARTESIAN_POINT('',(23.56201171875,-52.12036132812,10.));
#3039 = CARTESIAN_POINT('',(23.69384765625,-53.46069335937,10.));
#3040 = CARTESIAN_POINT('',(25.5615234375,-55.14526367187,10.));
#3041 = CARTESIAN_POINT('',(28.54248046875,-55.14526367187,10.));
#3042 = CARTESIAN_POINT('',(30.59326171875,-53.18969726562,10.));
#3043 = CARTESIAN_POINT('',(30.59326171875,-50.74340820312,10.));
#3044 = CARTESIAN_POINT('',(29.53857421875,-49.35913085937,10.));
#3045 = CARTESIAN_POINT('',(28.58642578125,-49.13940429687,10.));
#3046 = VECTOR('',#3047,1.);
#3047 = DIRECTION('',(0.,0.,1.));
#3048 = DEFINITIONAL_REPRESENTATION('',(#3049),#3053);
#3049 = LINE('',#3050,#3051);
#3050 = CARTESIAN_POINT('',(0.,0.));
#3051 = VECTOR('',#3052,1.);
#3052 = DIRECTION('',(1.,0.));
#3053 = ( GEOMETRIC_REPRESENTATION_CONTEXT(2) 
PARAMETRIC_REPRESENTATION_CONTEXT() REPRESENTATION_CONTEXT('2D SPACE',''
  ) );
#3054 = ORIENTED_EDGE('',*,*,#3055,.T.);
#3055 = EDGE_CURVE('',#3009,#3056,#3058,.T.);
#3056 = VERTEX_POINT('',#3057);
#3057 = CARTESIAN_POINT('',(24.88037109375,-51.94458007812,10.));
#3058 = SURFACE_CURVE('',#3059,(#3063,#3070),.PCURVE_S1.);
#3059 = LINE('',#3060,#3061);
#3060 = CARTESIAN_POINT('',(23.56201171875,-52.12036132812,10.));
#3061 = VECTOR('',#3062,1.);
#3062 = DIRECTION('',(0.991227900683,0.132163720091,0.));
#3063 = PCURVE('',#288,#3064);
#3064 = DEFINITIONAL_REPRESENTATION('',(#3065),#3069);
#3065 = LINE('',#3066,#3067);
#3066 = CARTESIAN_POINT('',(23.562011721241,-52.12036132812));
#3067 = VECTOR('',#3068,1.);
#3068 = DIRECTION('',(0.991227900683,0.132163720091));
#3069 = ( GEOMETRIC_REPRESENTATION_CONTEXT(2) 
PARAMETRIC_REPRESENTATION_CONTEXT() REPRESENTATION_CONTEXT('2D SPACE',''
  ) );
#3070 = PCURVE('',#3071,#3076);
#3071 = PLANE('',#3072);
#3072 = AXIS2_PLACEMENT_3D('',#3073,#3074,#3075);
#3073 = CARTESIAN_POINT('',(23.56201171875,-52.12036132812,10.));
#3074 = DIRECTION('',(0.132163720091,-0.991227900683,0.));
#3075 = DIRECTION('',(0.991227900683,0.132163720091,0.));
#3076 = DEFINITIONAL_REPRESENTATION('',(#3077),#3081);
#3077 = LINE('',#3078,#3079);
#3078 = CARTESIAN_POINT('',(0.,0.));
#3079 = VECTOR('',#3080,1.);
#3080 = DIRECTION('',(1.,0.));
#3081 = ( GEOMETRIC_REPRESENTATION_CONTEXT(2) 
PARAMETRIC_REPRESENTATION_CONTEXT() REPRESENTATION_CONTEXT('2D SPACE',''
  ) );
#3082 = ORIENTED_EDGE('',*,*,#3083,.F.);
#3083 = EDGE_CURVE('',#3084,#3056,#3086,.T.);
#3084 = VERTEX_POINT('',#3085);
#3085 = CARTESIAN_POINT('',(26.162109375,-49.87182617187,10.));
#3086 = SURFACE_CURVE('',#3087,(#3097,#3110),.PCURVE_S1.);
#3087 = B_SPLINE_CURVE_WITH_KNOTS('',2,(#3088,#3089,#3090,#3091,#3092,
    #3093,#3094,#3095,#3096),.UNSPECIFIED.,.F.,.F.,(3,1,1,1,1,1,1,3),(0.
    ,1.,3.450980392157,5.901960784314,8.471537001898,11.041113219481,
    13.206031765005,15.370950310528),.UNSPECIFIED.);
#3088 = CARTESIAN_POINT('',(26.162109375,-49.87182617187,10.));
#3089 = CARTESIAN_POINT('',(26.71875,-49.72534179687,10.));
#3090 = CARTESIAN_POINT('',(28.0078125,-49.72534179687,10.));
#3091 = CARTESIAN_POINT('',(29.1943359375,-50.90454101562,10.));
#3092 = CARTESIAN_POINT('',(29.1943359375,-52.76489257812,10.));
#3093 = CARTESIAN_POINT('',(27.91259765625,-54.05395507812,10.));
#3094 = CARTESIAN_POINT('',(26.19873046875,-54.05395507812,10.));
#3095 = CARTESIAN_POINT('',(25.107421875,-53.06518554687,10.));
#3096 = CARTESIAN_POINT('',(24.88037109375,-51.94458007812,10.));
#3097 = PCURVE('',#288,#3098);
#3098 = DEFINITIONAL_REPRESENTATION('',(#3099),#3109);
#3099 = B_SPLINE_CURVE_WITH_KNOTS('',2,(#3100,#3101,#3102,#3103,#3104,
    #3105,#3106,#3107,#3108),.UNSPECIFIED.,.F.,.F.,(3,1,1,1,1,1,1,3),(0.
    ,1.,3.450980392157,5.901960784314,8.471537001898,11.041113219481,
    13.206031765005,15.370950310528),.UNSPECIFIED.);
#3100 = CARTESIAN_POINT('',(26.162109377491,-49.87182617187));
#3101 = CARTESIAN_POINT('',(26.718750002491,-49.72534179687));
#3102 = CARTESIAN_POINT('',(28.007812502491,-49.72534179687));
#3103 = CARTESIAN_POINT('',(29.194335939991,-50.90454101562));
#3104 = CARTESIAN_POINT('',(29.194335939991,-52.76489257812));
#3105 = CARTESIAN_POINT('',(27.912597658741,-54.05395507812));
#3106 = CARTESIAN_POINT('',(26.198730471241,-54.05395507812));
#3107 = CARTESIAN_POINT('',(25.107421877491,-53.06518554687));
#3108 = CARTESIAN_POINT('',(24.880371096241,-51.94458007812));
#3109 = ( GEOMETRIC_REPRESENTATION_CONTEXT(2) 
PARAMETRIC_REPRESENTATION_CONTEXT() REPRESENTATION_CONTEXT('2D SPACE',''
  ) );
#3110 = PCURVE('',#3111,#3124);
#3111 = SURFACE_OF_LINEAR_EXTRUSION('',#3112,#3122);
#3112 = B_SPLINE_CURVE_WITH_KNOTS('',2,(#3113,#3114,#3115,#3116,#3117,
    #3118,#3119,#3120,#3121),.UNSPECIFIED.,.F.,.F.,(3,1,1,1,1,1,1,3),(0.
    ,1.,3.450980392157,5.901960784314,8.471537001898,11.041113219481,
    13.206031765005,15.370950310528),.UNSPECIFIED.);
#3113 = CARTESIAN_POINT('',(26.162109375,-49.87182617187,10.));
#3114 = CARTESIAN_POINT('',(26.71875,-49.72534179687,10.));
#3115 = CARTESIAN_POINT('',(28.0078125,-49.72534179687,10.));
#3116 = CARTESIAN_POINT('',(29.1943359375,-50.90454101562,10.));
#3117 = CARTESIAN_POINT('',(29.1943359375,-52.76489257812,10.));
#3118 = CARTESIAN_POINT('',(27.91259765625,-54.05395507812,10.));
#3119 = CARTESIAN_POINT('',(26.19873046875,-54.05395507812,10.));
#3120 = CARTESIAN_POINT('',(25.107421875,-53.06518554687,10.));
#3121 = CARTESIAN_POINT('',(24.88037109375,-51.94458007812,10.));
#3122 = VECTOR('',#3123,1.);
#3123 = DIRECTION('',(0.,0.,1.));
#3124 = DEFINITIONAL_REPRESENTATION('',(#3125),#3129);
#3125 = LINE('',#3126,#3127);
#3126 = CARTESIAN_POINT('',(0.,0.));
#3127 = VECTOR('',#3128,1.);
#3128 = DIRECTION('',(1.,0.));
#3129 = ( GEOMETRIC_REPRESENTATION_CONTEXT(2) 
PARAMETRIC_REPRESENTATION_CONTEXT() REPRESENTATION_CONTEXT('2D SPACE',''
  ) );
#3130 = ORIENTED_EDGE('',*,*,#3131,.T.);
#3131 = EDGE_CURVE('',#3084,#3132,#3134,.T.);
#3132 = VERTEX_POINT('',#3133);
#3133 = CARTESIAN_POINT('',(26.30859375,-48.71459960937,10.));
#3134 = SURFACE_CURVE('',#3135,(#3139,#3146),.PCURVE_S1.);
#3135 = LINE('',#3136,#3137);
#3136 = CARTESIAN_POINT('',(26.162109375,-49.87182617187,10.));
#3137 = VECTOR('',#3138,1.);
#3138 = DIRECTION('',(0.125580186416,0.992083472687,0.));
#3139 = PCURVE('',#288,#3140);
#3140 = DEFINITIONAL_REPRESENTATION('',(#3141),#3145);
#3141 = LINE('',#3142,#3143);
#3142 = CARTESIAN_POINT('',(26.162109377491,-49.87182617187));
#3143 = VECTOR('',#3144,1.);
#3144 = DIRECTION('',(0.125580186416,0.992083472687));
#3145 = ( GEOMETRIC_REPRESENTATION_CONTEXT(2) 
PARAMETRIC_REPRESENTATION_CONTEXT() REPRESENTATION_CONTEXT('2D SPACE',''
  ) );
#3146 = PCURVE('',#3147,#3152);
#3147 = PLANE('',#3148);
#3148 = AXIS2_PLACEMENT_3D('',#3149,#3150,#3151);
#3149 = CARTESIAN_POINT('',(26.162109375,-49.87182617187,10.));
#3150 = DIRECTION('',(0.992083472687,-0.125580186416,0.));
#3151 = DIRECTION('',(0.125580186416,0.992083472687,0.));
#3152 = DEFINITIONAL_REPRESENTATION('',(#3153),#3157);
#3153 = LINE('',#3154,#3155);
#3154 = CARTESIAN_POINT('',(0.,0.));
#3155 = VECTOR('',#3156,1.);
#3156 = DIRECTION('',(1.,0.));
#3157 = ( GEOMETRIC_REPRESENTATION_CONTEXT(2) 
PARAMETRIC_REPRESENTATION_CONTEXT() REPRESENTATION_CONTEXT('2D SPACE',''
  ) );
#3158 = ORIENTED_EDGE('',*,*,#3159,.F.);
#3159 = EDGE_CURVE('',#3160,#3132,#3162,.T.);
#3160 = VERTEX_POINT('',#3161);
#3161 = CARTESIAN_POINT('',(25.01220703125,-47.19116210937,10.));
#3162 = SURFACE_CURVE('',#3163,(#3173,#3186),.PCURVE_S1.);
#3163 = B_SPLINE_CURVE_WITH_KNOTS('',2,(#3164,#3165,#3166,#3167,#3168,
    #3169,#3170,#3171,#3172),.UNSPECIFIED.,.F.,.F.,(3,1,1,1,1,1,1,3),(0.
    ,1.,2.,3.009523809524,4.019047619048,5.293698893699,6.56835016835,
    6.690273333752),.UNSPECIFIED.);
#3164 = CARTESIAN_POINT('',(25.01220703125,-47.19116210937,10.));
#3165 = CARTESIAN_POINT('',(25.15869140625,-46.22436523437,10.));
#3166 = CARTESIAN_POINT('',(26.18408203125,-45.25756835937,10.));
#3167 = CARTESIAN_POINT('',(27.7294921875,-45.25756835937,10.));
#3168 = CARTESIAN_POINT('',(28.7109375,-46.20971679687,10.));
#3169 = CARTESIAN_POINT('',(28.7109375,-47.85034179687,10.));
#3170 = CARTESIAN_POINT('',(27.36328125,-48.72924804687,10.));
#3171 = CARTESIAN_POINT('',(26.4404296875,-48.72924804687,10.));
#3172 = CARTESIAN_POINT('',(26.30859375,-48.71459960937,10.));
#3173 = PCURVE('',#288,#3174);
#3174 = DEFINITIONAL_REPRESENTATION('',(#3175),#3185);
#3175 = B_SPLINE_CURVE_WITH_KNOTS('',2,(#3176,#3177,#3178,#3179,#3180,
    #3181,#3182,#3183,#3184),.UNSPECIFIED.,.F.,.F.,(3,1,1,1,1,1,1,3),(0.
    ,1.,2.,3.009523809524,4.019047619048,5.293698893699,6.56835016835,
    6.690273333752),.UNSPECIFIED.);
#3176 = CARTESIAN_POINT('',(25.012207033741,-47.19116210937));
#3177 = CARTESIAN_POINT('',(25.158691408741,-46.22436523437));
#3178 = CARTESIAN_POINT('',(26.184082033741,-45.25756835937));
#3179 = CARTESIAN_POINT('',(27.729492189991,-45.25756835937));
#3180 = CARTESIAN_POINT('',(28.710937502491,-46.20971679687));
#3181 = CARTESIAN_POINT('',(28.710937502491,-47.85034179687));
#3182 = CARTESIAN_POINT('',(27.363281252491,-48.72924804687));
#3183 = CARTESIAN_POINT('',(26.440429689991,-48.72924804687));
#3184 = CARTESIAN_POINT('',(26.308593752491,-48.71459960937));
#3185 = ( GEOMETRIC_REPRESENTATION_CONTEXT(2) 
PARAMETRIC_REPRESENTATION_CONTEXT() REPRESENTATION_CONTEXT('2D SPACE',''
  ) );
#3186 = PCURVE('',#3187,#3200);
#3187 = SURFACE_OF_LINEAR_EXTRUSION('',#3188,#3198);
#3188 = B_SPLINE_CURVE_WITH_KNOTS('',2,(#3189,#3190,#3191,#3192,#3193,
    #3194,#3195,#3196,#3197),.UNSPECIFIED.,.F.,.F.,(3,1,1,1,1,1,1,3),(0.
    ,1.,2.,3.009523809524,4.019047619048,5.293698893699,6.56835016835,
    6.690273333752),.UNSPECIFIED.);
#3189 = CARTESIAN_POINT('',(25.01220703125,-47.19116210937,10.));
#3190 = CARTESIAN_POINT('',(25.15869140625,-46.22436523437,10.));
#3191 = CARTESIAN_POINT('',(26.18408203125,-45.25756835937,10.));
#3192 = CARTESIAN_POINT('',(27.7294921875,-45.25756835937,10.));
#3193 = CARTESIAN_POINT('',(28.7109375,-46.20971679687,10.));
#3194 = CARTESIAN_POINT('',(28.7109375,-47.85034179687,10.));
#3195 = CARTESIAN_POINT('',(27.36328125,-48.72924804687,10.));
#3196 = CARTESIAN_POINT('',(26.4404296875,-48.72924804687,10.));
#3197 = CARTESIAN_POINT('',(26.30859375,-48.71459960937,10.));
#3198 = VECTOR('',#3199,1.);
#3199 = DIRECTION('',(0.,0.,1.));
#3200 = DEFINITIONAL_REPRESENTATION('',(#3201),#3205);
#3201 = LINE('',#3202,#3203);
#3202 = CARTESIAN_POINT('',(0.,0.));
#3203 = VECTOR('',#3204,1.);
#3204 = DIRECTION('',(1.,0.));
#3205 = ( GEOMETRIC_REPRESENTATION_CONTEXT(2) 
PARAMETRIC_REPRESENTATION_CONTEXT() REPRESENTATION_CONTEXT('2D SPACE',''
  ) );
#3206 = ORIENTED_EDGE('',*,*,#3207,.T.);
#3207 = EDGE_CURVE('',#3160,#3208,#3210,.T.);
#3208 = VERTEX_POINT('',#3209);
#3209 = CARTESIAN_POINT('',(23.69384765625,-46.95678710937,10.));
#3210 = SURFACE_CURVE('',#3211,(#3215,#3222),.PCURVE_S1.);
#3211 = LINE('',#3212,#3213);
#3212 = CARTESIAN_POINT('',(25.01220703125,-47.19116210937,10.));
#3213 = VECTOR('',#3214,1.);
#3214 = DIRECTION('',(-0.984562507786,0.175033334717,0.));
#3215 = PCURVE('',#288,#3216);
#3216 = DEFINITIONAL_REPRESENTATION('',(#3217),#3221);
#3217 = LINE('',#3218,#3219);
#3218 = CARTESIAN_POINT('',(25.012207033741,-47.19116210937));
#3219 = VECTOR('',#3220,1.);
#3220 = DIRECTION('',(-0.984562507786,0.175033334717));
#3221 = ( GEOMETRIC_REPRESENTATION_CONTEXT(2) 
PARAMETRIC_REPRESENTATION_CONTEXT() REPRESENTATION_CONTEXT('2D SPACE',''
  ) );
#3222 = PCURVE('',#3223,#3228);
#3223 = PLANE('',#3224);
#3224 = AXIS2_PLACEMENT_3D('',#3225,#3226,#3227);
#3225 = CARTESIAN_POINT('',(25.01220703125,-47.19116210937,10.));
#3226 = DIRECTION('',(0.175033334717,0.984562507786,-0.));
#3227 = DIRECTION('',(-0.984562507786,0.175033334717,0.));
#3228 = DEFINITIONAL_REPRESENTATION('',(#3229),#3233);
#3229 = LINE('',#3230,#3231);
#3230 = CARTESIAN_POINT('',(0.,0.));
#3231 = VECTOR('',#3232,1.);
#3232 = DIRECTION('',(1.,0.));
#3233 = ( GEOMETRIC_REPRESENTATION_CONTEXT(2) 
PARAMETRIC_REPRESENTATION_CONTEXT() REPRESENTATION_CONTEXT('2D SPACE',''
  ) );
#3234 = ORIENTED_EDGE('',*,*,#3235,.F.);
#3235 = EDGE_CURVE('',#3011,#3208,#3236,.T.);
#3236 = SURFACE_CURVE('',#3237,(#3247,#3260),.PCURVE_S1.);
#3237 = B_SPLINE_CURVE_WITH_KNOTS('',2,(#3238,#3239,#3240,#3241,#3242,
    #3243,#3244,#3245,#3246),.UNSPECIFIED.,.F.,.F.,(3,1,1,1,1,1,1,3),(0.
    ,1.,2.,3.052631578947,4.105263157895,5.157894736842,6.684210526316,
    8.210526315789),.UNSPECIFIED.);
#3238 = CARTESIAN_POINT('',(28.58642578125,-49.13940429687,10.));
#3239 = CARTESIAN_POINT('',(29.31884765625,-48.80249023437,10.));
#3240 = CARTESIAN_POINT('',(30.06591796875,-47.65991210937,10.));
#3241 = CARTESIAN_POINT('',(30.06591796875,-46.23168945312,10.));
#3242 = CARTESIAN_POINT('',(29.2822265625,-44.92797851562,10.));
#3243 = CARTESIAN_POINT('',(27.802734375,-44.17358398437,10.));
#3244 = CARTESIAN_POINT('',(25.6494140625,-44.17358398437,10.));
#3245 = CARTESIAN_POINT('',(23.935546875,-45.63110351562,10.));
#3246 = CARTESIAN_POINT('',(23.69384765625,-46.95678710937,10.));
#3247 = PCURVE('',#288,#3248);
#3248 = DEFINITIONAL_REPRESENTATION('',(#3249),#3259);
#3249 = B_SPLINE_CURVE_WITH_KNOTS('',2,(#3250,#3251,#3252,#3253,#3254,
    #3255,#3256,#3257,#3258),.UNSPECIFIED.,.F.,.F.,(3,1,1,1,1,1,1,3),(0.
    ,1.,2.,3.052631578947,4.105263157895,5.157894736842,6.684210526316,
    8.210526315789),.UNSPECIFIED.);
#3250 = CARTESIAN_POINT('',(28.586425783741,-49.13940429687));
#3251 = CARTESIAN_POINT('',(29.318847658741,-48.80249023437));
#3252 = CARTESIAN_POINT('',(30.065917971241,-47.65991210937));
#3253 = CARTESIAN_POINT('',(30.065917971241,-46.23168945312));
#3254 = CARTESIAN_POINT('',(29.282226564991,-44.92797851562));
#3255 = CARTESIAN_POINT('',(27.802734377491,-44.17358398437));
#3256 = CARTESIAN_POINT('',(25.649414064991,-44.17358398437));
#3257 = CARTESIAN_POINT('',(23.935546877491,-45.63110351562));
#3258 = CARTESIAN_POINT('',(23.693847658741,-46.95678710937));
#3259 = ( GEOMETRIC_REPRESENTATION_CONTEXT(2) 
PARAMETRIC_REPRESENTATION_CONTEXT() REPRESENTATION_CONTEXT('2D SPACE',''
  ) );
#3260 = PCURVE('',#3261,#3274);
#3261 = SURFACE_OF_LINEAR_EXTRUSION('',#3262,#3272);
#3262 = B_SPLINE_CURVE_WITH_KNOTS('',2,(#3263,#3264,#3265,#3266,#3267,
    #3268,#3269,#3270,#3271),.UNSPECIFIED.,.F.,.F.,(3,1,1,1,1,1,1,3),(0.
    ,1.,2.,3.052631578947,4.105263157895,5.157894736842,6.684210526316,
    8.210526315789),.UNSPECIFIED.);
#3263 = CARTESIAN_POINT('',(28.58642578125,-49.13940429687,10.));
#3264 = CARTESIAN_POINT('',(29.31884765625,-48.80249023437,10.));
#3265 = CARTESIAN_POINT('',(30.06591796875,-47.65991210937,10.));
#3266 = CARTESIAN_POINT('',(30.06591796875,-46.23168945312,10.));
#3267 = CARTESIAN_POINT('',(29.2822265625,-44.92797851562,10.));
#3268 = CARTESIAN_POINT('',(27.802734375,-44.17358398437,10.));
#3269 = CARTESIAN_POINT('',(25.6494140625,-44.17358398437,10.));
#3270 = CARTESIAN_POINT('',(23.935546875,-45.63110351562,10.));
#3271 = CARTESIAN_POINT('',(23.69384765625,-46.95678710937,10.));
#3272 = VECTOR('',#3273,1.);
#3273 = DIRECTION('',(0.,0.,1.));
#3274 = DEFINITIONAL_REPRESENTATION('',(#3275),#3279);
#3275 = LINE('',#3276,#3277);
#3276 = CARTESIAN_POINT('',(0.,0.));
#3277 = VECTOR('',#3278,1.);
#3278 = DIRECTION('',(1.,0.));
#3279 = ( GEOMETRIC_REPRESENTATION_CONTEXT(2) 
PARAMETRIC_REPRESENTATION_CONTEXT() REPRESENTATION_CONTEXT('2D SPACE',''
  ) );
#3280 = ADVANCED_FACE('',(#3281),#369,.T.);
#3281 = FACE_BOUND('',#3282,.F.);
#3282 = EDGE_LOOP('',(#3283,#3306,#3307,#3308));
#3283 = ORIENTED_EDGE('',*,*,#3284,.F.);
#3284 = EDGE_CURVE('',#349,#3285,#3287,.T.);
#3285 = VERTEX_POINT('',#3286);
#3286 = CARTESIAN_POINT('',(62.499999990257,-65.,2.));
#3287 = SURFACE_CURVE('',#3288,(#3292,#3299),.PCURVE_S1.);
#3288 = LINE('',#3289,#3290);
#3289 = CARTESIAN_POINT('',(62.499999995129,-65.,-10.));
#3290 = VECTOR('',#3291,1.);
#3291 = DIRECTION('',(0.,0.,1.));
#3292 = PCURVE('',#369,#3293);
#3293 = DEFINITIONAL_REPRESENTATION('',(#3294),#3298);
#3294 = LINE('',#3295,#3296);
#3295 = CARTESIAN_POINT('',(-3.14159265359,-10.));
#3296 = VECTOR('',#3297,1.);
#3297 = DIRECTION('',(0.,1.));
#3298 = ( GEOMETRIC_REPRESENTATION_CONTEXT(2) 
PARAMETRIC_REPRESENTATION_CONTEXT() REPRESENTATION_CONTEXT('2D SPACE',''
  ) );
#3299 = PCURVE('',#397,#3300);
#3300 = DEFINITIONAL_REPRESENTATION('',(#3301),#3305);
#3301 = LINE('',#3302,#3303);
#3302 = CARTESIAN_POINT('',(0.,-10.));
#3303 = VECTOR('',#3304,1.);
#3304 = DIRECTION('',(0.,1.));
#3305 = ( GEOMETRIC_REPRESENTATION_CONTEXT(2) 
PARAMETRIC_REPRESENTATION_CONTEXT() REPRESENTATION_CONTEXT('2D SPACE',''
  ) );
#3306 = ORIENTED_EDGE('',*,*,#348,.T.);
#3307 = ORIENTED_EDGE('',*,*,#551,.T.);
#3308 = ORIENTED_EDGE('',*,*,#3309,.T.);
#3309 = EDGE_CURVE('',#552,#3285,#3310,.T.);
#3310 = SURFACE_CURVE('',#3311,(#3316,#3323),.PCURVE_S1.);
#3311 = CIRCLE('',#3312,10.);
#3312 = AXIS2_PLACEMENT_3D('',#3313,#3314,#3315);
#3313 = CARTESIAN_POINT('',(52.499999990257,-65.,2.));
#3314 = DIRECTION('',(0.,0.,1.));
#3315 = DIRECTION('',(0.,-1.,0.));
#3316 = PCURVE('',#369,#3317);
#3317 = DEFINITIONAL_REPRESENTATION('',(#3318),#3322);
#3318 = LINE('',#3319,#3320);
#3319 = CARTESIAN_POINT('',(-4.712388980385,2.));
#3320 = VECTOR('',#3321,1.);
#3321 = DIRECTION('',(1.,-0.));
#3322 = ( GEOMETRIC_REPRESENTATION_CONTEXT(2) 
PARAMETRIC_REPRESENTATION_CONTEXT() REPRESENTATION_CONTEXT('2D SPACE',''
  ) );
#3323 = PCURVE('',#798,#3324);
#3324 = DEFINITIONAL_REPRESENTATION('',(#3325),#3329);
#3325 = LINE('',#3326,#3327);
#3326 = CARTESIAN_POINT('',(-0.,0.));
#3327 = VECTOR('',#3328,1.);
#3328 = DIRECTION('',(-1.,0.));
#3329 = ( GEOMETRIC_REPRESENTATION_CONTEXT(2) 
PARAMETRIC_REPRESENTATION_CONTEXT() REPRESENTATION_CONTEXT('2D SPACE',''
  ) );
#3330 = ADVANCED_FACE('',(#3331),#397,.T.);
#3331 = FACE_BOUND('',#3332,.T.);
#3332 = EDGE_LOOP('',(#3333,#3334,#3335,#3358));
#3333 = ORIENTED_EDGE('',*,*,#3284,.F.);
#3334 = ORIENTED_EDGE('',*,*,#381,.T.);
#3335 = ORIENTED_EDGE('',*,*,#3336,.T.);
#3336 = EDGE_CURVE('',#382,#3337,#3339,.T.);
#3337 = VERTEX_POINT('',#3338);
#3338 = CARTESIAN_POINT('',(62.500000000001,65.,2.));
#3339 = SURFACE_CURVE('',#3340,(#3344,#3351),.PCURVE_S1.);
#3340 = LINE('',#3341,#3342);
#3341 = CARTESIAN_POINT('',(62.499999995129,65.,-10.));
#3342 = VECTOR('',#3343,1.);
#3343 = DIRECTION('',(0.,0.,1.));
#3344 = PCURVE('',#397,#3345);
#3345 = DEFINITIONAL_REPRESENTATION('',(#3346),#3350);
#3346 = LINE('',#3347,#3348);
#3347 = CARTESIAN_POINT('',(130.,-10.));
#3348 = VECTOR('',#3349,1.);
#3349 = DIRECTION('',(0.,1.));
#3350 = ( GEOMETRIC_REPRESENTATION_CONTEXT(2) 
PARAMETRIC_REPRESENTATION_CONTEXT() REPRESENTATION_CONTEXT('2D SPACE',''
  ) );
#3351 = PCURVE('',#430,#3352);
#3352 = DEFINITIONAL_REPRESENTATION('',(#3353),#3357);
#3353 = LINE('',#3354,#3355);
#3354 = CARTESIAN_POINT('',(-3.14159265359,-10.));
#3355 = VECTOR('',#3356,1.);
#3356 = DIRECTION('',(0.,1.));
#3357 = ( GEOMETRIC_REPRESENTATION_CONTEXT(2) 
PARAMETRIC_REPRESENTATION_CONTEXT() REPRESENTATION_CONTEXT('2D SPACE',''
  ) );
#3358 = ORIENTED_EDGE('',*,*,#3359,.F.);
#3359 = EDGE_CURVE('',#3285,#3337,#3360,.T.);
#3360 = SURFACE_CURVE('',#3361,(#3365,#3372),.PCURVE_S1.);
#3361 = LINE('',#3362,#3363);
#3362 = CARTESIAN_POINT('',(62.500000000001,-65.,2.));
#3363 = VECTOR('',#3364,1.);
#3364 = DIRECTION('',(0.,1.,0.));
#3365 = PCURVE('',#397,#3366);
#3366 = DEFINITIONAL_REPRESENTATION('',(#3367),#3371);
#3367 = LINE('',#3368,#3369);
#3368 = CARTESIAN_POINT('',(0.,2.));
#3369 = VECTOR('',#3370,1.);
#3370 = DIRECTION('',(1.,0.));
#3371 = ( GEOMETRIC_REPRESENTATION_CONTEXT(2) 
PARAMETRIC_REPRESENTATION_CONTEXT() REPRESENTATION_CONTEXT('2D SPACE',''
  ) );
#3372 = PCURVE('',#826,#3373);
#3373 = DEFINITIONAL_REPRESENTATION('',(#3374),#3378);
#3374 = LINE('',#3375,#3376);
#3375 = CARTESIAN_POINT('',(-0.,5.656854249492));
#3376 = VECTOR('',#3377,1.);
#3377 = DIRECTION('',(-1.,0.));
#3378 = ( GEOMETRIC_REPRESENTATION_CONTEXT(2) 
PARAMETRIC_REPRESENTATION_CONTEXT() REPRESENTATION_CONTEXT('2D SPACE',''
  ) );
#3379 = ADVANCED_FACE('',(#3380),#430,.T.);
#3380 = FACE_BOUND('',#3381,.F.);
#3381 = EDGE_LOOP('',(#3382,#3383,#3407,#3428));
#3382 = ORIENTED_EDGE('',*,*,#3336,.T.);
#3383 = ORIENTED_EDGE('',*,*,#3384,.T.);
#3384 = EDGE_CURVE('',#3337,#3385,#3387,.T.);
#3385 = VERTEX_POINT('',#3386);
#3386 = CARTESIAN_POINT('',(52.499999990257,75.,2.));
#3387 = SURFACE_CURVE('',#3388,(#3393,#3400),.PCURVE_S1.);
#3388 = CIRCLE('',#3389,10.);
#3389 = AXIS2_PLACEMENT_3D('',#3390,#3391,#3392);
#3390 = CARTESIAN_POINT('',(52.499999990257,65.,2.));
#3391 = DIRECTION('',(0.,0.,1.));
#3392 = DIRECTION('',(1.,0.,-0.));
#3393 = PCURVE('',#430,#3394);
#3394 = DEFINITIONAL_REPRESENTATION('',(#3395),#3399);
#3395 = LINE('',#3396,#3397);
#3396 = CARTESIAN_POINT('',(-3.14159265359,2.));
#3397 = VECTOR('',#3398,1.);
#3398 = DIRECTION('',(1.,-0.));
#3399 = ( GEOMETRIC_REPRESENTATION_CONTEXT(2) 
PARAMETRIC_REPRESENTATION_CONTEXT() REPRESENTATION_CONTEXT('2D SPACE',''
  ) );
#3400 = PCURVE('',#855,#3401);
#3401 = DEFINITIONAL_REPRESENTATION('',(#3402),#3406);
#3402 = LINE('',#3403,#3404);
#3403 = CARTESIAN_POINT('',(-0.,0.));
#3404 = VECTOR('',#3405,1.);
#3405 = DIRECTION('',(-1.,0.));
#3406 = ( GEOMETRIC_REPRESENTATION_CONTEXT(2) 
PARAMETRIC_REPRESENTATION_CONTEXT() REPRESENTATION_CONTEXT('2D SPACE',''
  ) );
#3407 = ORIENTED_EDGE('',*,*,#3408,.T.);
#3408 = EDGE_CURVE('',#3385,#410,#3409,.T.);
#3409 = SURFACE_CURVE('',#3410,(#3414,#3421),.PCURVE_S1.);
#3410 = LINE('',#3411,#3412);
#3411 = CARTESIAN_POINT('',(52.499999990257,75.,10.));
#3412 = VECTOR('',#3413,1.);
#3413 = DIRECTION('',(0.,0.,-1.));
#3414 = PCURVE('',#430,#3415);
#3415 = DEFINITIONAL_REPRESENTATION('',(#3416),#3420);
#3416 = LINE('',#3417,#3418);
#3417 = CARTESIAN_POINT('',(-1.570796326795,10.));
#3418 = VECTOR('',#3419,1.);
#3419 = DIRECTION('',(-0.,-1.));
#3420 = ( GEOMETRIC_REPRESENTATION_CONTEXT(2) 
PARAMETRIC_REPRESENTATION_CONTEXT() REPRESENTATION_CONTEXT('2D SPACE',''
  ) );
#3421 = PCURVE('',#458,#3422);
#3422 = DEFINITIONAL_REPRESENTATION('',(#3423),#3427);
#3423 = LINE('',#3424,#3425);
#3424 = CARTESIAN_POINT('',(104.99999999025,10.));
#3425 = VECTOR('',#3426,1.);
#3426 = DIRECTION('',(0.,-1.));
#3427 = ( GEOMETRIC_REPRESENTATION_CONTEXT(2) 
PARAMETRIC_REPRESENTATION_CONTEXT() REPRESENTATION_CONTEXT('2D SPACE',''
  ) );
#3428 = ORIENTED_EDGE('',*,*,#409,.T.);
#3429 = ADVANCED_FACE('',(#3430),#458,.F.);
#3430 = FACE_BOUND('',#3431,.F.);
#3431 = EDGE_LOOP('',(#3432,#3433,#3434,#3435,#3458,#3479,#3505,#3526));
#3432 = ORIENTED_EDGE('',*,*,#499,.T.);
#3433 = ORIENTED_EDGE('',*,*,#442,.T.);
#3434 = ORIENTED_EDGE('',*,*,#3408,.F.);
#3435 = ORIENTED_EDGE('',*,*,#3436,.T.);
#3436 = EDGE_CURVE('',#3385,#3437,#3439,.T.);
#3437 = VERTEX_POINT('',#3438);
#3438 = CARTESIAN_POINT('',(48.,75.,2.));
#3439 = SURFACE_CURVE('',#3440,(#3444,#3451),.PCURVE_S1.);
#3440 = LINE('',#3441,#3442);
#3441 = CARTESIAN_POINT('',(52.499999990257,75.,2.));
#3442 = VECTOR('',#3443,1.);
#3443 = DIRECTION('',(-1.,-0.,-0.));
#3444 = PCURVE('',#458,#3445);
#3445 = DEFINITIONAL_REPRESENTATION('',(#3446),#3450);
#3446 = LINE('',#3447,#3448);
#3447 = CARTESIAN_POINT('',(104.99999999025,2.));
#3448 = VECTOR('',#3449,1.);
#3449 = DIRECTION('',(-1.,0.));
#3450 = ( GEOMETRIC_REPRESENTATION_CONTEXT(2) 
PARAMETRIC_REPRESENTATION_CONTEXT() REPRESENTATION_CONTEXT('2D SPACE',''
  ) );
#3451 = PCURVE('',#883,#3452);
#3452 = DEFINITIONAL_REPRESENTATION('',(#3453),#3457);
#3453 = LINE('',#3454,#3455);
#3454 = CARTESIAN_POINT('',(0.,5.656854249492));
#3455 = VECTOR('',#3456,1.);
#3456 = DIRECTION('',(1.,0.));
#3457 = ( GEOMETRIC_REPRESENTATION_CONTEXT(2) 
PARAMETRIC_REPRESENTATION_CONTEXT() REPRESENTATION_CONTEXT('2D SPACE',''
  ) );
#3458 = ORIENTED_EDGE('',*,*,#3459,.F.);
#3459 = EDGE_CURVE('',#3460,#3437,#3462,.T.);
#3460 = VERTEX_POINT('',#3461);
#3461 = CARTESIAN_POINT('',(50.,75.,0.));
#3462 = SURFACE_CURVE('',#3463,(#3467,#3473),.PCURVE_S1.);
#3463 = LINE('',#3464,#3465);
#3464 = CARTESIAN_POINT('',(24.375,75.,25.625));
#3465 = VECTOR('',#3466,1.);
#3466 = DIRECTION('',(-0.707106781187,0.,0.707106781187));
#3467 = PCURVE('',#458,#3468);
#3468 = DEFINITIONAL_REPRESENTATION('',(#3469),#3472);
#3469 = B_SPLINE_CURVE_WITH_KNOTS('',1,(#3470,#3471),.UNSPECIFIED.,.F.,
  .F.,(2,2),(-36.23922253581,-22.09708691208),.PIECEWISE_BEZIER_KNOTS.);
#3470 = CARTESIAN_POINT('',(102.5,0.));
#3471 = CARTESIAN_POINT('',(92.500000000001,10.));
#3472 = ( GEOMETRIC_REPRESENTATION_CONTEXT(2) 
PARAMETRIC_REPRESENTATION_CONTEXT() REPRESENTATION_CONTEXT('2D SPACE',''
  ) );
#3473 = PCURVE('',#911,#3474);
#3474 = DEFINITIONAL_REPRESENTATION('',(#3475),#3478);
#3475 = B_SPLINE_CURVE_WITH_KNOTS('',1,(#3476,#3477),.UNSPECIFIED.,.F.,
  .F.,(2,2),(-36.23922253581,-22.09708691208),.PIECEWISE_BEZIER_KNOTS.);
#3476 = CARTESIAN_POINT('',(0.,-75.));
#3477 = CARTESIAN_POINT('',(14.142135623731,-75.));
#3478 = ( GEOMETRIC_REPRESENTATION_CONTEXT(2) 
PARAMETRIC_REPRESENTATION_CONTEXT() REPRESENTATION_CONTEXT('2D SPACE',''
  ) );
#3479 = ORIENTED_EDGE('',*,*,#3480,.F.);
#3480 = EDGE_CURVE('',#3481,#3460,#3483,.T.);
#3481 = VERTEX_POINT('',#3482);
#3482 = CARTESIAN_POINT('',(-50.,75.,0.));
#3483 = SURFACE_CURVE('',#3484,(#3488,#3494),.PCURVE_S1.);
#3484 = LINE('',#3485,#3486);
#3485 = CARTESIAN_POINT('',(-51.25,75.,0.));
#3486 = VECTOR('',#3487,1.);
#3487 = DIRECTION('',(1.,0.,0.));
#3488 = PCURVE('',#458,#3489);
#3489 = DEFINITIONAL_REPRESENTATION('',(#3490),#3493);
#3490 = B_SPLINE_CURVE_WITH_KNOTS('',1,(#3491,#3492),.UNSPECIFIED.,.F.,
  .F.,(2,2),(1.25,101.25),.PIECEWISE_BEZIER_KNOTS.);
#3491 = CARTESIAN_POINT('',(2.500000000001,0.));
#3492 = CARTESIAN_POINT('',(102.5,0.));
#3493 = ( GEOMETRIC_REPRESENTATION_CONTEXT(2) 
PARAMETRIC_REPRESENTATION_CONTEXT() REPRESENTATION_CONTEXT('2D SPACE',''
  ) );
#3494 = PCURVE('',#3495,#3500);
#3495 = PLANE('',#3496);
#3496 = AXIS2_PLACEMENT_3D('',#3497,#3498,#3499);
#3497 = CARTESIAN_POINT('',(-50.,0.,0.));
#3498 = DIRECTION('',(0.,0.,-1.));
#3499 = DIRECTION('',(1.,0.,0.));
#3500 = DEFINITIONAL_REPRESENTATION('',(#3501),#3504);
#3501 = B_SPLINE_CURVE_WITH_KNOTS('',1,(#3502,#3503),.UNSPECIFIED.,.F.,
  .F.,(2,2),(1.25,101.25),.PIECEWISE_BEZIER_KNOTS.);
#3502 = CARTESIAN_POINT('',(0.,-75.));
#3503 = CARTESIAN_POINT('',(100.,-75.));
#3504 = ( GEOMETRIC_REPRESENTATION_CONTEXT(2) 
PARAMETRIC_REPRESENTATION_CONTEXT() REPRESENTATION_CONTEXT('2D SPACE',''
  ) );
#3505 = ORIENTED_EDGE('',*,*,#3506,.F.);
#3506 = EDGE_CURVE('',#3507,#3481,#3509,.T.);
#3507 = VERTEX_POINT('',#3508);
#3508 = CARTESIAN_POINT('',(-48.,75.,2.));
#3509 = SURFACE_CURVE('',#3510,(#3514,#3520),.PCURVE_S1.);
#3510 = LINE('',#3511,#3512);
#3511 = CARTESIAN_POINT('',(-45.625,75.,4.375));
#3512 = VECTOR('',#3513,1.);
#3513 = DIRECTION('',(-0.707106781187,-0.,-0.707106781187));
#3514 = PCURVE('',#458,#3515);
#3515 = DEFINITIONAL_REPRESENTATION('',(#3516),#3519);
#3516 = B_SPLINE_CURVE_WITH_KNOTS('',1,(#3517,#3518),.UNSPECIFIED.,.F.,
  .F.,(2,2),(-7.954951288349,6.187184335382),.PIECEWISE_BEZIER_KNOTS.);
#3517 = CARTESIAN_POINT('',(12.500000000001,10.));
#3518 = CARTESIAN_POINT('',(2.500000000001,2.6645352591E-15));
#3519 = ( GEOMETRIC_REPRESENTATION_CONTEXT(2) 
PARAMETRIC_REPRESENTATION_CONTEXT() REPRESENTATION_CONTEXT('2D SPACE',''
  ) );
#3520 = PCURVE('',#722,#3521);
#3521 = DEFINITIONAL_REPRESENTATION('',(#3522),#3525);
#3522 = B_SPLINE_CURVE_WITH_KNOTS('',1,(#3523,#3524),.UNSPECIFIED.,.F.,
  .F.,(2,2),(-7.954951288349,6.187184335382),.PIECEWISE_BEZIER_KNOTS.);
#3523 = CARTESIAN_POINT('',(3.552713678801E-15,-75.));
#3524 = CARTESIAN_POINT('',(14.142135623731,-75.));
#3525 = ( GEOMETRIC_REPRESENTATION_CONTEXT(2) 
PARAMETRIC_REPRESENTATION_CONTEXT() REPRESENTATION_CONTEXT('2D SPACE',''
  ) );
#3526 = ORIENTED_EDGE('',*,*,#3527,.T.);
#3527 = EDGE_CURVE('',#3507,#500,#3528,.T.);
#3528 = SURFACE_CURVE('',#3529,(#3533,#3540),.PCURVE_S1.);
#3529 = LINE('',#3530,#3531);
#3530 = CARTESIAN_POINT('',(-40.,75.,2.));
#3531 = VECTOR('',#3532,1.);
#3532 = DIRECTION('',(-1.,-0.,-0.));
#3533 = PCURVE('',#458,#3534);
#3534 = DEFINITIONAL_REPRESENTATION('',(#3535),#3539);
#3535 = LINE('',#3536,#3537);
#3536 = CARTESIAN_POINT('',(12.500000000001,2.));
#3537 = VECTOR('',#3538,1.);
#3538 = DIRECTION('',(-1.,0.));
#3539 = ( GEOMETRIC_REPRESENTATION_CONTEXT(2) 
PARAMETRIC_REPRESENTATION_CONTEXT() REPRESENTATION_CONTEXT('2D SPACE',''
  ) );
#3540 = PCURVE('',#666,#3541);
#3541 = DEFINITIONAL_REPRESENTATION('',(#3542),#3546);
#3542 = LINE('',#3543,#3544);
#3543 = CARTESIAN_POINT('',(0.,5.656854249492));
#3544 = VECTOR('',#3545,1.);
#3545 = DIRECTION('',(1.,0.));
#3546 = ( GEOMETRIC_REPRESENTATION_CONTEXT(2) 
PARAMETRIC_REPRESENTATION_CONTEXT() REPRESENTATION_CONTEXT('2D SPACE',''
  ) );
#3547 = ADVANCED_FACE('',(#3548),#588,.T.);
#3548 = FACE_BOUND('',#3549,.F.);
#3549 = EDGE_LOOP('',(#3550,#3551,#3552,#3571));
#3550 = ORIENTED_EDGE('',*,*,#628,.F.);
#3551 = ORIENTED_EDGE('',*,*,#758,.T.);
#3552 = ORIENTED_EDGE('',*,*,#3553,.T.);
#3553 = EDGE_CURVE('',#759,#552,#3554,.T.);
#3554 = SURFACE_CURVE('',#3555,(#3559,#3565),.PCURVE_S1.);
#3555 = LINE('',#3556,#3557);
#3556 = CARTESIAN_POINT('',(52.499999990257,-71.,6.));
#3557 = VECTOR('',#3558,1.);
#3558 = DIRECTION('',(0.,-0.707106781187,-0.707106781187));
#3559 = PCURVE('',#588,#3560);
#3560 = DEFINITIONAL_REPRESENTATION('',(#3561),#3564);
#3561 = B_SPLINE_CURVE_WITH_KNOTS('',1,(#3562,#3563),.UNSPECIFIED.,.F.,
  .F.,(2,2),(-5.656854249492,5.656854249492),.PIECEWISE_BEZIER_KNOTS.);
#3562 = CARTESIAN_POINT('',(-104.9999999902,-5.656854249492));
#3563 = CARTESIAN_POINT('',(-104.9999999902,5.656854249492));
#3564 = ( GEOMETRIC_REPRESENTATION_CONTEXT(2) 
PARAMETRIC_REPRESENTATION_CONTEXT() REPRESENTATION_CONTEXT('2D SPACE',''
  ) );
#3565 = PCURVE('',#798,#3566);
#3566 = DEFINITIONAL_REPRESENTATION('',(#3567),#3570);
#3567 = B_SPLINE_CURVE_WITH_KNOTS('',1,(#3568,#3569),.UNSPECIFIED.,.F.,
  .F.,(2,2),(-5.656854249492,5.656854249492),.PIECEWISE_BEZIER_KNOTS.);
#3568 = CARTESIAN_POINT('',(0.,-8.));
#3569 = CARTESIAN_POINT('',(0.,-1.256073966947E-15));
#3570 = ( GEOMETRIC_REPRESENTATION_CONTEXT(2) 
PARAMETRIC_REPRESENTATION_CONTEXT() REPRESENTATION_CONTEXT('2D SPACE',''
  ) );
#3571 = ORIENTED_EDGE('',*,*,#574,.F.);
#3572 = ADVANCED_FACE('',(#3573),#666,.F.);
#3573 = FACE_BOUND('',#3574,.F.);
#3574 = EDGE_LOOP('',(#3575,#3596,#3597,#3598));
#3575 = ORIENTED_EDGE('',*,*,#3576,.F.);
#3576 = EDGE_CURVE('',#707,#3507,#3577,.T.);
#3577 = SURFACE_CURVE('',#3578,(#3582,#3589),.PCURVE_S1.);
#3578 = LINE('',#3579,#3580);
#3579 = CARTESIAN_POINT('',(-30.16666666666,57.166666666667,
    19.833333333333));
#3580 = VECTOR('',#3581,1.);
#3581 = DIRECTION('',(-0.57735026919,0.57735026919,-0.57735026919));
#3582 = PCURVE('',#666,#3583);
#3583 = DEFINITIONAL_REPRESENTATION('',(#3584),#3588);
#3584 = LINE('',#3585,#3586);
#3585 = CARTESIAN_POINT('',(-9.833333333333,-19.56328761282));
#3586 = VECTOR('',#3587,1.);
#3587 = DIRECTION('',(0.57735026919,0.816496580928));
#3588 = ( GEOMETRIC_REPRESENTATION_CONTEXT(2) 
PARAMETRIC_REPRESENTATION_CONTEXT() REPRESENTATION_CONTEXT('2D SPACE',''
  ) );
#3589 = PCURVE('',#722,#3590);
#3590 = DEFINITIONAL_REPRESENTATION('',(#3591),#3595);
#3591 = LINE('',#3592,#3593);
#3592 = CARTESIAN_POINT('',(-13.90643336333,-57.16666666666));
#3593 = VECTOR('',#3594,1.);
#3594 = DIRECTION('',(0.816496580928,-0.57735026919));
#3595 = ( GEOMETRIC_REPRESENTATION_CONTEXT(2) 
PARAMETRIC_REPRESENTATION_CONTEXT() REPRESENTATION_CONTEXT('2D SPACE',''
  ) );
#3596 = ORIENTED_EDGE('',*,*,#734,.T.);
#3597 = ORIENTED_EDGE('',*,*,#651,.T.);
#3598 = ORIENTED_EDGE('',*,*,#3527,.F.);
#3599 = ADVANCED_FACE('',(#3600),#722,.F.);
#3600 = FACE_BOUND('',#3601,.F.);
#3601 = EDGE_LOOP('',(#3602,#3603,#3626,#3647,#3648));
#3602 = ORIENTED_EDGE('',*,*,#3506,.T.);
#3603 = ORIENTED_EDGE('',*,*,#3604,.F.);
#3604 = EDGE_CURVE('',#3605,#3481,#3607,.T.);
#3605 = VERTEX_POINT('',#3606);
#3606 = CARTESIAN_POINT('',(-50.,0.,0.));
#3607 = SURFACE_CURVE('',#3608,(#3612,#3619),.PCURVE_S1.);
#3608 = LINE('',#3609,#3610);
#3609 = CARTESIAN_POINT('',(-50.,0.,0.));
#3610 = VECTOR('',#3611,1.);
#3611 = DIRECTION('',(-0.,1.,-0.));
#3612 = PCURVE('',#722,#3613);
#3613 = DEFINITIONAL_REPRESENTATION('',(#3614),#3618);
#3614 = LINE('',#3615,#3616);
#3615 = CARTESIAN_POINT('',(14.142135623731,0.));
#3616 = VECTOR('',#3617,1.);
#3617 = DIRECTION('',(0.,-1.));
#3618 = ( GEOMETRIC_REPRESENTATION_CONTEXT(2) 
PARAMETRIC_REPRESENTATION_CONTEXT() REPRESENTATION_CONTEXT('2D SPACE',''
  ) );
#3619 = PCURVE('',#3495,#3620);
#3620 = DEFINITIONAL_REPRESENTATION('',(#3621),#3625);
#3621 = LINE('',#3622,#3623);
#3622 = CARTESIAN_POINT('',(0.,0.));
#3623 = VECTOR('',#3624,1.);
#3624 = DIRECTION('',(0.,-1.));
#3625 = ( GEOMETRIC_REPRESENTATION_CONTEXT(2) 
PARAMETRIC_REPRESENTATION_CONTEXT() REPRESENTATION_CONTEXT('2D SPACE',''
  ) );
#3626 = ORIENTED_EDGE('',*,*,#3627,.F.);
#3627 = EDGE_CURVE('',#705,#3605,#3628,.T.);
#3628 = SURFACE_CURVE('',#3629,(#3633,#3640),.PCURVE_S1.);
#3629 = LINE('',#3630,#3631);
#3630 = CARTESIAN_POINT('',(-40.,0.,10.));
#3631 = VECTOR('',#3632,1.);
#3632 = DIRECTION('',(-0.707106781187,-0.,-0.707106781187));
#3633 = PCURVE('',#722,#3634);
#3634 = DEFINITIONAL_REPRESENTATION('',(#3635),#3639);
#3635 = LINE('',#3636,#3637);
#3636 = CARTESIAN_POINT('',(0.,0.));
#3637 = VECTOR('',#3638,1.);
#3638 = DIRECTION('',(1.,0.));
#3639 = ( GEOMETRIC_REPRESENTATION_CONTEXT(2) 
PARAMETRIC_REPRESENTATION_CONTEXT() REPRESENTATION_CONTEXT('2D SPACE',''
  ) );
#3640 = PCURVE('',#937,#3641);
#3641 = DEFINITIONAL_REPRESENTATION('',(#3642),#3646);
#3642 = LINE('',#3643,#3644);
#3643 = CARTESIAN_POINT('',(-40.,5.480113065673));
#3644 = VECTOR('',#3645,1.);
#3645 = DIRECTION('',(-0.707106781187,-0.707106781187));
#3646 = ( GEOMETRIC_REPRESENTATION_CONTEXT(2) 
PARAMETRIC_REPRESENTATION_CONTEXT() REPRESENTATION_CONTEXT('2D SPACE',''
  ) );
#3647 = ORIENTED_EDGE('',*,*,#704,.T.);
#3648 = ORIENTED_EDGE('',*,*,#3576,.T.);
#3649 = ADVANCED_FACE('',(#3650),#937,.F.);
#3650 = FACE_BOUND('',#3651,.F.);
#3651 = EDGE_LOOP('',(#3652,#3675,#3696,#3697));
#3652 = ORIENTED_EDGE('',*,*,#3653,.T.);
#3653 = EDGE_CURVE('',#3605,#3654,#3656,.T.);
#3654 = VERTEX_POINT('',#3655);
#3655 = CARTESIAN_POINT('',(50.,0.,0.));
#3656 = SURFACE_CURVE('',#3657,(#3661,#3668),.PCURVE_S1.);
#3657 = LINE('',#3658,#3659);
#3658 = CARTESIAN_POINT('',(-50.,0.,0.));
#3659 = VECTOR('',#3660,1.);
#3660 = DIRECTION('',(1.,0.,0.));
#3661 = PCURVE('',#937,#3662);
#3662 = DEFINITIONAL_REPRESENTATION('',(#3663),#3667);
#3663 = LINE('',#3664,#3665);
#3664 = CARTESIAN_POINT('',(-50.,-4.519886934327));
#3665 = VECTOR('',#3666,1.);
#3666 = DIRECTION('',(1.,0.));
#3667 = ( GEOMETRIC_REPRESENTATION_CONTEXT(2) 
PARAMETRIC_REPRESENTATION_CONTEXT() REPRESENTATION_CONTEXT('2D SPACE',''
  ) );
#3668 = PCURVE('',#3495,#3669);
#3669 = DEFINITIONAL_REPRESENTATION('',(#3670),#3674);
#3670 = LINE('',#3671,#3672);
#3671 = CARTESIAN_POINT('',(0.,0.));
#3672 = VECTOR('',#3673,1.);
#3673 = DIRECTION('',(1.,0.));
#3674 = ( GEOMETRIC_REPRESENTATION_CONTEXT(2) 
PARAMETRIC_REPRESENTATION_CONTEXT() REPRESENTATION_CONTEXT('2D SPACE',''
  ) );
#3675 = ORIENTED_EDGE('',*,*,#3676,.T.);
#3676 = EDGE_CURVE('',#3654,#896,#3677,.T.);
#3677 = SURFACE_CURVE('',#3678,(#3682,#3689),.PCURVE_S1.);
#3678 = LINE('',#3679,#3680);
#3679 = CARTESIAN_POINT('',(50.,0.,0.));
#3680 = VECTOR('',#3681,1.);
#3681 = DIRECTION('',(-0.707106781187,0.,0.707106781187));
#3682 = PCURVE('',#937,#3683);
#3683 = DEFINITIONAL_REPRESENTATION('',(#3684),#3688);
#3684 = LINE('',#3685,#3686);
#3685 = CARTESIAN_POINT('',(50.,-4.519886934327));
#3686 = VECTOR('',#3687,1.);
#3687 = DIRECTION('',(-0.707106781187,0.707106781187));
#3688 = ( GEOMETRIC_REPRESENTATION_CONTEXT(2) 
PARAMETRIC_REPRESENTATION_CONTEXT() REPRESENTATION_CONTEXT('2D SPACE',''
  ) );
#3689 = PCURVE('',#911,#3690);
#3690 = DEFINITIONAL_REPRESENTATION('',(#3691),#3695);
#3691 = LINE('',#3692,#3693);
#3692 = CARTESIAN_POINT('',(0.,0.));
#3693 = VECTOR('',#3694,1.);
#3694 = DIRECTION('',(1.,0.));
#3695 = ( GEOMETRIC_REPRESENTATION_CONTEXT(2) 
PARAMETRIC_REPRESENTATION_CONTEXT() REPRESENTATION_CONTEXT('2D SPACE',''
  ) );
#3696 = ORIENTED_EDGE('',*,*,#923,.T.);
#3697 = ORIENTED_EDGE('',*,*,#3627,.T.);
#3698 = ADVANCED_FACE('',(#3699),#911,.F.);
#3699 = FACE_BOUND('',#3700,.F.);
#3700 = EDGE_LOOP('',(#3701,#3702,#3703,#3724,#3725));
#3701 = ORIENTED_EDGE('',*,*,#895,.F.);
#3702 = ORIENTED_EDGE('',*,*,#3676,.F.);
#3703 = ORIENTED_EDGE('',*,*,#3704,.T.);
#3704 = EDGE_CURVE('',#3654,#3460,#3705,.T.);
#3705 = SURFACE_CURVE('',#3706,(#3710,#3717),.PCURVE_S1.);
#3706 = LINE('',#3707,#3708);
#3707 = CARTESIAN_POINT('',(50.,0.,0.));
#3708 = VECTOR('',#3709,1.);
#3709 = DIRECTION('',(-0.,1.,-0.));
#3710 = PCURVE('',#911,#3711);
#3711 = DEFINITIONAL_REPRESENTATION('',(#3712),#3716);
#3712 = LINE('',#3713,#3714);
#3713 = CARTESIAN_POINT('',(0.,0.));
#3714 = VECTOR('',#3715,1.);
#3715 = DIRECTION('',(0.,-1.));
#3716 = ( GEOMETRIC_REPRESENTATION_CONTEXT(2) 
PARAMETRIC_REPRESENTATION_CONTEXT() REPRESENTATION_CONTEXT('2D SPACE',''
  ) );
#3717 = PCURVE('',#3495,#3718);
#3718 = DEFINITIONAL_REPRESENTATION('',(#3719),#3723);
#3719 = LINE('',#3720,#3721);
#3720 = CARTESIAN_POINT('',(100.,0.));
#3721 = VECTOR('',#3722,1.);
#3722 = DIRECTION('',(0.,-1.));
#3723 = ( GEOMETRIC_REPRESENTATION_CONTEXT(2) 
PARAMETRIC_REPRESENTATION_CONTEXT() REPRESENTATION_CONTEXT('2D SPACE',''
  ) );
#3724 = ORIENTED_EDGE('',*,*,#3459,.T.);
#3725 = ORIENTED_EDGE('',*,*,#3726,.F.);
#3726 = EDGE_CURVE('',#868,#3437,#3727,.T.);
#3727 = SURFACE_CURVE('',#3728,(#3732,#3739),.PCURVE_S1.);
#3728 = LINE('',#3729,#3730);
#3729 = CARTESIAN_POINT('',(35.583333331709,62.58333333171,
    14.416666668291));
#3730 = VECTOR('',#3731,1.);
#3731 = DIRECTION('',(0.57735026919,0.57735026919,-0.57735026919));
#3732 = PCURVE('',#911,#3733);
#3733 = DEFINITIONAL_REPRESENTATION('',(#3734),#3738);
#3734 = LINE('',#3735,#3736);
#3735 = CARTESIAN_POINT('',(20.388245526509,-62.58333333171));
#3736 = VECTOR('',#3737,1.);
#3737 = DIRECTION('',(-0.816496580928,-0.57735026919));
#3738 = ( GEOMETRIC_REPRESENTATION_CONTEXT(2) 
PARAMETRIC_REPRESENTATION_CONTEXT() REPRESENTATION_CONTEXT('2D SPACE',''
  ) );
#3739 = PCURVE('',#883,#3740);
#3740 = DEFINITIONAL_REPRESENTATION('',(#3741),#3745);
#3741 = LINE('',#3742,#3743);
#3742 = CARTESIAN_POINT('',(16.916666658548,-11.90296415227));
#3743 = VECTOR('',#3744,1.);
#3744 = DIRECTION('',(-0.57735026919,0.816496580928));
#3745 = ( GEOMETRIC_REPRESENTATION_CONTEXT(2) 
PARAMETRIC_REPRESENTATION_CONTEXT() REPRESENTATION_CONTEXT('2D SPACE',''
  ) );
#3746 = ADVANCED_FACE('',(#3747),#883,.F.);
#3747 = FACE_BOUND('',#3748,.F.);
#3748 = EDGE_LOOP('',(#3749,#3768,#3769,#3770));
#3749 = ORIENTED_EDGE('',*,*,#3750,.F.);
#3750 = EDGE_CURVE('',#839,#3385,#3751,.T.);
#3751 = SURFACE_CURVE('',#3752,(#3756,#3762),.PCURVE_S1.);
#3752 = LINE('',#3753,#3754);
#3753 = CARTESIAN_POINT('',(52.499999990257,75.,2.));
#3754 = VECTOR('',#3755,1.);
#3755 = DIRECTION('',(4.329780281177E-17,0.707106781187,-0.707106781187)
  );
#3756 = PCURVE('',#883,#3757);
#3757 = DEFINITIONAL_REPRESENTATION('',(#3758),#3761);
#3758 = B_SPLINE_CURVE_WITH_KNOTS('',1,(#3759,#3760),.UNSPECIFIED.,.F.,
  .F.,(2,2),(-11.31370849898,0.),.PIECEWISE_BEZIER_KNOTS.);
#3759 = CARTESIAN_POINT('',(0.,-5.656854249492));
#3760 = CARTESIAN_POINT('',(0.,5.656854249492));
#3761 = ( GEOMETRIC_REPRESENTATION_CONTEXT(2) 
PARAMETRIC_REPRESENTATION_CONTEXT() REPRESENTATION_CONTEXT('2D SPACE',''
  ) );
#3762 = PCURVE('',#855,#3763);
#3763 = DEFINITIONAL_REPRESENTATION('',(#3764),#3767);
#3764 = B_SPLINE_CURVE_WITH_KNOTS('',1,(#3765,#3766),.UNSPECIFIED.,.F.,
  .F.,(2,2),(-11.31370849898,0.),.PIECEWISE_BEZIER_KNOTS.);
#3765 = CARTESIAN_POINT('',(-1.570796326795,-8.));
#3766 = CARTESIAN_POINT('',(-1.570796326795,0.));
#3767 = ( GEOMETRIC_REPRESENTATION_CONTEXT(2) 
PARAMETRIC_REPRESENTATION_CONTEXT() REPRESENTATION_CONTEXT('2D SPACE',''
  ) );
#3768 = ORIENTED_EDGE('',*,*,#867,.T.);
#3769 = ORIENTED_EDGE('',*,*,#3726,.T.);
#3770 = ORIENTED_EDGE('',*,*,#3436,.F.);
#3771 = ADVANCED_FACE('',(#3772),#855,.T.);
#3772 = FACE_BOUND('',#3773,.F.);
#3773 = EDGE_LOOP('',(#3774,#3793,#3794,#3795));
#3774 = ORIENTED_EDGE('',*,*,#3775,.F.);
#3775 = EDGE_CURVE('',#811,#3337,#3776,.T.);
#3776 = SURFACE_CURVE('',#3777,(#3781,#3787),.PCURVE_S1.);
#3777 = LINE('',#3778,#3779);
#3778 = CARTESIAN_POINT('',(58.500000000001,65.,6.));
#3779 = VECTOR('',#3780,1.);
#3780 = DIRECTION('',(0.707106781187,0.,-0.707106781187));
#3781 = PCURVE('',#855,#3782);
#3782 = DEFINITIONAL_REPRESENTATION('',(#3783),#3786);
#3783 = B_SPLINE_CURVE_WITH_KNOTS('',1,(#3784,#3785),.UNSPECIFIED.,.F.,
  .F.,(2,2),(-5.656854249492,5.656854249492),.PIECEWISE_BEZIER_KNOTS.);
#3784 = CARTESIAN_POINT('',(0.,-8.));
#3785 = CARTESIAN_POINT('',(0.,3.768221900841E-15));
#3786 = ( GEOMETRIC_REPRESENTATION_CONTEXT(2) 
PARAMETRIC_REPRESENTATION_CONTEXT() REPRESENTATION_CONTEXT('2D SPACE',''
  ) );
#3787 = PCURVE('',#826,#3788);
#3788 = DEFINITIONAL_REPRESENTATION('',(#3789),#3792);
#3789 = B_SPLINE_CURVE_WITH_KNOTS('',1,(#3790,#3791),.UNSPECIFIED.,.F.,
  .F.,(2,2),(-5.656854249492,5.656854249492),.PIECEWISE_BEZIER_KNOTS.);
#3790 = CARTESIAN_POINT('',(-130.,-5.656854249492));
#3791 = CARTESIAN_POINT('',(-130.,5.656854249492));
#3792 = ( GEOMETRIC_REPRESENTATION_CONTEXT(2) 
PARAMETRIC_REPRESENTATION_CONTEXT() REPRESENTATION_CONTEXT('2D SPACE',''
  ) );
#3793 = ORIENTED_EDGE('',*,*,#838,.T.);
#3794 = ORIENTED_EDGE('',*,*,#3750,.T.);
#3795 = ORIENTED_EDGE('',*,*,#3384,.F.);
#3796 = ADVANCED_FACE('',(#3797),#826,.T.);
#3797 = FACE_BOUND('',#3798,.F.);
#3798 = EDGE_LOOP('',(#3799,#3818,#3819,#3820));
#3799 = ORIENTED_EDGE('',*,*,#3800,.F.);
#3800 = EDGE_CURVE('',#782,#3285,#3801,.T.);
#3801 = SURFACE_CURVE('',#3802,(#3806,#3812),.PCURVE_S1.);
#3802 = LINE('',#3803,#3804);
#3803 = CARTESIAN_POINT('',(62.499999990257,-65.,2.));
#3804 = VECTOR('',#3805,1.);
#3805 = DIRECTION('',(0.707106781187,-4.329780281177E-17,-0.707106781187
    ));
#3806 = PCURVE('',#826,#3807);
#3807 = DEFINITIONAL_REPRESENTATION('',(#3808),#3811);
#3808 = B_SPLINE_CURVE_WITH_KNOTS('',1,(#3809,#3810),.UNSPECIFIED.,.F.,
  .F.,(2,2),(-11.31370849898,0.),.PIECEWISE_BEZIER_KNOTS.);
#3809 = CARTESIAN_POINT('',(0.,-5.656854249492));
#3810 = CARTESIAN_POINT('',(0.,5.656854249492));
#3811 = ( GEOMETRIC_REPRESENTATION_CONTEXT(2) 
PARAMETRIC_REPRESENTATION_CONTEXT() REPRESENTATION_CONTEXT('2D SPACE',''
  ) );
#3812 = PCURVE('',#798,#3813);
#3813 = DEFINITIONAL_REPRESENTATION('',(#3814),#3817);
#3814 = B_SPLINE_CURVE_WITH_KNOTS('',1,(#3815,#3816),.UNSPECIFIED.,.F.,
  .F.,(2,2),(-11.31370849898,0.),.PIECEWISE_BEZIER_KNOTS.);
#3815 = CARTESIAN_POINT('',(-1.570796326795,-8.));
#3816 = CARTESIAN_POINT('',(-1.570796326795,0.));
#3817 = ( GEOMETRIC_REPRESENTATION_CONTEXT(2) 
PARAMETRIC_REPRESENTATION_CONTEXT() REPRESENTATION_CONTEXT('2D SPACE',''
  ) );
#3818 = ORIENTED_EDGE('',*,*,#810,.T.);
#3819 = ORIENTED_EDGE('',*,*,#3775,.T.);
#3820 = ORIENTED_EDGE('',*,*,#3359,.F.);
#3821 = ADVANCED_FACE('',(#3822),#798,.T.);
#3822 = FACE_BOUND('',#3823,.F.);
#3823 = EDGE_LOOP('',(#3824,#3825,#3826,#3827));
#3824 = ORIENTED_EDGE('',*,*,#3553,.F.);
#3825 = ORIENTED_EDGE('',*,*,#781,.T.);
#3826 = ORIENTED_EDGE('',*,*,#3800,.T.);
#3827 = ORIENTED_EDGE('',*,*,#3309,.F.);
#3828 = ADVANCED_FACE('',(#3829),#983,.F.);
#3829 = FACE_BOUND('',#3830,.F.);
#3830 = EDGE_LOOP('',(#3831,#3854,#3896,#3917));
#3831 = ORIENTED_EDGE('',*,*,#3832,.T.);
#3832 = EDGE_CURVE('',#952,#3833,#3835,.T.);
#3833 = VERTEX_POINT('',#3834);
#3834 = CARTESIAN_POINT('',(-30.81298828125,-52.63305664062,7.));
#3835 = SURFACE_CURVE('',#3836,(#3840,#3847),.PCURVE_S1.);
#3836 = LINE('',#3837,#3838);
#3837 = CARTESIAN_POINT('',(-30.81298828125,-52.63305664062,10.));
#3838 = VECTOR('',#3839,1.);
#3839 = DIRECTION('',(-0.,-0.,-1.));
#3840 = PCURVE('',#983,#3841);
#3841 = DEFINITIONAL_REPRESENTATION('',(#3842),#3846);
#3842 = LINE('',#3843,#3844);
#3843 = CARTESIAN_POINT('',(0.,0.));
#3844 = VECTOR('',#3845,1.);
#3845 = DIRECTION('',(0.,-1.));
#3846 = ( GEOMETRIC_REPRESENTATION_CONTEXT(2) 
PARAMETRIC_REPRESENTATION_CONTEXT() REPRESENTATION_CONTEXT('2D SPACE',''
  ) );
#3847 = PCURVE('',#1020,#3848);
#3848 = DEFINITIONAL_REPRESENTATION('',(#3849),#3853);
#3849 = LINE('',#3850,#3851);
#3850 = CARTESIAN_POINT('',(0.,0.));
#3851 = VECTOR('',#3852,1.);
#3852 = DIRECTION('',(0.,-1.));
#3853 = ( GEOMETRIC_REPRESENTATION_CONTEXT(2) 
PARAMETRIC_REPRESENTATION_CONTEXT() REPRESENTATION_CONTEXT('2D SPACE',''
  ) );
#3854 = ORIENTED_EDGE('',*,*,#3855,.T.);
#3855 = EDGE_CURVE('',#3833,#3856,#3858,.T.);
#3856 = VERTEX_POINT('',#3857);
#3857 = CARTESIAN_POINT('',(-27.48779296875,-50.23803710937,7.));
#3858 = SURFACE_CURVE('',#3859,(#3870,#3877),.PCURVE_S1.);
#3859 = B_SPLINE_CURVE_WITH_KNOTS('',2,(#3860,#3861,#3862,#3863,#3864,
    #3865,#3866,#3867,#3868,#3869),.UNSPECIFIED.,.F.,.F.,(3,1,1,1,1,1,1,
    1,3),(0.,1.,2.,2.6038647343,3.207729468599,3.811594202899,
    4.428878153516,5.046162104133,5.66344605475),.UNSPECIFIED.);
#3860 = CARTESIAN_POINT('',(-30.81298828125,-52.63305664062,7.));
#3861 = CARTESIAN_POINT('',(-30.59326171875,-53.87084960937,7.));
#3862 = CARTESIAN_POINT('',(-29.00390625,-55.13061523437,7.));
#3863 = CARTESIAN_POINT('',(-26.572265625,-55.13061523437,7.));
#3864 = CARTESIAN_POINT('',(-25.1220703125,-54.49340820312,7.));
#3865 = CARTESIAN_POINT('',(-24.35302734375,-53.32885742187,7.));
#3866 = CARTESIAN_POINT('',(-24.35302734375,-51.99584960937,7.));
#3867 = CARTESIAN_POINT('',(-24.98291015625,-51.08764648437,7.));
#3868 = CARTESIAN_POINT('',(-26.0888671875,-50.61157226562,7.));
#3869 = CARTESIAN_POINT('',(-27.48779296875,-50.23803710937,7.));
#3870 = PCURVE('',#983,#3871);
#3871 = DEFINITIONAL_REPRESENTATION('',(#3872),#3876);
#3872 = LINE('',#3873,#3874);
#3873 = CARTESIAN_POINT('',(0.,-3.));
#3874 = VECTOR('',#3875,1.);
#3875 = DIRECTION('',(1.,0.));
#3876 = ( GEOMETRIC_REPRESENTATION_CONTEXT(2) 
PARAMETRIC_REPRESENTATION_CONTEXT() REPRESENTATION_CONTEXT('2D SPACE',''
  ) );
#3877 = PCURVE('',#3878,#3883);
#3878 = PLANE('',#3879);
#3879 = AXIS2_PLACEMENT_3D('',#3880,#3881,#3882);
#3880 = CARTESIAN_POINT('',(-31.2744140625,-54.95483398437,7.));
#3881 = DIRECTION('',(0.,0.,1.));
#3882 = DIRECTION('',(1.,0.,0.));
#3883 = DEFINITIONAL_REPRESENTATION('',(#3884),#3895);
#3884 = B_SPLINE_CURVE_WITH_KNOTS('',2,(#3885,#3886,#3887,#3888,#3889,
    #3890,#3891,#3892,#3893,#3894),.UNSPECIFIED.,.F.,.F.,(3,1,1,1,1,1,1,
    1,3),(0.,1.,2.,2.6038647343,3.207729468599,3.811594202899,
    4.428878153516,5.046162104133,5.66344605475),.UNSPECIFIED.);
#3885 = CARTESIAN_POINT('',(0.46142578125,2.32177734375));
#3886 = CARTESIAN_POINT('',(0.68115234375,1.083984375));
#3887 = CARTESIAN_POINT('',(2.2705078125,-0.17578125));
#3888 = CARTESIAN_POINT('',(4.7021484375,-0.17578125));
#3889 = CARTESIAN_POINT('',(6.15234375,0.46142578125));
#3890 = CARTESIAN_POINT('',(6.92138671875,1.6259765625));
#3891 = CARTESIAN_POINT('',(6.92138671875,2.958984375));
#3892 = CARTESIAN_POINT('',(6.29150390625,3.8671875));
#3893 = CARTESIAN_POINT('',(5.185546875,4.34326171875));
#3894 = CARTESIAN_POINT('',(3.78662109375,4.716796875));
#3895 = ( GEOMETRIC_REPRESENTATION_CONTEXT(2) 
PARAMETRIC_REPRESENTATION_CONTEXT() REPRESENTATION_CONTEXT('2D SPACE',''
  ) );
#3896 = ORIENTED_EDGE('',*,*,#3897,.F.);
#3897 = EDGE_CURVE('',#954,#3856,#3898,.T.);
#3898 = SURFACE_CURVE('',#3899,(#3903,#3910),.PCURVE_S1.);
#3899 = LINE('',#3900,#3901);
#3900 = CARTESIAN_POINT('',(-27.48779296875,-50.23803710937,10.));
#3901 = VECTOR('',#3902,1.);
#3902 = DIRECTION('',(-0.,-0.,-1.));
#3903 = PCURVE('',#983,#3904);
#3904 = DEFINITIONAL_REPRESENTATION('',(#3905),#3909);
#3905 = LINE('',#3906,#3907);
#3906 = CARTESIAN_POINT('',(5.66344605475,0.));
#3907 = VECTOR('',#3908,1.);
#3908 = DIRECTION('',(0.,-1.));
#3909 = ( GEOMETRIC_REPRESENTATION_CONTEXT(2) 
PARAMETRIC_REPRESENTATION_CONTEXT() REPRESENTATION_CONTEXT('2D SPACE',''
  ) );
#3910 = PCURVE('',#1302,#3911);
#3911 = DEFINITIONAL_REPRESENTATION('',(#3912),#3916);
#3912 = LINE('',#3913,#3914);
#3913 = CARTESIAN_POINT('',(1.,0.));
#3914 = VECTOR('',#3915,1.);
#3915 = DIRECTION('',(0.,-1.));
#3916 = ( GEOMETRIC_REPRESENTATION_CONTEXT(2) 
PARAMETRIC_REPRESENTATION_CONTEXT() REPRESENTATION_CONTEXT('2D SPACE',''
  ) );
#3917 = ORIENTED_EDGE('',*,*,#951,.F.);
#3918 = ADVANCED_FACE('',(#3919),#1302,.T.);
#3919 = FACE_BOUND('',#3920,.T.);
#3920 = EDGE_LOOP('',(#3921,#3944,#3965,#3966));
#3921 = ORIENTED_EDGE('',*,*,#3922,.T.);
#3922 = EDGE_CURVE('',#1259,#3923,#3925,.T.);
#3923 = VERTEX_POINT('',#3924);
#3924 = CARTESIAN_POINT('',(-28.65234375,-49.90112304687,7.));
#3925 = SURFACE_CURVE('',#3926,(#3930,#3937),.PCURVE_S1.);
#3926 = LINE('',#3927,#3928);
#3927 = CARTESIAN_POINT('',(-28.65234375,-49.90112304687,10.));
#3928 = VECTOR('',#3929,1.);
#3929 = DIRECTION('',(-0.,-0.,-1.));
#3930 = PCURVE('',#1302,#3931);
#3931 = DEFINITIONAL_REPRESENTATION('',(#3932),#3936);
#3932 = LINE('',#3933,#3934);
#3933 = CARTESIAN_POINT('',(0.,0.));
#3934 = VECTOR('',#3935,1.);
#3935 = DIRECTION('',(0.,-1.));
#3936 = ( GEOMETRIC_REPRESENTATION_CONTEXT(2) 
PARAMETRIC_REPRESENTATION_CONTEXT() REPRESENTATION_CONTEXT('2D SPACE',''
  ) );
#3937 = PCURVE('',#1274,#3938);
#3938 = DEFINITIONAL_REPRESENTATION('',(#3939),#3943);
#3939 = LINE('',#3940,#3941);
#3940 = CARTESIAN_POINT('',(1.,0.));
#3941 = VECTOR('',#3942,1.);
#3942 = DIRECTION('',(0.,-1.));
#3943 = ( GEOMETRIC_REPRESENTATION_CONTEXT(2) 
PARAMETRIC_REPRESENTATION_CONTEXT() REPRESENTATION_CONTEXT('2D SPACE',''
  ) );
#3944 = ORIENTED_EDGE('',*,*,#3945,.T.);
#3945 = EDGE_CURVE('',#3923,#3856,#3946,.T.);
#3946 = SURFACE_CURVE('',#3947,(#3951,#3958),.PCURVE_S1.);
#3947 = B_SPLINE_CURVE_WITH_KNOTS('',2,(#3948,#3949,#3950),
  .UNSPECIFIED.,.F.,.F.,(3,3),(0.,1.),.PIECEWISE_BEZIER_KNOTS.);
#3948 = CARTESIAN_POINT('',(-28.65234375,-49.90112304687,7.));
#3949 = CARTESIAN_POINT('',(-28.45458984375,-49.97436523437,7.));
#3950 = CARTESIAN_POINT('',(-27.48779296875,-50.23803710937,7.));
#3951 = PCURVE('',#1302,#3952);
#3952 = DEFINITIONAL_REPRESENTATION('',(#3953),#3957);
#3953 = LINE('',#3954,#3955);
#3954 = CARTESIAN_POINT('',(0.,-3.));
#3955 = VECTOR('',#3956,1.);
#3956 = DIRECTION('',(1.,0.));
#3957 = ( GEOMETRIC_REPRESENTATION_CONTEXT(2) 
PARAMETRIC_REPRESENTATION_CONTEXT() REPRESENTATION_CONTEXT('2D SPACE',''
  ) );
#3958 = PCURVE('',#3878,#3959);
#3959 = DEFINITIONAL_REPRESENTATION('',(#3960),#3964);
#3960 = B_SPLINE_CURVE_WITH_KNOTS('',2,(#3961,#3962,#3963),
  .UNSPECIFIED.,.F.,.F.,(3,3),(0.,1.),.PIECEWISE_BEZIER_KNOTS.);
#3961 = CARTESIAN_POINT('',(2.6220703125,5.0537109375));
#3962 = CARTESIAN_POINT('',(2.81982421875,4.98046875));
#3963 = CARTESIAN_POINT('',(3.78662109375,4.716796875));
#3964 = ( GEOMETRIC_REPRESENTATION_CONTEXT(2) 
PARAMETRIC_REPRESENTATION_CONTEXT() REPRESENTATION_CONTEXT('2D SPACE',''
  ) );
#3965 = ORIENTED_EDGE('',*,*,#3897,.F.);
#3966 = ORIENTED_EDGE('',*,*,#1288,.F.);
#3967 = ADVANCED_FACE('',(#3968),#1274,.T.);
#3968 = FACE_BOUND('',#3969,.T.);
#3969 = EDGE_LOOP('',(#3970,#3993,#4014,#4015));
#3970 = ORIENTED_EDGE('',*,*,#3971,.T.);
#3971 = EDGE_CURVE('',#1217,#3972,#3974,.T.);
#3972 = VERTEX_POINT('',#3973);
#3973 = CARTESIAN_POINT('',(-29.15771484375,-49.54956054687,7.));
#3974 = SURFACE_CURVE('',#3975,(#3979,#3986),.PCURVE_S1.);
#3975 = LINE('',#3976,#3977);
#3976 = CARTESIAN_POINT('',(-29.15771484375,-49.54956054687,10.));
#3977 = VECTOR('',#3978,1.);
#3978 = DIRECTION('',(-0.,-0.,-1.));
#3979 = PCURVE('',#1274,#3980);
#3980 = DEFINITIONAL_REPRESENTATION('',(#3981),#3985);
#3981 = LINE('',#3982,#3983);
#3982 = CARTESIAN_POINT('',(0.,0.));
#3983 = VECTOR('',#3984,1.);
#3984 = DIRECTION('',(0.,-1.));
#3985 = ( GEOMETRIC_REPRESENTATION_CONTEXT(2) 
PARAMETRIC_REPRESENTATION_CONTEXT() REPRESENTATION_CONTEXT('2D SPACE',''
  ) );
#3986 = PCURVE('',#1240,#3987);
#3987 = DEFINITIONAL_REPRESENTATION('',(#3988),#3992);
#3988 = LINE('',#3989,#3990);
#3989 = CARTESIAN_POINT('',(0.,0.));
#3990 = VECTOR('',#3991,1.);
#3991 = DIRECTION('',(0.,-1.));
#3992 = ( GEOMETRIC_REPRESENTATION_CONTEXT(2) 
PARAMETRIC_REPRESENTATION_CONTEXT() REPRESENTATION_CONTEXT('2D SPACE',''
  ) );
#3993 = ORIENTED_EDGE('',*,*,#3994,.T.);
#3994 = EDGE_CURVE('',#3972,#3923,#3995,.T.);
#3995 = SURFACE_CURVE('',#3996,(#4000,#4007),.PCURVE_S1.);
#3996 = B_SPLINE_CURVE_WITH_KNOTS('',2,(#3997,#3998,#3999),
  .UNSPECIFIED.,.F.,.F.,(3,3),(0.,1.),.PIECEWISE_BEZIER_KNOTS.);
#3997 = CARTESIAN_POINT('',(-29.15771484375,-49.54956054687,7.));
#3998 = CARTESIAN_POINT('',(-28.99658203125,-49.76196289062,7.));
#3999 = CARTESIAN_POINT('',(-28.65234375,-49.90112304687,7.));
#4000 = PCURVE('',#1274,#4001);
#4001 = DEFINITIONAL_REPRESENTATION('',(#4002),#4006);
#4002 = LINE('',#4003,#4004);
#4003 = CARTESIAN_POINT('',(0.,-3.));
#4004 = VECTOR('',#4005,1.);
#4005 = DIRECTION('',(1.,0.));
#4006 = ( GEOMETRIC_REPRESENTATION_CONTEXT(2) 
PARAMETRIC_REPRESENTATION_CONTEXT() REPRESENTATION_CONTEXT('2D SPACE',''
  ) );
#4007 = PCURVE('',#3878,#4008);
#4008 = DEFINITIONAL_REPRESENTATION('',(#4009),#4013);
#4009 = B_SPLINE_CURVE_WITH_KNOTS('',2,(#4010,#4011,#4012),
  .UNSPECIFIED.,.F.,.F.,(3,3),(0.,1.),.PIECEWISE_BEZIER_KNOTS.);
#4010 = CARTESIAN_POINT('',(2.11669921875,5.4052734375));
#4011 = CARTESIAN_POINT('',(2.27783203125,5.19287109375));
#4012 = CARTESIAN_POINT('',(2.6220703125,5.0537109375));
#4013 = ( GEOMETRIC_REPRESENTATION_CONTEXT(2) 
PARAMETRIC_REPRESENTATION_CONTEXT() REPRESENTATION_CONTEXT('2D SPACE',''
  ) );
#4014 = ORIENTED_EDGE('',*,*,#3922,.F.);
#4015 = ORIENTED_EDGE('',*,*,#1258,.F.);
#4016 = ADVANCED_FACE('',(#4017),#1240,.F.);
#4017 = FACE_BOUND('',#4018,.F.);
#4018 = EDGE_LOOP('',(#4019,#4020,#4051,#4072));
#4019 = ORIENTED_EDGE('',*,*,#3971,.T.);
#4020 = ORIENTED_EDGE('',*,*,#4021,.T.);
#4021 = EDGE_CURVE('',#3972,#4022,#4024,.T.);
#4022 = VERTEX_POINT('',#4023);
#4023 = CARTESIAN_POINT('',(-25.93505859375,-49.35913085937,7.));
#4024 = SURFACE_CURVE('',#4025,(#4033,#4040),.PCURVE_S1.);
#4025 = B_SPLINE_CURVE_WITH_KNOTS('',2,(#4026,#4027,#4028,#4029,#4030,
    #4031,#4032),.UNSPECIFIED.,.F.,.F.,(3,1,1,1,1,3),(0.,1.,
    2.571428571429,4.142857142857,5.473502304147,6.804147465438),
  .UNSPECIFIED.);
#4026 = CARTESIAN_POINT('',(-29.15771484375,-49.54956054687,7.));
#4027 = CARTESIAN_POINT('',(-29.31884765625,-49.34448242187,7.));
#4028 = CARTESIAN_POINT('',(-29.31884765625,-48.68530273437,7.));
#4029 = CARTESIAN_POINT('',(-28.54248046875,-48.08471679687,7.));
#4030 = CARTESIAN_POINT('',(-26.865234375,-48.08471679687,7.));
#4031 = CARTESIAN_POINT('',(-26.02294921875,-48.75854492187,7.));
#4032 = CARTESIAN_POINT('',(-25.93505859375,-49.35913085937,7.));
#4033 = PCURVE('',#1240,#4034);
#4034 = DEFINITIONAL_REPRESENTATION('',(#4035),#4039);
#4035 = LINE('',#4036,#4037);
#4036 = CARTESIAN_POINT('',(0.,-3.));
#4037 = VECTOR('',#4038,1.);
#4038 = DIRECTION('',(1.,0.));
#4039 = ( GEOMETRIC_REPRESENTATION_CONTEXT(2) 
PARAMETRIC_REPRESENTATION_CONTEXT() REPRESENTATION_CONTEXT('2D SPACE',''
  ) );
#4040 = PCURVE('',#3878,#4041);
#4041 = DEFINITIONAL_REPRESENTATION('',(#4042),#4050);
#4042 = B_SPLINE_CURVE_WITH_KNOTS('',2,(#4043,#4044,#4045,#4046,#4047,
    #4048,#4049),.UNSPECIFIED.,.F.,.F.,(3,1,1,1,1,3),(0.,1.,
    2.571428571429,4.142857142857,5.473502304147,6.804147465438),
  .UNSPECIFIED.);
#4043 = CARTESIAN_POINT('',(2.11669921875,5.4052734375));
#4044 = CARTESIAN_POINT('',(1.95556640625,5.6103515625));
#4045 = CARTESIAN_POINT('',(1.95556640625,6.26953125));
#4046 = CARTESIAN_POINT('',(2.73193359375,6.8701171875));
#4047 = CARTESIAN_POINT('',(4.4091796875,6.8701171875));
#4048 = CARTESIAN_POINT('',(5.25146484375,6.1962890625));
#4049 = CARTESIAN_POINT('',(5.33935546875,5.595703125));
#4050 = ( GEOMETRIC_REPRESENTATION_CONTEXT(2) 
PARAMETRIC_REPRESENTATION_CONTEXT() REPRESENTATION_CONTEXT('2D SPACE',''
  ) );
#4051 = ORIENTED_EDGE('',*,*,#4052,.F.);
#4052 = EDGE_CURVE('',#1189,#4022,#4053,.T.);
#4053 = SURFACE_CURVE('',#4054,(#4058,#4065),.PCURVE_S1.);
#4054 = LINE('',#4055,#4056);
#4055 = CARTESIAN_POINT('',(-25.93505859375,-49.35913085937,10.));
#4056 = VECTOR('',#4057,1.);
#4057 = DIRECTION('',(-0.,-0.,-1.));
#4058 = PCURVE('',#1240,#4059);
#4059 = DEFINITIONAL_REPRESENTATION('',(#4060),#4064);
#4060 = LINE('',#4061,#4062);
#4061 = CARTESIAN_POINT('',(6.804147465438,0.));
#4062 = VECTOR('',#4063,1.);
#4063 = DIRECTION('',(0.,-1.));
#4064 = ( GEOMETRIC_REPRESENTATION_CONTEXT(2) 
PARAMETRIC_REPRESENTATION_CONTEXT() REPRESENTATION_CONTEXT('2D SPACE',''
  ) );
#4065 = PCURVE('',#1204,#4066);
#4066 = DEFINITIONAL_REPRESENTATION('',(#4067),#4071);
#4067 = LINE('',#4068,#4069);
#4068 = CARTESIAN_POINT('',(1.300992381514,0.));
#4069 = VECTOR('',#4070,1.);
#4070 = DIRECTION('',(0.,-1.));
#4071 = ( GEOMETRIC_REPRESENTATION_CONTEXT(2) 
PARAMETRIC_REPRESENTATION_CONTEXT() REPRESENTATION_CONTEXT('2D SPACE',''
  ) );
#4072 = ORIENTED_EDGE('',*,*,#1216,.F.);
#4073 = ADVANCED_FACE('',(#4074),#1204,.T.);
#4074 = FACE_BOUND('',#4075,.T.);
#4075 = EDGE_LOOP('',(#4076,#4099,#4120,#4121));
#4076 = ORIENTED_EDGE('',*,*,#4077,.T.);
#4077 = EDGE_CURVE('',#1147,#4078,#4080,.T.);
#4078 = VERTEX_POINT('',#4079);
#4079 = CARTESIAN_POINT('',(-24.64599609375,-49.18334960937,7.));
#4080 = SURFACE_CURVE('',#4081,(#4085,#4092),.PCURVE_S1.);
#4081 = LINE('',#4082,#4083);
#4082 = CARTESIAN_POINT('',(-24.64599609375,-49.18334960937,10.));
#4083 = VECTOR('',#4084,1.);
#4084 = DIRECTION('',(-0.,-0.,-1.));
#4085 = PCURVE('',#1204,#4086);
#4086 = DEFINITIONAL_REPRESENTATION('',(#4087),#4091);
#4087 = LINE('',#4088,#4089);
#4088 = CARTESIAN_POINT('',(0.,0.));
#4089 = VECTOR('',#4090,1.);
#4090 = DIRECTION('',(0.,-1.));
#4091 = ( GEOMETRIC_REPRESENTATION_CONTEXT(2) 
PARAMETRIC_REPRESENTATION_CONTEXT() REPRESENTATION_CONTEXT('2D SPACE',''
  ) );
#4092 = PCURVE('',#1170,#4093);
#4093 = DEFINITIONAL_REPRESENTATION('',(#4094),#4098);
#4094 = LINE('',#4095,#4096);
#4095 = CARTESIAN_POINT('',(0.,0.));
#4096 = VECTOR('',#4097,1.);
#4097 = DIRECTION('',(0.,-1.));
#4098 = ( GEOMETRIC_REPRESENTATION_CONTEXT(2) 
PARAMETRIC_REPRESENTATION_CONTEXT() REPRESENTATION_CONTEXT('2D SPACE',''
  ) );
#4099 = ORIENTED_EDGE('',*,*,#4100,.T.);
#4100 = EDGE_CURVE('',#4078,#4022,#4101,.T.);
#4101 = SURFACE_CURVE('',#4102,(#4106,#4113),.PCURVE_S1.);
#4102 = LINE('',#4103,#4104);
#4103 = CARTESIAN_POINT('',(-24.64599609375,-49.18334960937,7.));
#4104 = VECTOR('',#4105,1.);
#4105 = DIRECTION('',(-0.990830168044,-0.135113204733,0.));
#4106 = PCURVE('',#1204,#4107);
#4107 = DEFINITIONAL_REPRESENTATION('',(#4108),#4112);
#4108 = LINE('',#4109,#4110);
#4109 = CARTESIAN_POINT('',(-0.,-3.));
#4110 = VECTOR('',#4111,1.);
#4111 = DIRECTION('',(1.,0.));
#4112 = ( GEOMETRIC_REPRESENTATION_CONTEXT(2) 
PARAMETRIC_REPRESENTATION_CONTEXT() REPRESENTATION_CONTEXT('2D SPACE',''
  ) );
#4113 = PCURVE('',#3878,#4114);
#4114 = DEFINITIONAL_REPRESENTATION('',(#4115),#4119);
#4115 = LINE('',#4116,#4117);
#4116 = CARTESIAN_POINT('',(6.62841796875,5.771484375));
#4117 = VECTOR('',#4118,1.);
#4118 = DIRECTION('',(-0.990830168044,-0.135113204733));
#4119 = ( GEOMETRIC_REPRESENTATION_CONTEXT(2) 
PARAMETRIC_REPRESENTATION_CONTEXT() REPRESENTATION_CONTEXT('2D SPACE',''
  ) );
#4120 = ORIENTED_EDGE('',*,*,#4052,.F.);
#4121 = ORIENTED_EDGE('',*,*,#1188,.F.);
#4122 = ADVANCED_FACE('',(#4123),#1170,.F.);
#4123 = FACE_BOUND('',#4124,.F.);
#4124 = EDGE_LOOP('',(#4125,#4126,#4157,#4178));
#4125 = ORIENTED_EDGE('',*,*,#4077,.T.);
#4126 = ORIENTED_EDGE('',*,*,#4127,.T.);
#4127 = EDGE_CURVE('',#4078,#4128,#4130,.T.);
#4128 = VERTEX_POINT('',#4129);
#4129 = CARTESIAN_POINT('',(-29.70703125,-47.54272460937,7.));
#4130 = SURFACE_CURVE('',#4131,(#4139,#4146),.PCURVE_S1.);
#4131 = B_SPLINE_CURVE_WITH_KNOTS('',2,(#4132,#4133,#4134,#4135,#4136,
    #4137,#4138),.UNSPECIFIED.,.F.,.F.,(3,1,1,1,1,3),(0.,1.,2.,3.,3.664,
    4.328),.UNSPECIFIED.);
#4132 = CARTESIAN_POINT('',(-24.64599609375,-49.18334960937,7.));
#4133 = CARTESIAN_POINT('',(-24.7705078125,-48.42895507812,7.));
#4134 = CARTESIAN_POINT('',(-25.4296875,-47.52807617187,7.));
#4135 = CARTESIAN_POINT('',(-26.81396484375,-47.00073242187,7.));
#4136 = CARTESIAN_POINT('',(-28.33740234375,-47.00073242187,7.));
#4137 = CARTESIAN_POINT('',(-29.3994140625,-47.31567382812,7.));
#4138 = CARTESIAN_POINT('',(-29.70703125,-47.54272460937,7.));
#4139 = PCURVE('',#1170,#4140);
#4140 = DEFINITIONAL_REPRESENTATION('',(#4141),#4145);
#4141 = LINE('',#4142,#4143);
#4142 = CARTESIAN_POINT('',(0.,-3.));
#4143 = VECTOR('',#4144,1.);
#4144 = DIRECTION('',(1.,0.));
#4145 = ( GEOMETRIC_REPRESENTATION_CONTEXT(2) 
PARAMETRIC_REPRESENTATION_CONTEXT() REPRESENTATION_CONTEXT('2D SPACE',''
  ) );
#4146 = PCURVE('',#3878,#4147);
#4147 = DEFINITIONAL_REPRESENTATION('',(#4148),#4156);
#4148 = B_SPLINE_CURVE_WITH_KNOTS('',2,(#4149,#4150,#4151,#4152,#4153,
    #4154,#4155),.UNSPECIFIED.,.F.,.F.,(3,1,1,1,1,3),(0.,1.,2.,3.,3.664,
    4.328),.UNSPECIFIED.);
#4149 = CARTESIAN_POINT('',(6.62841796875,5.771484375));
#4150 = CARTESIAN_POINT('',(6.50390625,6.52587890625));
#4151 = CARTESIAN_POINT('',(5.8447265625,7.4267578125));
#4152 = CARTESIAN_POINT('',(4.46044921875,7.9541015625));
#4153 = CARTESIAN_POINT('',(2.93701171875,7.9541015625));
#4154 = CARTESIAN_POINT('',(1.875,7.63916015625));
#4155 = CARTESIAN_POINT('',(1.5673828125,7.412109375));
#4156 = ( GEOMETRIC_REPRESENTATION_CONTEXT(2) 
PARAMETRIC_REPRESENTATION_CONTEXT() REPRESENTATION_CONTEXT('2D SPACE',''
  ) );
#4157 = ORIENTED_EDGE('',*,*,#4158,.F.);
#4158 = EDGE_CURVE('',#1105,#4128,#4159,.T.);
#4159 = SURFACE_CURVE('',#4160,(#4164,#4171),.PCURVE_S1.);
#4160 = LINE('',#4161,#4162);
#4161 = CARTESIAN_POINT('',(-29.70703125,-47.54272460937,10.));
#4162 = VECTOR('',#4163,1.);
#4163 = DIRECTION('',(-0.,-0.,-1.));
#4164 = PCURVE('',#1170,#4165);
#4165 = DEFINITIONAL_REPRESENTATION('',(#4166),#4170);
#4166 = LINE('',#4167,#4168);
#4167 = CARTESIAN_POINT('',(4.328,0.));
#4168 = VECTOR('',#4169,1.);
#4169 = DIRECTION('',(0.,-1.));
#4170 = ( GEOMETRIC_REPRESENTATION_CONTEXT(2) 
PARAMETRIC_REPRESENTATION_CONTEXT() REPRESENTATION_CONTEXT('2D SPACE',''
  ) );
#4171 = PCURVE('',#1128,#4172);
#4172 = DEFINITIONAL_REPRESENTATION('',(#4173),#4177);
#4173 = LINE('',#4174,#4175);
#4174 = CARTESIAN_POINT('',(0.,0.));
#4175 = VECTOR('',#4176,1.);
#4176 = DIRECTION('',(0.,-1.));
#4177 = ( GEOMETRIC_REPRESENTATION_CONTEXT(2) 
PARAMETRIC_REPRESENTATION_CONTEXT() REPRESENTATION_CONTEXT('2D SPACE',''
  ) );
#4178 = ORIENTED_EDGE('',*,*,#1146,.F.);
#4179 = ADVANCED_FACE('',(#4180),#1128,.F.);
#4180 = FACE_BOUND('',#4181,.F.);
#4181 = EDGE_LOOP('',(#4182,#4183,#4214,#4235));
#4182 = ORIENTED_EDGE('',*,*,#4158,.T.);
#4183 = ORIENTED_EDGE('',*,*,#4184,.T.);
#4184 = EDGE_CURVE('',#4128,#4185,#4187,.T.);
#4185 = VERTEX_POINT('',#4186);
#4186 = CARTESIAN_POINT('',(-27.44384765625,-51.65893554687,7.));
#4187 = SURFACE_CURVE('',#4188,(#4196,#4203),.PCURVE_S1.);
#4188 = B_SPLINE_CURVE_WITH_KNOTS('',2,(#4189,#4190,#4191,#4192,#4193,
    #4194,#4195),.UNSPECIFIED.,.F.,.F.,(3,1,1,1,1,3),(0.,1.,2.,
    3.098591549296,4.197183098592,5.295774647887),.UNSPECIFIED.);
#4189 = CARTESIAN_POINT('',(-29.70703125,-47.54272460937,7.));
#4190 = CARTESIAN_POINT('',(-30.1171875,-47.83569335937,7.));
#4191 = CARTESIAN_POINT('',(-30.59326171875,-48.72192382812,7.));
#4192 = CARTESIAN_POINT('',(-30.59326171875,-49.81323242187,7.));
#4193 = CARTESIAN_POINT('',(-30.0146484375,-50.75805664062,7.));
#4194 = CARTESIAN_POINT('',(-28.89404296875,-51.29272460937,7.));
#4195 = CARTESIAN_POINT('',(-27.44384765625,-51.65893554687,7.));
#4196 = PCURVE('',#1128,#4197);
#4197 = DEFINITIONAL_REPRESENTATION('',(#4198),#4202);
#4198 = LINE('',#4199,#4200);
#4199 = CARTESIAN_POINT('',(0.,-3.));
#4200 = VECTOR('',#4201,1.);
#4201 = DIRECTION('',(1.,0.));
#4202 = ( GEOMETRIC_REPRESENTATION_CONTEXT(2) 
PARAMETRIC_REPRESENTATION_CONTEXT() REPRESENTATION_CONTEXT('2D SPACE',''
  ) );
#4203 = PCURVE('',#3878,#4204);
#4204 = DEFINITIONAL_REPRESENTATION('',(#4205),#4213);
#4205 = B_SPLINE_CURVE_WITH_KNOTS('',2,(#4206,#4207,#4208,#4209,#4210,
    #4211,#4212),.UNSPECIFIED.,.F.,.F.,(3,1,1,1,1,3),(0.,1.,2.,
    3.098591549296,4.197183098592,5.295774647887),.UNSPECIFIED.);
#4206 = CARTESIAN_POINT('',(1.5673828125,7.412109375));
#4207 = CARTESIAN_POINT('',(1.1572265625,7.119140625));
#4208 = CARTESIAN_POINT('',(0.68115234375,6.23291015625));
#4209 = CARTESIAN_POINT('',(0.68115234375,5.1416015625));
#4210 = CARTESIAN_POINT('',(1.259765625,4.19677734375));
#4211 = CARTESIAN_POINT('',(2.38037109375,3.662109375));
#4212 = CARTESIAN_POINT('',(3.83056640625,3.2958984375));
#4213 = ( GEOMETRIC_REPRESENTATION_CONTEXT(2) 
PARAMETRIC_REPRESENTATION_CONTEXT() REPRESENTATION_CONTEXT('2D SPACE',''
  ) );
#4214 = ORIENTED_EDGE('',*,*,#4215,.F.);
#4215 = EDGE_CURVE('',#1075,#4185,#4216,.T.);
#4216 = SURFACE_CURVE('',#4217,(#4221,#4228),.PCURVE_S1.);
#4217 = LINE('',#4218,#4219);
#4218 = CARTESIAN_POINT('',(-27.44384765625,-51.65893554687,10.));
#4219 = VECTOR('',#4220,1.);
#4220 = DIRECTION('',(-0.,-0.,-1.));
#4221 = PCURVE('',#1128,#4222);
#4222 = DEFINITIONAL_REPRESENTATION('',(#4223),#4227);
#4223 = LINE('',#4224,#4225);
#4224 = CARTESIAN_POINT('',(5.295774647887,0.));
#4225 = VECTOR('',#4226,1.);
#4226 = DIRECTION('',(0.,-1.));
#4227 = ( GEOMETRIC_REPRESENTATION_CONTEXT(2) 
PARAMETRIC_REPRESENTATION_CONTEXT() REPRESENTATION_CONTEXT('2D SPACE',''
  ) );
#4228 = PCURVE('',#1090,#4229);
#4229 = DEFINITIONAL_REPRESENTATION('',(#4230),#4234);
#4230 = LINE('',#4231,#4232);
#4231 = CARTESIAN_POINT('',(1.,0.));
#4232 = VECTOR('',#4233,1.);
#4233 = DIRECTION('',(0.,-1.));
#4234 = ( GEOMETRIC_REPRESENTATION_CONTEXT(2) 
PARAMETRIC_REPRESENTATION_CONTEXT() REPRESENTATION_CONTEXT('2D SPACE',''
  ) );
#4235 = ORIENTED_EDGE('',*,*,#1104,.F.);
#4236 = ADVANCED_FACE('',(#4237),#1090,.T.);
#4237 = FACE_BOUND('',#4238,.T.);
#4238 = EDGE_LOOP('',(#4239,#4262,#4283,#4284));
#4239 = ORIENTED_EDGE('',*,*,#4240,.T.);
#4240 = EDGE_CURVE('',#1033,#4241,#4243,.T.);
#4241 = VERTEX_POINT('',#4242);
#4242 = CARTESIAN_POINT('',(-26.09619140625,-52.10571289062,7.));
#4243 = SURFACE_CURVE('',#4244,(#4248,#4255),.PCURVE_S1.);
#4244 = LINE('',#4245,#4246);
#4245 = CARTESIAN_POINT('',(-26.09619140625,-52.10571289062,10.));
#4246 = VECTOR('',#4247,1.);
#4247 = DIRECTION('',(-0.,-0.,-1.));
#4248 = PCURVE('',#1090,#4249);
#4249 = DEFINITIONAL_REPRESENTATION('',(#4250),#4254);
#4250 = LINE('',#4251,#4252);
#4251 = CARTESIAN_POINT('',(0.,0.));
#4252 = VECTOR('',#4253,1.);
#4253 = DIRECTION('',(0.,-1.));
#4254 = ( GEOMETRIC_REPRESENTATION_CONTEXT(2) 
PARAMETRIC_REPRESENTATION_CONTEXT() REPRESENTATION_CONTEXT('2D SPACE',''
  ) );
#4255 = PCURVE('',#1056,#4256);
#4256 = DEFINITIONAL_REPRESENTATION('',(#4257),#4261);
#4257 = LINE('',#4258,#4259);
#4258 = CARTESIAN_POINT('',(0.,0.));
#4259 = VECTOR('',#4260,1.);
#4260 = DIRECTION('',(0.,-1.));
#4261 = ( GEOMETRIC_REPRESENTATION_CONTEXT(2) 
PARAMETRIC_REPRESENTATION_CONTEXT() REPRESENTATION_CONTEXT('2D SPACE',''
  ) );
#4262 = ORIENTED_EDGE('',*,*,#4263,.T.);
#4263 = EDGE_CURVE('',#4241,#4185,#4264,.T.);
#4264 = SURFACE_CURVE('',#4265,(#4269,#4276),.PCURVE_S1.);
#4265 = B_SPLINE_CURVE_WITH_KNOTS('',2,(#4266,#4267,#4268),
  .UNSPECIFIED.,.F.,.F.,(3,3),(0.,1.),.PIECEWISE_BEZIER_KNOTS.);
#4266 = CARTESIAN_POINT('',(-26.09619140625,-52.10571289062,7.));
#4267 = CARTESIAN_POINT('',(-26.3671875,-51.92993164062,7.));
#4268 = CARTESIAN_POINT('',(-27.44384765625,-51.65893554687,7.));
#4269 = PCURVE('',#1090,#4270);
#4270 = DEFINITIONAL_REPRESENTATION('',(#4271),#4275);
#4271 = LINE('',#4272,#4273);
#4272 = CARTESIAN_POINT('',(0.,-3.));
#4273 = VECTOR('',#4274,1.);
#4274 = DIRECTION('',(1.,0.));
#4275 = ( GEOMETRIC_REPRESENTATION_CONTEXT(2) 
PARAMETRIC_REPRESENTATION_CONTEXT() REPRESENTATION_CONTEXT('2D SPACE',''
  ) );
#4276 = PCURVE('',#3878,#4277);
#4277 = DEFINITIONAL_REPRESENTATION('',(#4278),#4282);
#4278 = B_SPLINE_CURVE_WITH_KNOTS('',2,(#4279,#4280,#4281),
  .UNSPECIFIED.,.F.,.F.,(3,3),(0.,1.),.PIECEWISE_BEZIER_KNOTS.);
#4279 = CARTESIAN_POINT('',(5.17822265625,2.84912109375));
#4280 = CARTESIAN_POINT('',(4.9072265625,3.02490234375));
#4281 = CARTESIAN_POINT('',(3.83056640625,3.2958984375));
#4282 = ( GEOMETRIC_REPRESENTATION_CONTEXT(2) 
PARAMETRIC_REPRESENTATION_CONTEXT() REPRESENTATION_CONTEXT('2D SPACE',''
  ) );
#4283 = ORIENTED_EDGE('',*,*,#4215,.F.);
#4284 = ORIENTED_EDGE('',*,*,#1074,.F.);
#4285 = ADVANCED_FACE('',(#4286),#1056,.F.);
#4286 = FACE_BOUND('',#4287,.F.);
#4287 = EDGE_LOOP('',(#4288,#4289,#4320,#4341));
#4288 = ORIENTED_EDGE('',*,*,#4240,.T.);
#4289 = ORIENTED_EDGE('',*,*,#4290,.T.);
#4290 = EDGE_CURVE('',#4241,#4291,#4293,.T.);
#4291 = VERTEX_POINT('',#4292);
#4292 = CARTESIAN_POINT('',(-29.50927734375,-52.42797851562,7.));
#4293 = SURFACE_CURVE('',#4294,(#4302,#4309),.PCURVE_S1.);
#4294 = B_SPLINE_CURVE_WITH_KNOTS('',2,(#4295,#4296,#4297,#4298,#4299,
    #4300,#4301),.UNSPECIFIED.,.F.,.F.,(3,1,1,1,1,3),(0.,1.,
    2.114754098361,3.229508196721,4.335272342676,5.44103648863),
  .UNSPECIFIED.);
#4295 = CARTESIAN_POINT('',(-26.09619140625,-52.10571289062,7.));
#4296 = CARTESIAN_POINT('',(-25.7080078125,-52.36206054687,7.));
#4297 = CARTESIAN_POINT('',(-25.7080078125,-53.30688476562,7.));
#4298 = CARTESIAN_POINT('',(-26.5869140625,-54.04663085937,7.));
#4299 = CARTESIAN_POINT('',(-28.39599609375,-54.04663085937,7.));
#4300 = CARTESIAN_POINT('',(-29.3994140625,-53.21166992187,7.));
#4301 = CARTESIAN_POINT('',(-29.50927734375,-52.42797851562,7.));
#4302 = PCURVE('',#1056,#4303);
#4303 = DEFINITIONAL_REPRESENTATION('',(#4304),#4308);
#4304 = LINE('',#4305,#4306);
#4305 = CARTESIAN_POINT('',(0.,-3.));
#4306 = VECTOR('',#4307,1.);
#4307 = DIRECTION('',(1.,0.));
#4308 = ( GEOMETRIC_REPRESENTATION_CONTEXT(2) 
PARAMETRIC_REPRESENTATION_CONTEXT() REPRESENTATION_CONTEXT('2D SPACE',''
  ) );
#4309 = PCURVE('',#3878,#4310);
#4310 = DEFINITIONAL_REPRESENTATION('',(#4311),#4319);
#4311 = B_SPLINE_CURVE_WITH_KNOTS('',2,(#4312,#4313,#4314,#4315,#4316,
    #4317,#4318),.UNSPECIFIED.,.F.,.F.,(3,1,1,1,1,3),(0.,1.,
    2.114754098361,3.229508196721,4.335272342676,5.44103648863),
  .UNSPECIFIED.);
#4312 = CARTESIAN_POINT('',(5.17822265625,2.84912109375));
#4313 = CARTESIAN_POINT('',(5.56640625,2.5927734375));
#4314 = CARTESIAN_POINT('',(5.56640625,1.64794921875));
#4315 = CARTESIAN_POINT('',(4.6875,0.908203125));
#4316 = CARTESIAN_POINT('',(2.87841796875,0.908203125));
#4317 = CARTESIAN_POINT('',(1.875,1.7431640625));
#4318 = CARTESIAN_POINT('',(1.76513671875,2.52685546875));
#4319 = ( GEOMETRIC_REPRESENTATION_CONTEXT(2) 
PARAMETRIC_REPRESENTATION_CONTEXT() REPRESENTATION_CONTEXT('2D SPACE',''
  ) );
#4320 = ORIENTED_EDGE('',*,*,#4321,.F.);
#4321 = EDGE_CURVE('',#1005,#4291,#4322,.T.);
#4322 = SURFACE_CURVE('',#4323,(#4327,#4334),.PCURVE_S1.);
#4323 = LINE('',#4324,#4325);
#4324 = CARTESIAN_POINT('',(-29.50927734375,-52.42797851562,10.));
#4325 = VECTOR('',#4326,1.);
#4326 = DIRECTION('',(-0.,-0.,-1.));
#4327 = PCURVE('',#1056,#4328);
#4328 = DEFINITIONAL_REPRESENTATION('',(#4329),#4333);
#4329 = LINE('',#4330,#4331);
#4330 = CARTESIAN_POINT('',(5.44103648863,0.));
#4331 = VECTOR('',#4332,1.);
#4332 = DIRECTION('',(0.,-1.));
#4333 = ( GEOMETRIC_REPRESENTATION_CONTEXT(2) 
PARAMETRIC_REPRESENTATION_CONTEXT() REPRESENTATION_CONTEXT('2D SPACE',''
  ) );
#4334 = PCURVE('',#1020,#4335);
#4335 = DEFINITIONAL_REPRESENTATION('',(#4336),#4340);
#4336 = LINE('',#4337,#4338);
#4337 = CARTESIAN_POINT('',(1.319742113411,0.));
#4338 = VECTOR('',#4339,1.);
#4339 = DIRECTION('',(0.,-1.));
#4340 = ( GEOMETRIC_REPRESENTATION_CONTEXT(2) 
PARAMETRIC_REPRESENTATION_CONTEXT() REPRESENTATION_CONTEXT('2D SPACE',''
  ) );
#4341 = ORIENTED_EDGE('',*,*,#1032,.F.);
#4342 = ADVANCED_FACE('',(#4343),#1020,.T.);
#4343 = FACE_BOUND('',#4344,.T.);
#4344 = EDGE_LOOP('',(#4345,#4346,#4367,#4368));
#4345 = ORIENTED_EDGE('',*,*,#3832,.T.);
#4346 = ORIENTED_EDGE('',*,*,#4347,.T.);
#4347 = EDGE_CURVE('',#3833,#4291,#4348,.T.);
#4348 = SURFACE_CURVE('',#4349,(#4353,#4360),.PCURVE_S1.);
#4349 = LINE('',#4350,#4351);
#4350 = CARTESIAN_POINT('',(-30.81298828125,-52.63305664062,7.));
#4351 = VECTOR('',#4352,1.);
#4352 = DIRECTION('',(0.987852796582,0.155392574743,0.));
#4353 = PCURVE('',#1020,#4354);
#4354 = DEFINITIONAL_REPRESENTATION('',(#4355),#4359);
#4355 = LINE('',#4356,#4357);
#4356 = CARTESIAN_POINT('',(0.,-3.));
#4357 = VECTOR('',#4358,1.);
#4358 = DIRECTION('',(1.,0.));
#4359 = ( GEOMETRIC_REPRESENTATION_CONTEXT(2) 
PARAMETRIC_REPRESENTATION_CONTEXT() REPRESENTATION_CONTEXT('2D SPACE',''
  ) );
#4360 = PCURVE('',#3878,#4361);
#4361 = DEFINITIONAL_REPRESENTATION('',(#4362),#4366);
#4362 = LINE('',#4363,#4364);
#4363 = CARTESIAN_POINT('',(0.46142578125,2.32177734375));
#4364 = VECTOR('',#4365,1.);
#4365 = DIRECTION('',(0.987852796582,0.155392574743));
#4366 = ( GEOMETRIC_REPRESENTATION_CONTEXT(2) 
PARAMETRIC_REPRESENTATION_CONTEXT() REPRESENTATION_CONTEXT('2D SPACE',''
  ) );
#4367 = ORIENTED_EDGE('',*,*,#4321,.F.);
#4368 = ORIENTED_EDGE('',*,*,#1004,.F.);
#4369 = ADVANCED_FACE('',(#4370),#1348,.F.);
#4370 = FACE_BOUND('',#4371,.F.);
#4371 = EDGE_LOOP('',(#4372,#4395,#4435,#4456));
#4372 = ORIENTED_EDGE('',*,*,#4373,.T.);
#4373 = EDGE_CURVE('',#1319,#4374,#4376,.T.);
#4374 = VERTEX_POINT('',#4375);
#4375 = CARTESIAN_POINT('',(-13.00048828125,-50.67016601562,7.));
#4376 = SURFACE_CURVE('',#4377,(#4381,#4388),.PCURVE_S1.);
#4377 = LINE('',#4378,#4379);
#4378 = CARTESIAN_POINT('',(-13.00048828125,-50.67016601562,10.));
#4379 = VECTOR('',#4380,1.);
#4380 = DIRECTION('',(-0.,-0.,-1.));
#4381 = PCURVE('',#1348,#4382);
#4382 = DEFINITIONAL_REPRESENTATION('',(#4383),#4387);
#4383 = LINE('',#4384,#4385);
#4384 = CARTESIAN_POINT('',(0.,0.));
#4385 = VECTOR('',#4386,1.);
#4386 = DIRECTION('',(0.,-1.));
#4387 = ( GEOMETRIC_REPRESENTATION_CONTEXT(2) 
PARAMETRIC_REPRESENTATION_CONTEXT() REPRESENTATION_CONTEXT('2D SPACE',''
  ) );
#4388 = PCURVE('',#1384,#4389);
#4389 = DEFINITIONAL_REPRESENTATION('',(#4390),#4394);
#4390 = LINE('',#4391,#4392);
#4391 = CARTESIAN_POINT('',(0.,0.));
#4392 = VECTOR('',#4393,1.);
#4393 = DIRECTION('',(0.,-1.));
#4394 = ( GEOMETRIC_REPRESENTATION_CONTEXT(2) 
PARAMETRIC_REPRESENTATION_CONTEXT() REPRESENTATION_CONTEXT('2D SPACE',''
  ) );
#4395 = ORIENTED_EDGE('',*,*,#4396,.T.);
#4396 = EDGE_CURVE('',#4374,#4397,#4399,.T.);
#4397 = VERTEX_POINT('',#4398);
#4398 = CARTESIAN_POINT('',(-9.36767578125,-53.99536132812,7.));
#4399 = SURFACE_CURVE('',#4400,(#4410,#4417),.PCURVE_S1.);
#4400 = B_SPLINE_CURVE_WITH_KNOTS('',2,(#4401,#4402,#4403,#4404,#4405,
    #4406,#4407,#4408,#4409),.UNSPECIFIED.,.F.,.F.,(3,1,1,1,1,1,1,3),(0.
    ,1.,2.,3.,4.705128205128,6.410256410256,7.443076923077,
    8.475897435897),.UNSPECIFIED.);
#4401 = CARTESIAN_POINT('',(-13.00048828125,-50.67016601562,7.));
#4402 = CARTESIAN_POINT('',(-13.52783203125,-50.81665039062,7.));
#4403 = CARTESIAN_POINT('',(-14.3701171875,-51.38793945312,7.));
#4404 = CARTESIAN_POINT('',(-14.89013671875,-52.33276367187,7.));
#4405 = CARTESIAN_POINT('',(-14.89013671875,-53.87817382812,7.));
#4406 = CARTESIAN_POINT('',(-13.51318359375,-55.13061523437,7.));
#4407 = CARTESIAN_POINT('',(-11.455078125,-55.13061523437,7.));
#4408 = CARTESIAN_POINT('',(-10.10009765625,-54.61791992187,7.));
#4409 = CARTESIAN_POINT('',(-9.36767578125,-53.99536132812,7.));
#4410 = PCURVE('',#1348,#4411);
#4411 = DEFINITIONAL_REPRESENTATION('',(#4412),#4416);
#4412 = LINE('',#4413,#4414);
#4413 = CARTESIAN_POINT('',(0.,-3.));
#4414 = VECTOR('',#4415,1.);
#4415 = DIRECTION('',(1.,0.));
#4416 = ( GEOMETRIC_REPRESENTATION_CONTEXT(2) 
PARAMETRIC_REPRESENTATION_CONTEXT() REPRESENTATION_CONTEXT('2D SPACE',''
  ) );
#4417 = PCURVE('',#4418,#4423);
#4418 = PLANE('',#4419);
#4419 = AXIS2_PLACEMENT_3D('',#4420,#4421,#4422);
#4420 = CARTESIAN_POINT('',(-15.43212890625,-54.95483398437,7.));
#4421 = DIRECTION('',(0.,0.,1.));
#4422 = DIRECTION('',(1.,0.,0.));
#4423 = DEFINITIONAL_REPRESENTATION('',(#4424),#4434);
#4424 = B_SPLINE_CURVE_WITH_KNOTS('',2,(#4425,#4426,#4427,#4428,#4429,
    #4430,#4431,#4432,#4433),.UNSPECIFIED.,.F.,.F.,(3,1,1,1,1,1,1,3),(0.
    ,1.,2.,3.,4.705128205128,6.410256410256,7.443076923077,
    8.475897435897),.UNSPECIFIED.);
#4425 = CARTESIAN_POINT('',(2.431640625,4.28466796875));
#4426 = CARTESIAN_POINT('',(1.904296875,4.13818359375));
#4427 = CARTESIAN_POINT('',(1.06201171875,3.56689453125));
#4428 = CARTESIAN_POINT('',(0.5419921875,2.6220703125));
#4429 = CARTESIAN_POINT('',(0.5419921875,1.07666015625));
#4430 = CARTESIAN_POINT('',(1.9189453125,-0.17578125));
#4431 = CARTESIAN_POINT('',(3.97705078125,-0.17578125));
#4432 = CARTESIAN_POINT('',(5.33203125,0.3369140625));
#4433 = CARTESIAN_POINT('',(6.064453125,0.95947265625));
#4434 = ( GEOMETRIC_REPRESENTATION_CONTEXT(2) 
PARAMETRIC_REPRESENTATION_CONTEXT() REPRESENTATION_CONTEXT('2D SPACE',''
  ) );
#4435 = ORIENTED_EDGE('',*,*,#4436,.F.);
#4436 = EDGE_CURVE('',#1321,#4397,#4437,.T.);
#4437 = SURFACE_CURVE('',#4438,(#4442,#4449),.PCURVE_S1.);
#4438 = LINE('',#4439,#4440);
#4439 = CARTESIAN_POINT('',(-9.36767578125,-53.99536132812,10.));
#4440 = VECTOR('',#4441,1.);
#4441 = DIRECTION('',(-0.,-0.,-1.));
#4442 = PCURVE('',#1348,#4443);
#4443 = DEFINITIONAL_REPRESENTATION('',(#4444),#4448);
#4444 = LINE('',#4445,#4446);
#4445 = CARTESIAN_POINT('',(8.475897435897,0.));
#4446 = VECTOR('',#4447,1.);
#4447 = DIRECTION('',(0.,-1.));
#4448 = ( GEOMETRIC_REPRESENTATION_CONTEXT(2) 
PARAMETRIC_REPRESENTATION_CONTEXT() REPRESENTATION_CONTEXT('2D SPACE',''
  ) );
#4449 = PCURVE('',#1703,#4450);
#4450 = DEFINITIONAL_REPRESENTATION('',(#4451),#4455);
#4451 = LINE('',#4452,#4453);
#4452 = CARTESIAN_POINT('',(1.,0.));
#4453 = VECTOR('',#4454,1.);
#4454 = DIRECTION('',(0.,-1.));
#4455 = ( GEOMETRIC_REPRESENTATION_CONTEXT(2) 
PARAMETRIC_REPRESENTATION_CONTEXT() REPRESENTATION_CONTEXT('2D SPACE',''
  ) );
#4456 = ORIENTED_EDGE('',*,*,#1318,.F.);
#4457 = ADVANCED_FACE('',(#4458),#1703,.T.);
#4458 = FACE_BOUND('',#4459,.T.);
#4459 = EDGE_LOOP('',(#4460,#4483,#4504,#4505));
#4460 = ORIENTED_EDGE('',*,*,#4461,.T.);
#4461 = EDGE_CURVE('',#1662,#4462,#4464,.T.);
#4462 = VERTEX_POINT('',#4463);
#4463 = CARTESIAN_POINT('',(-9.10400390625,-54.95483398437,7.));
#4464 = SURFACE_CURVE('',#4465,(#4469,#4476),.PCURVE_S1.);
#4465 = LINE('',#4466,#4467);
#4466 = CARTESIAN_POINT('',(-9.10400390625,-54.95483398437,10.));
#4467 = VECTOR('',#4468,1.);
#4468 = DIRECTION('',(-0.,-0.,-1.));
#4469 = PCURVE('',#1703,#4470);
#4470 = DEFINITIONAL_REPRESENTATION('',(#4471),#4475);
#4471 = LINE('',#4472,#4473);
#4472 = CARTESIAN_POINT('',(0.,0.));
#4473 = VECTOR('',#4474,1.);
#4474 = DIRECTION('',(0.,-1.));
#4475 = ( GEOMETRIC_REPRESENTATION_CONTEXT(2) 
PARAMETRIC_REPRESENTATION_CONTEXT() REPRESENTATION_CONTEXT('2D SPACE',''
  ) );
#4476 = PCURVE('',#1677,#4477);
#4477 = DEFINITIONAL_REPRESENTATION('',(#4478),#4482);
#4478 = LINE('',#4479,#4480);
#4479 = CARTESIAN_POINT('',(1.376953125,0.));
#4480 = VECTOR('',#4481,1.);
#4481 = DIRECTION('',(0.,-1.));
#4482 = ( GEOMETRIC_REPRESENTATION_CONTEXT(2) 
PARAMETRIC_REPRESENTATION_CONTEXT() REPRESENTATION_CONTEXT('2D SPACE',''
  ) );
#4483 = ORIENTED_EDGE('',*,*,#4484,.T.);
#4484 = EDGE_CURVE('',#4462,#4397,#4485,.T.);
#4485 = SURFACE_CURVE('',#4486,(#4490,#4497),.PCURVE_S1.);
#4486 = B_SPLINE_CURVE_WITH_KNOTS('',2,(#4487,#4488,#4489),
  .UNSPECIFIED.,.F.,.F.,(3,3),(0.,1.),.PIECEWISE_BEZIER_KNOTS.);
#4487 = CARTESIAN_POINT('',(-9.10400390625,-54.95483398437,7.));
#4488 = CARTESIAN_POINT('',(-9.30908203125,-54.54467773437,7.));
#4489 = CARTESIAN_POINT('',(-9.36767578125,-53.99536132812,7.));
#4490 = PCURVE('',#1703,#4491);
#4491 = DEFINITIONAL_REPRESENTATION('',(#4492),#4496);
#4492 = LINE('',#4493,#4494);
#4493 = CARTESIAN_POINT('',(0.,-3.));
#4494 = VECTOR('',#4495,1.);
#4495 = DIRECTION('',(1.,0.));
#4496 = ( GEOMETRIC_REPRESENTATION_CONTEXT(2) 
PARAMETRIC_REPRESENTATION_CONTEXT() REPRESENTATION_CONTEXT('2D SPACE',''
  ) );
#4497 = PCURVE('',#4418,#4498);
#4498 = DEFINITIONAL_REPRESENTATION('',(#4499),#4503);
#4499 = B_SPLINE_CURVE_WITH_KNOTS('',2,(#4500,#4501,#4502),
  .UNSPECIFIED.,.F.,.F.,(3,3),(0.,1.),.PIECEWISE_BEZIER_KNOTS.);
#4500 = CARTESIAN_POINT('',(6.328125,0.));
#4501 = CARTESIAN_POINT('',(6.123046875,0.41015625));
#4502 = CARTESIAN_POINT('',(6.064453125,0.95947265625));
#4503 = ( GEOMETRIC_REPRESENTATION_CONTEXT(2) 
PARAMETRIC_REPRESENTATION_CONTEXT() REPRESENTATION_CONTEXT('2D SPACE',''
  ) );
#4504 = ORIENTED_EDGE('',*,*,#4436,.F.);
#4505 = ORIENTED_EDGE('',*,*,#1689,.F.);
#4506 = ADVANCED_FACE('',(#4507),#1677,.T.);
#4507 = FACE_BOUND('',#4508,.T.);
#4508 = EDGE_LOOP('',(#4509,#4532,#4553,#4554));
#4509 = ORIENTED_EDGE('',*,*,#4510,.T.);
#4510 = EDGE_CURVE('',#1629,#4511,#4513,.T.);
#4511 = VERTEX_POINT('',#4512);
#4512 = CARTESIAN_POINT('',(-7.72705078125,-54.95483398437,7.));
#4513 = SURFACE_CURVE('',#4514,(#4518,#4525),.PCURVE_S1.);
#4514 = LINE('',#4515,#4516);
#4515 = CARTESIAN_POINT('',(-7.72705078125,-54.95483398437,10.));
#4516 = VECTOR('',#4517,1.);
#4517 = DIRECTION('',(-0.,-0.,-1.));
#4518 = PCURVE('',#1677,#4519);
#4519 = DEFINITIONAL_REPRESENTATION('',(#4520),#4524);
#4520 = LINE('',#4521,#4522);
#4521 = CARTESIAN_POINT('',(0.,0.));
#4522 = VECTOR('',#4523,1.);
#4523 = DIRECTION('',(0.,-1.));
#4524 = ( GEOMETRIC_REPRESENTATION_CONTEXT(2) 
PARAMETRIC_REPRESENTATION_CONTEXT() REPRESENTATION_CONTEXT('2D SPACE',''
  ) );
#4525 = PCURVE('',#1646,#4526);
#4526 = DEFINITIONAL_REPRESENTATION('',(#4527),#4531);
#4527 = LINE('',#4528,#4529);
#4528 = CARTESIAN_POINT('',(0.,0.));
#4529 = VECTOR('',#4530,1.);
#4530 = DIRECTION('',(0.,-1.));
#4531 = ( GEOMETRIC_REPRESENTATION_CONTEXT(2) 
PARAMETRIC_REPRESENTATION_CONTEXT() REPRESENTATION_CONTEXT('2D SPACE',''
  ) );
#4532 = ORIENTED_EDGE('',*,*,#4533,.T.);
#4533 = EDGE_CURVE('',#4511,#4462,#4534,.T.);
#4534 = SURFACE_CURVE('',#4535,(#4539,#4546),.PCURVE_S1.);
#4535 = LINE('',#4536,#4537);
#4536 = CARTESIAN_POINT('',(-7.72705078125,-54.95483398437,7.));
#4537 = VECTOR('',#4538,1.);
#4538 = DIRECTION('',(-1.,0.,0.));
#4539 = PCURVE('',#1677,#4540);
#4540 = DEFINITIONAL_REPRESENTATION('',(#4541),#4545);
#4541 = LINE('',#4542,#4543);
#4542 = CARTESIAN_POINT('',(0.,-3.));
#4543 = VECTOR('',#4544,1.);
#4544 = DIRECTION('',(1.,0.));
#4545 = ( GEOMETRIC_REPRESENTATION_CONTEXT(2) 
PARAMETRIC_REPRESENTATION_CONTEXT() REPRESENTATION_CONTEXT('2D SPACE',''
  ) );
#4546 = PCURVE('',#4418,#4547);
#4547 = DEFINITIONAL_REPRESENTATION('',(#4548),#4552);
#4548 = LINE('',#4549,#4550);
#4549 = CARTESIAN_POINT('',(7.705078125,0.));
#4550 = VECTOR('',#4551,1.);
#4551 = DIRECTION('',(-1.,0.));
#4552 = ( GEOMETRIC_REPRESENTATION_CONTEXT(2) 
PARAMETRIC_REPRESENTATION_CONTEXT() REPRESENTATION_CONTEXT('2D SPACE',''
  ) );
#4553 = ORIENTED_EDGE('',*,*,#4461,.F.);
#4554 = ORIENTED_EDGE('',*,*,#1661,.F.);
#4555 = ADVANCED_FACE('',(#4556),#1646,.F.);
#4556 = FACE_BOUND('',#4557,.F.);
#4557 = EDGE_LOOP('',(#4558,#4559,#4584,#4605));
#4558 = ORIENTED_EDGE('',*,*,#4510,.T.);
#4559 = ORIENTED_EDGE('',*,*,#4560,.T.);
#4560 = EDGE_CURVE('',#4511,#4561,#4563,.T.);
#4561 = VERTEX_POINT('',#4562);
#4562 = CARTESIAN_POINT('',(-8.14453125,-51.69555664062,7.));
#4563 = SURFACE_CURVE('',#4564,(#4569,#4576),.PCURVE_S1.);
#4564 = B_SPLINE_CURVE_WITH_KNOTS('',2,(#4565,#4566,#4567,#4568),
  .UNSPECIFIED.,.F.,.F.,(3,1,3),(0.,1.,2.),.QUASI_UNIFORM_KNOTS.);
#4565 = CARTESIAN_POINT('',(-7.72705078125,-54.95483398437,7.));
#4566 = CARTESIAN_POINT('',(-7.97607421875,-54.50805664062,7.));
#4567 = CARTESIAN_POINT('',(-8.14453125,-53.53393554687,7.));
#4568 = CARTESIAN_POINT('',(-8.14453125,-51.69555664062,7.));
#4569 = PCURVE('',#1646,#4570);
#4570 = DEFINITIONAL_REPRESENTATION('',(#4571),#4575);
#4571 = LINE('',#4572,#4573);
#4572 = CARTESIAN_POINT('',(0.,-3.));
#4573 = VECTOR('',#4574,1.);
#4574 = DIRECTION('',(1.,0.));
#4575 = ( GEOMETRIC_REPRESENTATION_CONTEXT(2) 
PARAMETRIC_REPRESENTATION_CONTEXT() REPRESENTATION_CONTEXT('2D SPACE',''
  ) );
#4576 = PCURVE('',#4418,#4577);
#4577 = DEFINITIONAL_REPRESENTATION('',(#4578),#4583);
#4578 = B_SPLINE_CURVE_WITH_KNOTS('',2,(#4579,#4580,#4581,#4582),
  .UNSPECIFIED.,.F.,.F.,(3,1,3),(0.,1.,2.),.QUASI_UNIFORM_KNOTS.);
#4579 = CARTESIAN_POINT('',(7.705078125,0.));
#4580 = CARTESIAN_POINT('',(7.4560546875,0.44677734375));
#4581 = CARTESIAN_POINT('',(7.28759765625,1.4208984375));
#4582 = CARTESIAN_POINT('',(7.28759765625,3.25927734375));
#4583 = ( GEOMETRIC_REPRESENTATION_CONTEXT(2) 
PARAMETRIC_REPRESENTATION_CONTEXT() REPRESENTATION_CONTEXT('2D SPACE',''
  ) );
#4584 = ORIENTED_EDGE('',*,*,#4585,.F.);
#4585 = EDGE_CURVE('',#1601,#4561,#4586,.T.);
#4586 = SURFACE_CURVE('',#4587,(#4591,#4598),.PCURVE_S1.);
#4587 = LINE('',#4588,#4589);
#4588 = CARTESIAN_POINT('',(-8.14453125,-51.69555664062,10.));
#4589 = VECTOR('',#4590,1.);
#4590 = DIRECTION('',(-0.,-0.,-1.));
#4591 = PCURVE('',#1646,#4592);
#4592 = DEFINITIONAL_REPRESENTATION('',(#4593),#4597);
#4593 = LINE('',#4594,#4595);
#4594 = CARTESIAN_POINT('',(2.,0.));
#4595 = VECTOR('',#4596,1.);
#4596 = DIRECTION('',(0.,-1.));
#4597 = ( GEOMETRIC_REPRESENTATION_CONTEXT(2) 
PARAMETRIC_REPRESENTATION_CONTEXT() REPRESENTATION_CONTEXT('2D SPACE',''
  ) );
#4598 = PCURVE('',#1616,#4599);
#4599 = DEFINITIONAL_REPRESENTATION('',(#4600),#4604);
#4600 = LINE('',#4601,#4602);
#4601 = CARTESIAN_POINT('',(1.7578125,0.));
#4602 = VECTOR('',#4603,1.);
#4603 = DIRECTION('',(0.,-1.));
#4604 = ( GEOMETRIC_REPRESENTATION_CONTEXT(2) 
PARAMETRIC_REPRESENTATION_CONTEXT() REPRESENTATION_CONTEXT('2D SPACE',''
  ) );
#4605 = ORIENTED_EDGE('',*,*,#1628,.F.);
#4606 = ADVANCED_FACE('',(#4607),#1616,.T.);
#4607 = FACE_BOUND('',#4608,.T.);
#4608 = EDGE_LOOP('',(#4609,#4632,#4653,#4654));
#4609 = ORIENTED_EDGE('',*,*,#4610,.T.);
#4610 = EDGE_CURVE('',#1571,#4611,#4613,.T.);
#4611 = VERTEX_POINT('',#4612);
#4612 = CARTESIAN_POINT('',(-8.14453125,-49.93774414062,7.));
#4613 = SURFACE_CURVE('',#4614,(#4618,#4625),.PCURVE_S1.);
#4614 = LINE('',#4615,#4616);
#4615 = CARTESIAN_POINT('',(-8.14453125,-49.93774414062,10.));
#4616 = VECTOR('',#4617,1.);
#4617 = DIRECTION('',(-0.,-0.,-1.));
#4618 = PCURVE('',#1616,#4619);
#4619 = DEFINITIONAL_REPRESENTATION('',(#4620),#4624);
#4620 = LINE('',#4621,#4622);
#4621 = CARTESIAN_POINT('',(0.,0.));
#4622 = VECTOR('',#4623,1.);
#4623 = DIRECTION('',(0.,-1.));
#4624 = ( GEOMETRIC_REPRESENTATION_CONTEXT(2) 
PARAMETRIC_REPRESENTATION_CONTEXT() REPRESENTATION_CONTEXT('2D SPACE',''
  ) );
#4625 = PCURVE('',#1586,#4626);
#4626 = DEFINITIONAL_REPRESENTATION('',(#4627),#4631);
#4627 = LINE('',#4628,#4629);
#4628 = CARTESIAN_POINT('',(1.,0.));
#4629 = VECTOR('',#4630,1.);
#4630 = DIRECTION('',(0.,-1.));
#4631 = ( GEOMETRIC_REPRESENTATION_CONTEXT(2) 
PARAMETRIC_REPRESENTATION_CONTEXT() REPRESENTATION_CONTEXT('2D SPACE',''
  ) );
#4632 = ORIENTED_EDGE('',*,*,#4633,.T.);
#4633 = EDGE_CURVE('',#4611,#4561,#4634,.T.);
#4634 = SURFACE_CURVE('',#4635,(#4639,#4646),.PCURVE_S1.);
#4635 = LINE('',#4636,#4637);
#4636 = CARTESIAN_POINT('',(-8.14453125,-49.93774414062,7.));
#4637 = VECTOR('',#4638,1.);
#4638 = DIRECTION('',(0.,-1.,0.));
#4639 = PCURVE('',#1616,#4640);
#4640 = DEFINITIONAL_REPRESENTATION('',(#4641),#4645);
#4641 = LINE('',#4642,#4643);
#4642 = CARTESIAN_POINT('',(0.,-3.));
#4643 = VECTOR('',#4644,1.);
#4644 = DIRECTION('',(1.,0.));
#4645 = ( GEOMETRIC_REPRESENTATION_CONTEXT(2) 
PARAMETRIC_REPRESENTATION_CONTEXT() REPRESENTATION_CONTEXT('2D SPACE',''
  ) );
#4646 = PCURVE('',#4418,#4647);
#4647 = DEFINITIONAL_REPRESENTATION('',(#4648),#4652);
#4648 = LINE('',#4649,#4650);
#4649 = CARTESIAN_POINT('',(7.28759765625,5.01708984375));
#4650 = VECTOR('',#4651,1.);
#4651 = DIRECTION('',(0.,-1.));
#4652 = ( GEOMETRIC_REPRESENTATION_CONTEXT(2) 
PARAMETRIC_REPRESENTATION_CONTEXT() REPRESENTATION_CONTEXT('2D SPACE',''
  ) );
#4653 = ORIENTED_EDGE('',*,*,#4585,.F.);
#4654 = ORIENTED_EDGE('',*,*,#1600,.F.);
#4655 = ADVANCED_FACE('',(#4656),#1586,.T.);
#4656 = FACE_BOUND('',#4657,.T.);
#4657 = EDGE_LOOP('',(#4658,#4681,#4702,#4703));
#4658 = ORIENTED_EDGE('',*,*,#4659,.T.);
#4659 = EDGE_CURVE('',#1526,#4660,#4662,.T.);
#4660 = VERTEX_POINT('',#4661);
#4661 = CARTESIAN_POINT('',(-8.21044921875,-48.72192382812,7.));
#4662 = SURFACE_CURVE('',#4663,(#4667,#4674),.PCURVE_S1.);
#4663 = LINE('',#4664,#4665);
#4664 = CARTESIAN_POINT('',(-8.21044921875,-48.72192382812,10.));
#4665 = VECTOR('',#4666,1.);
#4666 = DIRECTION('',(-0.,-0.,-1.));
#4667 = PCURVE('',#1586,#4668);
#4668 = DEFINITIONAL_REPRESENTATION('',(#4669),#4673);
#4669 = LINE('',#4670,#4671);
#4670 = CARTESIAN_POINT('',(0.,0.));
#4671 = VECTOR('',#4672,1.);
#4672 = DIRECTION('',(0.,-1.));
#4673 = ( GEOMETRIC_REPRESENTATION_CONTEXT(2) 
PARAMETRIC_REPRESENTATION_CONTEXT() REPRESENTATION_CONTEXT('2D SPACE',''
  ) );
#4674 = PCURVE('',#1551,#4675);
#4675 = DEFINITIONAL_REPRESENTATION('',(#4676),#4680);
#4676 = LINE('',#4677,#4678);
#4677 = CARTESIAN_POINT('',(0.,0.));
#4678 = VECTOR('',#4679,1.);
#4679 = DIRECTION('',(0.,-1.));
#4680 = ( GEOMETRIC_REPRESENTATION_CONTEXT(2) 
PARAMETRIC_REPRESENTATION_CONTEXT() REPRESENTATION_CONTEXT('2D SPACE',''
  ) );
#4681 = ORIENTED_EDGE('',*,*,#4682,.T.);
#4682 = EDGE_CURVE('',#4660,#4611,#4683,.T.);
#4683 = SURFACE_CURVE('',#4684,(#4688,#4695),.PCURVE_S1.);
#4684 = B_SPLINE_CURVE_WITH_KNOTS('',2,(#4685,#4686,#4687),
  .UNSPECIFIED.,.F.,.F.,(3,3),(0.,1.),.PIECEWISE_BEZIER_KNOTS.);
#4685 = CARTESIAN_POINT('',(-8.21044921875,-48.72192382812,7.));
#4686 = CARTESIAN_POINT('',(-8.14453125,-49.05883789062,7.));
#4687 = CARTESIAN_POINT('',(-8.14453125,-49.93774414062,7.));
#4688 = PCURVE('',#1586,#4689);
#4689 = DEFINITIONAL_REPRESENTATION('',(#4690),#4694);
#4690 = LINE('',#4691,#4692);
#4691 = CARTESIAN_POINT('',(0.,-3.));
#4692 = VECTOR('',#4693,1.);
#4693 = DIRECTION('',(1.,0.));
#4694 = ( GEOMETRIC_REPRESENTATION_CONTEXT(2) 
PARAMETRIC_REPRESENTATION_CONTEXT() REPRESENTATION_CONTEXT('2D SPACE',''
  ) );
#4695 = PCURVE('',#4418,#4696);
#4696 = DEFINITIONAL_REPRESENTATION('',(#4697),#4701);
#4697 = B_SPLINE_CURVE_WITH_KNOTS('',2,(#4698,#4699,#4700),
  .UNSPECIFIED.,.F.,.F.,(3,3),(0.,1.),.PIECEWISE_BEZIER_KNOTS.);
#4698 = CARTESIAN_POINT('',(7.2216796875,6.23291015625));
#4699 = CARTESIAN_POINT('',(7.28759765625,5.89599609375));
#4700 = CARTESIAN_POINT('',(7.28759765625,5.01708984375));
#4701 = ( GEOMETRIC_REPRESENTATION_CONTEXT(2) 
PARAMETRIC_REPRESENTATION_CONTEXT() REPRESENTATION_CONTEXT('2D SPACE',''
  ) );
#4702 = ORIENTED_EDGE('',*,*,#4610,.F.);
#4703 = ORIENTED_EDGE('',*,*,#1570,.F.);
#4704 = ADVANCED_FACE('',(#4705),#1551,.F.);
#4705 = FACE_BOUND('',#4706,.F.);
#4706 = EDGE_LOOP('',(#4707,#4708,#4741,#4762));
#4707 = ORIENTED_EDGE('',*,*,#4659,.T.);
#4708 = ORIENTED_EDGE('',*,*,#4709,.T.);
#4709 = EDGE_CURVE('',#4660,#4710,#4712,.T.);
#4710 = VERTEX_POINT('',#4711);
#4711 = CARTESIAN_POINT('',(-14.6630859375,-49.39575195312,7.));
#4712 = SURFACE_CURVE('',#4713,(#4722,#4729),.PCURVE_S1.);
#4713 = B_SPLINE_CURVE_WITH_KNOTS('',2,(#4714,#4715,#4716,#4717,#4718,
    #4719,#4720,#4721),.UNSPECIFIED.,.F.,.F.,(3,1,1,1,1,1,3),(0.,1.,2.,
    3.,4.007352941176,5.014705882353,6.022058823529),.UNSPECIFIED.);
#4714 = CARTESIAN_POINT('',(-8.21044921875,-48.72192382812,7.));
#4715 = CARTESIAN_POINT('',(-8.32763671875,-48.17993164062,7.));
#4716 = CARTESIAN_POINT('',(-8.91357421875,-47.46948242187,7.));
#4717 = CARTESIAN_POINT('',(-10.15869140625,-47.00073242187,7.));
#4718 = CARTESIAN_POINT('',(-12.158203125,-47.00073242187,7.));
#4719 = CARTESIAN_POINT('',(-13.681640625,-47.55004882812,7.));
#4720 = CARTESIAN_POINT('',(-14.4873046875,-48.56811523437,7.));
#4721 = CARTESIAN_POINT('',(-14.6630859375,-49.39575195312,7.));
#4722 = PCURVE('',#1551,#4723);
#4723 = DEFINITIONAL_REPRESENTATION('',(#4724),#4728);
#4724 = LINE('',#4725,#4726);
#4725 = CARTESIAN_POINT('',(0.,-3.));
#4726 = VECTOR('',#4727,1.);
#4727 = DIRECTION('',(1.,0.));
#4728 = ( GEOMETRIC_REPRESENTATION_CONTEXT(2) 
PARAMETRIC_REPRESENTATION_CONTEXT() REPRESENTATION_CONTEXT('2D SPACE',''
  ) );
#4729 = PCURVE('',#4418,#4730);
#4730 = DEFINITIONAL_REPRESENTATION('',(#4731),#4740);
#4731 = B_SPLINE_CURVE_WITH_KNOTS('',2,(#4732,#4733,#4734,#4735,#4736,
    #4737,#4738,#4739),.UNSPECIFIED.,.F.,.F.,(3,1,1,1,1,1,3),(0.,1.,2.,
    3.,4.007352941176,5.014705882353,6.022058823529),.UNSPECIFIED.);
#4732 = CARTESIAN_POINT('',(7.2216796875,6.23291015625));
#4733 = CARTESIAN_POINT('',(7.1044921875,6.77490234375));
#4734 = CARTESIAN_POINT('',(6.5185546875,7.4853515625));
#4735 = CARTESIAN_POINT('',(5.2734375,7.9541015625));
#4736 = CARTESIAN_POINT('',(3.27392578125,7.9541015625));
#4737 = CARTESIAN_POINT('',(1.75048828125,7.40478515625));
#4738 = CARTESIAN_POINT('',(0.94482421875,6.38671875));
#4739 = CARTESIAN_POINT('',(0.76904296875,5.55908203125));
#4740 = ( GEOMETRIC_REPRESENTATION_CONTEXT(2) 
PARAMETRIC_REPRESENTATION_CONTEXT() REPRESENTATION_CONTEXT('2D SPACE',''
  ) );
#4741 = ORIENTED_EDGE('',*,*,#4742,.F.);
#4742 = EDGE_CURVE('',#1498,#4710,#4743,.T.);
#4743 = SURFACE_CURVE('',#4744,(#4748,#4755),.PCURVE_S1.);
#4744 = LINE('',#4745,#4746);
#4745 = CARTESIAN_POINT('',(-14.6630859375,-49.39575195312,10.));
#4746 = VECTOR('',#4747,1.);
#4747 = DIRECTION('',(-0.,-0.,-1.));
#4748 = PCURVE('',#1551,#4749);
#4749 = DEFINITIONAL_REPRESENTATION('',(#4750),#4754);
#4750 = LINE('',#4751,#4752);
#4751 = CARTESIAN_POINT('',(6.022058823529,0.));
#4752 = VECTOR('',#4753,1.);
#4753 = DIRECTION('',(0.,-1.));
#4754 = ( GEOMETRIC_REPRESENTATION_CONTEXT(2) 
PARAMETRIC_REPRESENTATION_CONTEXT() REPRESENTATION_CONTEXT('2D SPACE',''
  ) );
#4755 = PCURVE('',#1513,#4756);
#4756 = DEFINITIONAL_REPRESENTATION('',(#4757),#4761);
#4757 = LINE('',#4758,#4759);
#4758 = CARTESIAN_POINT('',(1.300992381514,0.));
#4759 = VECTOR('',#4760,1.);
#4760 = DIRECTION('',(0.,-1.));
#4761 = ( GEOMETRIC_REPRESENTATION_CONTEXT(2) 
PARAMETRIC_REPRESENTATION_CONTEXT() REPRESENTATION_CONTEXT('2D SPACE',''
  ) );
#4762 = ORIENTED_EDGE('',*,*,#1525,.F.);
#4763 = ADVANCED_FACE('',(#4764),#1513,.T.);
#4764 = FACE_BOUND('',#4765,.T.);
#4765 = EDGE_LOOP('',(#4766,#4789,#4810,#4811));
#4766 = ORIENTED_EDGE('',*,*,#4767,.T.);
#4767 = EDGE_CURVE('',#1462,#4768,#4770,.T.);
#4768 = VERTEX_POINT('',#4769);
#4769 = CARTESIAN_POINT('',(-13.3740234375,-49.57153320312,7.));
#4770 = SURFACE_CURVE('',#4771,(#4775,#4782),.PCURVE_S1.);
#4771 = LINE('',#4772,#4773);
#4772 = CARTESIAN_POINT('',(-13.3740234375,-49.57153320312,10.));
#4773 = VECTOR('',#4774,1.);
#4774 = DIRECTION('',(-0.,-0.,-1.));
#4775 = PCURVE('',#1513,#4776);
#4776 = DEFINITIONAL_REPRESENTATION('',(#4777),#4781);
#4777 = LINE('',#4778,#4779);
#4778 = CARTESIAN_POINT('',(0.,0.));
#4779 = VECTOR('',#4780,1.);
#4780 = DIRECTION('',(0.,-1.));
#4781 = ( GEOMETRIC_REPRESENTATION_CONTEXT(2) 
PARAMETRIC_REPRESENTATION_CONTEXT() REPRESENTATION_CONTEXT('2D SPACE',''
  ) );
#4782 = PCURVE('',#1481,#4783);
#4783 = DEFINITIONAL_REPRESENTATION('',(#4784),#4788);
#4784 = LINE('',#4785,#4786);
#4785 = CARTESIAN_POINT('',(0.,0.));
#4786 = VECTOR('',#4787,1.);
#4787 = DIRECTION('',(0.,-1.));
#4788 = ( GEOMETRIC_REPRESENTATION_CONTEXT(2) 
PARAMETRIC_REPRESENTATION_CONTEXT() REPRESENTATION_CONTEXT('2D SPACE',''
  ) );
#4789 = ORIENTED_EDGE('',*,*,#4790,.T.);
#4790 = EDGE_CURVE('',#4768,#4710,#4791,.T.);
#4791 = SURFACE_CURVE('',#4792,(#4796,#4803),.PCURVE_S1.);
#4792 = LINE('',#4793,#4794);
#4793 = CARTESIAN_POINT('',(-13.3740234375,-49.57153320312,7.));
#4794 = VECTOR('',#4795,1.);
#4795 = DIRECTION('',(-0.990830168044,0.135113204733,0.));
#4796 = PCURVE('',#1513,#4797);
#4797 = DEFINITIONAL_REPRESENTATION('',(#4798),#4802);
#4798 = LINE('',#4799,#4800);
#4799 = CARTESIAN_POINT('',(0.,-3.));
#4800 = VECTOR('',#4801,1.);
#4801 = DIRECTION('',(1.,0.));
#4802 = ( GEOMETRIC_REPRESENTATION_CONTEXT(2) 
PARAMETRIC_REPRESENTATION_CONTEXT() REPRESENTATION_CONTEXT('2D SPACE',''
  ) );
#4803 = PCURVE('',#4418,#4804);
#4804 = DEFINITIONAL_REPRESENTATION('',(#4805),#4809);
#4805 = LINE('',#4806,#4807);
#4806 = CARTESIAN_POINT('',(2.05810546875,5.38330078125));
#4807 = VECTOR('',#4808,1.);
#4808 = DIRECTION('',(-0.990830168044,0.135113204733));
#4809 = ( GEOMETRIC_REPRESENTATION_CONTEXT(2) 
PARAMETRIC_REPRESENTATION_CONTEXT() REPRESENTATION_CONTEXT('2D SPACE',''
  ) );
#4810 = ORIENTED_EDGE('',*,*,#4742,.F.);
#4811 = ORIENTED_EDGE('',*,*,#1497,.F.);
#4812 = ADVANCED_FACE('',(#4813),#1481,.F.);
#4813 = FACE_BOUND('',#4814,.F.);
#4814 = EDGE_LOOP('',(#4815,#4816,#4843,#4864));
#4815 = ORIENTED_EDGE('',*,*,#4767,.T.);
#4816 = ORIENTED_EDGE('',*,*,#4817,.T.);
#4817 = EDGE_CURVE('',#4768,#4818,#4820,.T.);
#4818 = VERTEX_POINT('',#4819);
#4819 = CARTESIAN_POINT('',(-9.84375,-48.53881835937,7.));
#4820 = SURFACE_CURVE('',#4821,(#4827,#4834),.PCURVE_S1.);
#4821 = B_SPLINE_CURVE_WITH_KNOTS('',2,(#4822,#4823,#4824,#4825,#4826),
  .UNSPECIFIED.,.F.,.F.,(3,1,1,3),(0.,1.,2.,3.070866141732),
  .UNSPECIFIED.);
#4822 = CARTESIAN_POINT('',(-13.3740234375,-49.57153320312,7.));
#4823 = CARTESIAN_POINT('',(-13.16162109375,-48.74389648437,7.));
#4824 = CARTESIAN_POINT('',(-12.275390625,-48.09204101562,7.));
#4825 = CARTESIAN_POINT('',(-10.34912109375,-48.09204101562,7.));
#4826 = CARTESIAN_POINT('',(-9.84375,-48.53881835937,7.));
#4827 = PCURVE('',#1481,#4828);
#4828 = DEFINITIONAL_REPRESENTATION('',(#4829),#4833);
#4829 = LINE('',#4830,#4831);
#4830 = CARTESIAN_POINT('',(0.,-3.));
#4831 = VECTOR('',#4832,1.);
#4832 = DIRECTION('',(1.,0.));
#4833 = ( GEOMETRIC_REPRESENTATION_CONTEXT(2) 
PARAMETRIC_REPRESENTATION_CONTEXT() REPRESENTATION_CONTEXT('2D SPACE',''
  ) );
#4834 = PCURVE('',#4418,#4835);
#4835 = DEFINITIONAL_REPRESENTATION('',(#4836),#4842);
#4836 = B_SPLINE_CURVE_WITH_KNOTS('',2,(#4837,#4838,#4839,#4840,#4841),
  .UNSPECIFIED.,.F.,.F.,(3,1,1,3),(0.,1.,2.,3.070866141732),
  .UNSPECIFIED.);
#4837 = CARTESIAN_POINT('',(2.05810546875,5.38330078125));
#4838 = CARTESIAN_POINT('',(2.2705078125,6.2109375));
#4839 = CARTESIAN_POINT('',(3.15673828125,6.86279296875));
#4840 = CARTESIAN_POINT('',(5.0830078125,6.86279296875));
#4841 = CARTESIAN_POINT('',(5.58837890625,6.416015625));
#4842 = ( GEOMETRIC_REPRESENTATION_CONTEXT(2) 
PARAMETRIC_REPRESENTATION_CONTEXT() REPRESENTATION_CONTEXT('2D SPACE',''
  ) );
#4843 = ORIENTED_EDGE('',*,*,#4844,.F.);
#4844 = EDGE_CURVE('',#1429,#4818,#4845,.T.);
#4845 = SURFACE_CURVE('',#4846,(#4850,#4857),.PCURVE_S1.);
#4846 = LINE('',#4847,#4848);
#4847 = CARTESIAN_POINT('',(-9.84375,-48.53881835937,10.));
#4848 = VECTOR('',#4849,1.);
#4849 = DIRECTION('',(-0.,-0.,-1.));
#4850 = PCURVE('',#1481,#4851);
#4851 = DEFINITIONAL_REPRESENTATION('',(#4852),#4856);
#4852 = LINE('',#4853,#4854);
#4853 = CARTESIAN_POINT('',(3.070866141732,0.));
#4854 = VECTOR('',#4855,1.);
#4855 = DIRECTION('',(0.,-1.));
#4856 = ( GEOMETRIC_REPRESENTATION_CONTEXT(2) 
PARAMETRIC_REPRESENTATION_CONTEXT() REPRESENTATION_CONTEXT('2D SPACE',''
  ) );
#4857 = PCURVE('',#1446,#4858);
#4858 = DEFINITIONAL_REPRESENTATION('',(#4859),#4863);
#4859 = LINE('',#4860,#4861);
#4860 = CARTESIAN_POINT('',(0.,0.));
#4861 = VECTOR('',#4862,1.);
#4862 = DIRECTION('',(0.,-1.));
#4863 = ( GEOMETRIC_REPRESENTATION_CONTEXT(2) 
PARAMETRIC_REPRESENTATION_CONTEXT() REPRESENTATION_CONTEXT('2D SPACE',''
  ) );
#4864 = ORIENTED_EDGE('',*,*,#1461,.F.);
#4865 = ADVANCED_FACE('',(#4866),#1446,.F.);
#4866 = FACE_BOUND('',#4867,.F.);
#4867 = EDGE_LOOP('',(#4868,#4869,#4894,#4915));
#4868 = ORIENTED_EDGE('',*,*,#4844,.T.);
#4869 = ORIENTED_EDGE('',*,*,#4870,.T.);
#4870 = EDGE_CURVE('',#4818,#4871,#4873,.T.);
#4871 = VERTEX_POINT('',#4872);
#4872 = CARTESIAN_POINT('',(-9.4775390625,-50.01831054687,7.));
#4873 = SURFACE_CURVE('',#4874,(#4879,#4886),.PCURVE_S1.);
#4874 = B_SPLINE_CURVE_WITH_KNOTS('',2,(#4875,#4876,#4877,#4878),
  .UNSPECIFIED.,.F.,.F.,(3,1,3),(0.,1.,1.090909090909),.UNSPECIFIED.);
#4875 = CARTESIAN_POINT('',(-9.84375,-48.53881835937,7.));
#4876 = CARTESIAN_POINT('',(-9.47021484375,-48.86840820312,7.));
#4877 = CARTESIAN_POINT('',(-9.47021484375,-49.74731445312,7.));
#4878 = CARTESIAN_POINT('',(-9.4775390625,-50.01831054687,7.));
#4879 = PCURVE('',#1446,#4880);
#4880 = DEFINITIONAL_REPRESENTATION('',(#4881),#4885);
#4881 = LINE('',#4882,#4883);
#4882 = CARTESIAN_POINT('',(0.,-3.));
#4883 = VECTOR('',#4884,1.);
#4884 = DIRECTION('',(1.,0.));
#4885 = ( GEOMETRIC_REPRESENTATION_CONTEXT(2) 
PARAMETRIC_REPRESENTATION_CONTEXT() REPRESENTATION_CONTEXT('2D SPACE',''
  ) );
#4886 = PCURVE('',#4418,#4887);
#4887 = DEFINITIONAL_REPRESENTATION('',(#4888),#4893);
#4888 = B_SPLINE_CURVE_WITH_KNOTS('',2,(#4889,#4890,#4891,#4892),
  .UNSPECIFIED.,.F.,.F.,(3,1,3),(0.,1.,1.090909090909),.UNSPECIFIED.);
#4889 = CARTESIAN_POINT('',(5.58837890625,6.416015625));
#4890 = CARTESIAN_POINT('',(5.9619140625,6.08642578125));
#4891 = CARTESIAN_POINT('',(5.9619140625,5.20751953125));
#4892 = CARTESIAN_POINT('',(5.95458984375,4.9365234375));
#4893 = ( GEOMETRIC_REPRESENTATION_CONTEXT(2) 
PARAMETRIC_REPRESENTATION_CONTEXT() REPRESENTATION_CONTEXT('2D SPACE',''
  ) );
#4894 = ORIENTED_EDGE('',*,*,#4895,.F.);
#4895 = EDGE_CURVE('',#1399,#4871,#4896,.T.);
#4896 = SURFACE_CURVE('',#4897,(#4901,#4908),.PCURVE_S1.);
#4897 = LINE('',#4898,#4899);
#4898 = CARTESIAN_POINT('',(-9.4775390625,-50.01831054687,10.));
#4899 = VECTOR('',#4900,1.);
#4900 = DIRECTION('',(-0.,-0.,-1.));
#4901 = PCURVE('',#1446,#4902);
#4902 = DEFINITIONAL_REPRESENTATION('',(#4903),#4907);
#4903 = LINE('',#4904,#4905);
#4904 = CARTESIAN_POINT('',(1.090909090909,0.));
#4905 = VECTOR('',#4906,1.);
#4906 = DIRECTION('',(0.,-1.));
#4907 = ( GEOMETRIC_REPRESENTATION_CONTEXT(2) 
PARAMETRIC_REPRESENTATION_CONTEXT() REPRESENTATION_CONTEXT('2D SPACE',''
  ) );
#4908 = PCURVE('',#1414,#4909);
#4909 = DEFINITIONAL_REPRESENTATION('',(#4910),#4914);
#4910 = LINE('',#4911,#4912);
#4911 = CARTESIAN_POINT('',(1.,0.));
#4912 = VECTOR('',#4913,1.);
#4913 = DIRECTION('',(0.,-1.));
#4914 = ( GEOMETRIC_REPRESENTATION_CONTEXT(2) 
PARAMETRIC_REPRESENTATION_CONTEXT() REPRESENTATION_CONTEXT('2D SPACE',''
  ) );
#4915 = ORIENTED_EDGE('',*,*,#1428,.F.);
#4916 = ADVANCED_FACE('',(#4917),#1414,.T.);
#4917 = FACE_BOUND('',#4918,.T.);
#4918 = EDGE_LOOP('',(#4919,#4942,#4963,#4964));
#4919 = ORIENTED_EDGE('',*,*,#4920,.T.);
#4920 = EDGE_CURVE('',#1369,#4921,#4923,.T.);
#4921 = VERTEX_POINT('',#4922);
#4922 = CARTESIAN_POINT('',(-11.82861328125,-50.47241210937,7.));
#4923 = SURFACE_CURVE('',#4924,(#4928,#4935),.PCURVE_S1.);
#4924 = LINE('',#4925,#4926);
#4925 = CARTESIAN_POINT('',(-11.82861328125,-50.47241210937,10.));
#4926 = VECTOR('',#4927,1.);
#4927 = DIRECTION('',(-0.,-0.,-1.));
#4928 = PCURVE('',#1414,#4929);
#4929 = DEFINITIONAL_REPRESENTATION('',(#4930),#4934);
#4930 = LINE('',#4931,#4932);
#4931 = CARTESIAN_POINT('',(0.,0.));
#4932 = VECTOR('',#4933,1.);
#4933 = DIRECTION('',(0.,-1.));
#4934 = ( GEOMETRIC_REPRESENTATION_CONTEXT(2) 
PARAMETRIC_REPRESENTATION_CONTEXT() REPRESENTATION_CONTEXT('2D SPACE',''
  ) );
#4935 = PCURVE('',#1384,#4936);
#4936 = DEFINITIONAL_REPRESENTATION('',(#4937),#4941);
#4937 = LINE('',#4938,#4939);
#4938 = CARTESIAN_POINT('',(1.,0.));
#4939 = VECTOR('',#4940,1.);
#4940 = DIRECTION('',(0.,-1.));
#4941 = ( GEOMETRIC_REPRESENTATION_CONTEXT(2) 
PARAMETRIC_REPRESENTATION_CONTEXT() REPRESENTATION_CONTEXT('2D SPACE',''
  ) );
#4942 = ORIENTED_EDGE('',*,*,#4943,.T.);
#4943 = EDGE_CURVE('',#4921,#4871,#4944,.T.);
#4944 = SURFACE_CURVE('',#4945,(#4949,#4956),.PCURVE_S1.);
#4945 = B_SPLINE_CURVE_WITH_KNOTS('',2,(#4946,#4947,#4948),
  .UNSPECIFIED.,.F.,.F.,(3,3),(0.,1.),.PIECEWISE_BEZIER_KNOTS.);
#4946 = CARTESIAN_POINT('',(-11.82861328125,-50.47241210937,7.));
#4947 = CARTESIAN_POINT('',(-10.23193359375,-50.28198242187,7.));
#4948 = CARTESIAN_POINT('',(-9.4775390625,-50.01831054687,7.));
#4949 = PCURVE('',#1414,#4950);
#4950 = DEFINITIONAL_REPRESENTATION('',(#4951),#4955);
#4951 = LINE('',#4952,#4953);
#4952 = CARTESIAN_POINT('',(0.,-3.));
#4953 = VECTOR('',#4954,1.);
#4954 = DIRECTION('',(1.,0.));
#4955 = ( GEOMETRIC_REPRESENTATION_CONTEXT(2) 
PARAMETRIC_REPRESENTATION_CONTEXT() REPRESENTATION_CONTEXT('2D SPACE',''
  ) );
#4956 = PCURVE('',#4418,#4957);
#4957 = DEFINITIONAL_REPRESENTATION('',(#4958),#4962);
#4958 = B_SPLINE_CURVE_WITH_KNOTS('',2,(#4959,#4960,#4961),
  .UNSPECIFIED.,.F.,.F.,(3,3),(0.,1.),.PIECEWISE_BEZIER_KNOTS.);
#4959 = CARTESIAN_POINT('',(3.603515625,4.482421875));
#4960 = CARTESIAN_POINT('',(5.2001953125,4.6728515625));
#4961 = CARTESIAN_POINT('',(5.95458984375,4.9365234375));
#4962 = ( GEOMETRIC_REPRESENTATION_CONTEXT(2) 
PARAMETRIC_REPRESENTATION_CONTEXT() REPRESENTATION_CONTEXT('2D SPACE',''
  ) );
#4963 = ORIENTED_EDGE('',*,*,#4895,.F.);
#4964 = ORIENTED_EDGE('',*,*,#1398,.F.);
#4965 = ADVANCED_FACE('',(#4966),#1384,.T.);
#4966 = FACE_BOUND('',#4967,.T.);
#4967 = EDGE_LOOP('',(#4968,#4969,#4990,#4991));
#4968 = ORIENTED_EDGE('',*,*,#4373,.T.);
#4969 = ORIENTED_EDGE('',*,*,#4970,.T.);
#4970 = EDGE_CURVE('',#4374,#4921,#4971,.T.);
#4971 = SURFACE_CURVE('',#4972,(#4976,#4983),.PCURVE_S1.);
#4972 = B_SPLINE_CURVE_WITH_KNOTS('',2,(#4973,#4974,#4975),
  .UNSPECIFIED.,.F.,.F.,(3,3),(0.,1.),.PIECEWISE_BEZIER_KNOTS.);
#4973 = CARTESIAN_POINT('',(-13.00048828125,-50.67016601562,7.));
#4974 = CARTESIAN_POINT('',(-12.6123046875,-50.56762695312,7.));
#4975 = CARTESIAN_POINT('',(-11.82861328125,-50.47241210937,7.));
#4976 = PCURVE('',#1384,#4977);
#4977 = DEFINITIONAL_REPRESENTATION('',(#4978),#4982);
#4978 = LINE('',#4979,#4980);
#4979 = CARTESIAN_POINT('',(0.,-3.));
#4980 = VECTOR('',#4981,1.);
#4981 = DIRECTION('',(1.,0.));
#4982 = ( GEOMETRIC_REPRESENTATION_CONTEXT(2) 
PARAMETRIC_REPRESENTATION_CONTEXT() REPRESENTATION_CONTEXT('2D SPACE',''
  ) );
#4983 = PCURVE('',#4418,#4984);
#4984 = DEFINITIONAL_REPRESENTATION('',(#4985),#4989);
#4985 = B_SPLINE_CURVE_WITH_KNOTS('',2,(#4986,#4987,#4988),
  .UNSPECIFIED.,.F.,.F.,(3,3),(0.,1.),.PIECEWISE_BEZIER_KNOTS.);
#4986 = CARTESIAN_POINT('',(2.431640625,4.28466796875));
#4987 = CARTESIAN_POINT('',(2.81982421875,4.38720703125));
#4988 = CARTESIAN_POINT('',(3.603515625,4.482421875));
#4989 = ( GEOMETRIC_REPRESENTATION_CONTEXT(2) 
PARAMETRIC_REPRESENTATION_CONTEXT() REPRESENTATION_CONTEXT('2D SPACE',''
  ) );
#4990 = ORIENTED_EDGE('',*,*,#4920,.F.);
#4991 = ORIENTED_EDGE('',*,*,#1368,.F.);
#4992 = ADVANCED_FACE('',(#4993),#1737,.T.);
#4993 = FACE_BOUND('',#4994,.T.);
#4994 = EDGE_LOOP('',(#4995,#5018,#5046,#5067));
#4995 = ORIENTED_EDGE('',*,*,#4996,.T.);
#4996 = EDGE_CURVE('',#1720,#4997,#4999,.T.);
#4997 = VERTEX_POINT('',#4998);
#4998 = CARTESIAN_POINT('',(0.21240234375,-54.14916992187,7.));
#4999 = SURFACE_CURVE('',#5000,(#5004,#5011),.PCURVE_S1.);
#5000 = LINE('',#5001,#5002);
#5001 = CARTESIAN_POINT('',(0.21240234375,-54.14916992187,10.));
#5002 = VECTOR('',#5003,1.);
#5003 = DIRECTION('',(-0.,-0.,-1.));
#5004 = PCURVE('',#1737,#5005);
#5005 = DEFINITIONAL_REPRESENTATION('',(#5006),#5010);
#5006 = LINE('',#5007,#5008);
#5007 = CARTESIAN_POINT('',(0.,0.));
#5008 = VECTOR('',#5009,1.);
#5009 = DIRECTION('',(0.,-1.));
#5010 = ( GEOMETRIC_REPRESENTATION_CONTEXT(2) 
PARAMETRIC_REPRESENTATION_CONTEXT() REPRESENTATION_CONTEXT('2D SPACE',''
  ) );
#5011 = PCURVE('',#1893,#5012);
#5012 = DEFINITIONAL_REPRESENTATION('',(#5013),#5017);
#5013 = LINE('',#5014,#5015);
#5014 = CARTESIAN_POINT('',(0.,0.));
#5015 = VECTOR('',#5016,1.);
#5016 = DIRECTION('',(0.,-1.));
#5017 = ( GEOMETRIC_REPRESENTATION_CONTEXT(2) 
PARAMETRIC_REPRESENTATION_CONTEXT() REPRESENTATION_CONTEXT('2D SPACE',''
  ) );
#5018 = ORIENTED_EDGE('',*,*,#5019,.T.);
#5019 = EDGE_CURVE('',#4997,#5020,#5022,.T.);
#5020 = VERTEX_POINT('',#5021);
#5021 = CARTESIAN_POINT('',(0.21240234375,-57.93579101562,7.));
#5022 = SURFACE_CURVE('',#5023,(#5027,#5034),.PCURVE_S1.);
#5023 = LINE('',#5024,#5025);
#5024 = CARTESIAN_POINT('',(0.21240234375,-54.14916992187,7.));
#5025 = VECTOR('',#5026,1.);
#5026 = DIRECTION('',(0.,-1.,0.));
#5027 = PCURVE('',#1737,#5028);
#5028 = DEFINITIONAL_REPRESENTATION('',(#5029),#5033);
#5029 = LINE('',#5030,#5031);
#5030 = CARTESIAN_POINT('',(0.,-3.));
#5031 = VECTOR('',#5032,1.);
#5032 = DIRECTION('',(1.,0.));
#5033 = ( GEOMETRIC_REPRESENTATION_CONTEXT(2) 
PARAMETRIC_REPRESENTATION_CONTEXT() REPRESENTATION_CONTEXT('2D SPACE',''
  ) );
#5034 = PCURVE('',#5035,#5040);
#5035 = PLANE('',#5036);
#5036 = AXIS2_PLACEMENT_3D('',#5037,#5038,#5039);
#5037 = CARTESIAN_POINT('',(-2.0947265625,-54.95483398437,7.));
#5038 = DIRECTION('',(0.,0.,1.));
#5039 = DIRECTION('',(1.,0.,0.));
#5040 = DEFINITIONAL_REPRESENTATION('',(#5041),#5045);
#5041 = LINE('',#5042,#5043);
#5042 = CARTESIAN_POINT('',(2.30712890625,0.8056640625));
#5043 = VECTOR('',#5044,1.);
#5044 = DIRECTION('',(0.,-1.));
#5045 = ( GEOMETRIC_REPRESENTATION_CONTEXT(2) 
PARAMETRIC_REPRESENTATION_CONTEXT() REPRESENTATION_CONTEXT('2D SPACE',''
  ) );
#5046 = ORIENTED_EDGE('',*,*,#5047,.F.);
#5047 = EDGE_CURVE('',#1722,#5020,#5048,.T.);
#5048 = SURFACE_CURVE('',#5049,(#5053,#5060),.PCURVE_S1.);
#5049 = LINE('',#5050,#5051);
#5050 = CARTESIAN_POINT('',(0.21240234375,-57.93579101562,10.));
#5051 = VECTOR('',#5052,1.);
#5052 = DIRECTION('',(-0.,-0.,-1.));
#5053 = PCURVE('',#1737,#5054);
#5054 = DEFINITIONAL_REPRESENTATION('',(#5055),#5059);
#5055 = LINE('',#5056,#5057);
#5056 = CARTESIAN_POINT('',(3.78662109375,0.));
#5057 = VECTOR('',#5058,1.);
#5058 = DIRECTION('',(0.,-1.));
#5059 = ( GEOMETRIC_REPRESENTATION_CONTEXT(2) 
PARAMETRIC_REPRESENTATION_CONTEXT() REPRESENTATION_CONTEXT('2D SPACE',''
  ) );
#5060 = PCURVE('',#1765,#5061);
#5061 = DEFINITIONAL_REPRESENTATION('',(#5062),#5066);
#5062 = LINE('',#5063,#5064);
#5063 = CARTESIAN_POINT('',(0.,0.));
#5064 = VECTOR('',#5065,1.);
#5065 = DIRECTION('',(0.,-1.));
#5066 = ( GEOMETRIC_REPRESENTATION_CONTEXT(2) 
PARAMETRIC_REPRESENTATION_CONTEXT() REPRESENTATION_CONTEXT('2D SPACE',''
  ) );
#5067 = ORIENTED_EDGE('',*,*,#1719,.F.);
#5068 = ADVANCED_FACE('',(#5069),#1893,.F.);
#5069 = FACE_BOUND('',#5070,.F.);
#5070 = EDGE_LOOP('',(#5071,#5072,#5113,#5134));
#5071 = ORIENTED_EDGE('',*,*,#4996,.T.);
#5072 = ORIENTED_EDGE('',*,*,#5073,.T.);
#5073 = EDGE_CURVE('',#4997,#5074,#5076,.T.);
#5074 = VERTEX_POINT('',#5075);
#5075 = CARTESIAN_POINT('',(9.521484375E-02,-48.18725585937,7.));
#5076 = SURFACE_CURVE('',#5077,(#5090,#5097),.PCURVE_S1.);
#5077 = B_SPLINE_CURVE_WITH_KNOTS('',2,(#5078,#5079,#5080,#5081,#5082,
    #5083,#5084,#5085,#5086,#5087,#5088,#5089),.UNSPECIFIED.,.F.,.F.,(3,
    1,1,1,1,1,1,1,1,1,3),(0.,1.,2.,3.366666666667,4.733333333333,6.1,
    7.374437627812,8.648875255624,9.923312883436,10.897882834115,
    11.872452784795),.UNSPECIFIED.);
#5078 = CARTESIAN_POINT('',(0.21240234375,-54.14916992187,7.));
#5079 = CARTESIAN_POINT('',(0.54931640625,-54.57397460937,7.));
#5080 = CARTESIAN_POINT('',(1.5966796875,-55.13061523437,7.));
#5081 = CARTESIAN_POINT('',(3.15673828125,-55.13061523437,7.));
#5082 = CARTESIAN_POINT('',(4.7900390625,-54.11254882812,7.));
#5083 = CARTESIAN_POINT('',(5.64697265625,-52.20092773437,7.));
#5084 = CARTESIAN_POINT('',(5.64697265625,-49.89379882812,7.));
#5085 = CARTESIAN_POINT('',(4.87060546875,-48.02612304687,7.));
#5086 = CARTESIAN_POINT('',(3.34716796875,-47.00073242187,7.));
#5087 = CARTESIAN_POINT('',(1.58935546875,-47.00073242187,7.));
#5088 = CARTESIAN_POINT('',(0.52001953125,-47.59399414062,7.));
#5089 = CARTESIAN_POINT('',(9.521484375E-02,-48.18725585937,7.));
#5090 = PCURVE('',#1893,#5091);
#5091 = DEFINITIONAL_REPRESENTATION('',(#5092),#5096);
#5092 = LINE('',#5093,#5094);
#5093 = CARTESIAN_POINT('',(0.,-3.));
#5094 = VECTOR('',#5095,1.);
#5095 = DIRECTION('',(1.,0.));
#5096 = ( GEOMETRIC_REPRESENTATION_CONTEXT(2) 
PARAMETRIC_REPRESENTATION_CONTEXT() REPRESENTATION_CONTEXT('2D SPACE',''
  ) );
#5097 = PCURVE('',#5035,#5098);
#5098 = DEFINITIONAL_REPRESENTATION('',(#5099),#5112);
#5099 = B_SPLINE_CURVE_WITH_KNOTS('',2,(#5100,#5101,#5102,#5103,#5104,
    #5105,#5106,#5107,#5108,#5109,#5110,#5111),.UNSPECIFIED.,.F.,.F.,(3,
    1,1,1,1,1,1,1,1,1,3),(0.,1.,2.,3.366666666667,4.733333333333,6.1,
    7.374437627812,8.648875255624,9.923312883436,10.897882834115,
    11.872452784795),.UNSPECIFIED.);
#5100 = CARTESIAN_POINT('',(2.30712890625,0.8056640625));
#5101 = CARTESIAN_POINT('',(2.64404296875,0.380859375));
#5102 = CARTESIAN_POINT('',(3.69140625,-0.17578125));
#5103 = CARTESIAN_POINT('',(5.25146484375,-0.17578125));
#5104 = CARTESIAN_POINT('',(6.884765625,0.84228515625));
#5105 = CARTESIAN_POINT('',(7.74169921875,2.75390625));
#5106 = CARTESIAN_POINT('',(7.74169921875,5.06103515625));
#5107 = CARTESIAN_POINT('',(6.96533203125,6.9287109375));
#5108 = CARTESIAN_POINT('',(5.44189453125,7.9541015625));
#5109 = CARTESIAN_POINT('',(3.68408203125,7.9541015625));
#5110 = CARTESIAN_POINT('',(2.61474609375,7.36083984375));
#5111 = CARTESIAN_POINT('',(2.18994140625,6.767578125));
#5112 = ( GEOMETRIC_REPRESENTATION_CONTEXT(2) 
PARAMETRIC_REPRESENTATION_CONTEXT() REPRESENTATION_CONTEXT('2D SPACE',''
  ) );
#5113 = ORIENTED_EDGE('',*,*,#5114,.F.);
#5114 = EDGE_CURVE('',#1834,#5074,#5115,.T.);
#5115 = SURFACE_CURVE('',#5116,(#5120,#5127),.PCURVE_S1.);
#5116 = LINE('',#5117,#5118);
#5117 = CARTESIAN_POINT('',(9.521484375E-02,-48.18725585937,10.));
#5118 = VECTOR('',#5119,1.);
#5119 = DIRECTION('',(-0.,-0.,-1.));
#5120 = PCURVE('',#1893,#5121);
#5121 = DEFINITIONAL_REPRESENTATION('',(#5122),#5126);
#5122 = LINE('',#5123,#5124);
#5123 = CARTESIAN_POINT('',(11.872452784795,0.));
#5124 = VECTOR('',#5125,1.);
#5125 = DIRECTION('',(0.,-1.));
#5126 = ( GEOMETRIC_REPRESENTATION_CONTEXT(2) 
PARAMETRIC_REPRESENTATION_CONTEXT() REPRESENTATION_CONTEXT('2D SPACE',''
  ) );
#5127 = PCURVE('',#1849,#5128);
#5128 = DEFINITIONAL_REPRESENTATION('',(#5129),#5133);
#5129 = LINE('',#5130,#5131);
#5130 = CARTESIAN_POINT('',(1.0107421875,0.));
#5131 = VECTOR('',#5132,1.);
#5132 = DIRECTION('',(0.,-1.));
#5133 = ( GEOMETRIC_REPRESENTATION_CONTEXT(2) 
PARAMETRIC_REPRESENTATION_CONTEXT() REPRESENTATION_CONTEXT('2D SPACE',''
  ) );
#5134 = ORIENTED_EDGE('',*,*,#1861,.F.);
#5135 = ADVANCED_FACE('',(#5136),#1849,.T.);
#5136 = FACE_BOUND('',#5137,.T.);
#5137 = EDGE_LOOP('',(#5138,#5161,#5182,#5183));
#5138 = ORIENTED_EDGE('',*,*,#5139,.T.);
#5139 = EDGE_CURVE('',#1806,#5140,#5142,.T.);
#5140 = VERTEX_POINT('',#5141);
#5141 = CARTESIAN_POINT('',(9.521484375E-02,-47.17651367187,7.));
#5142 = SURFACE_CURVE('',#5143,(#5147,#5154),.PCURVE_S1.);
#5143 = LINE('',#5144,#5145);
#5144 = CARTESIAN_POINT('',(9.521484375E-02,-47.17651367187,10.));
#5145 = VECTOR('',#5146,1.);
#5146 = DIRECTION('',(-0.,-0.,-1.));
#5147 = PCURVE('',#1849,#5148);
#5148 = DEFINITIONAL_REPRESENTATION('',(#5149),#5153);
#5149 = LINE('',#5150,#5151);
#5150 = CARTESIAN_POINT('',(0.,0.));
#5151 = VECTOR('',#5152,1.);
#5152 = DIRECTION('',(0.,-1.));
#5153 = ( GEOMETRIC_REPRESENTATION_CONTEXT(2) 
PARAMETRIC_REPRESENTATION_CONTEXT() REPRESENTATION_CONTEXT('2D SPACE',''
  ) );
#5154 = PCURVE('',#1821,#5155);
#5155 = DEFINITIONAL_REPRESENTATION('',(#5156),#5160);
#5156 = LINE('',#5157,#5158);
#5157 = CARTESIAN_POINT('',(1.201171875,0.));
#5158 = VECTOR('',#5159,1.);
#5159 = DIRECTION('',(0.,-1.));
#5160 = ( GEOMETRIC_REPRESENTATION_CONTEXT(2) 
PARAMETRIC_REPRESENTATION_CONTEXT() REPRESENTATION_CONTEXT('2D SPACE',''
  ) );
#5161 = ORIENTED_EDGE('',*,*,#5162,.T.);
#5162 = EDGE_CURVE('',#5140,#5074,#5163,.T.);
#5163 = SURFACE_CURVE('',#5164,(#5168,#5175),.PCURVE_S1.);
#5164 = LINE('',#5165,#5166);
#5165 = CARTESIAN_POINT('',(9.521484375E-02,-47.17651367187,7.));
#5166 = VECTOR('',#5167,1.);
#5167 = DIRECTION('',(0.,-1.,0.));
#5168 = PCURVE('',#1849,#5169);
#5169 = DEFINITIONAL_REPRESENTATION('',(#5170),#5174);
#5170 = LINE('',#5171,#5172);
#5171 = CARTESIAN_POINT('',(0.,-3.));
#5172 = VECTOR('',#5173,1.);
#5173 = DIRECTION('',(1.,0.));
#5174 = ( GEOMETRIC_REPRESENTATION_CONTEXT(2) 
PARAMETRIC_REPRESENTATION_CONTEXT() REPRESENTATION_CONTEXT('2D SPACE',''
  ) );
#5175 = PCURVE('',#5035,#5176);
#5176 = DEFINITIONAL_REPRESENTATION('',(#5177),#5181);
#5177 = LINE('',#5178,#5179);
#5178 = CARTESIAN_POINT('',(2.18994140625,7.7783203125));
#5179 = VECTOR('',#5180,1.);
#5180 = DIRECTION('',(0.,-1.));
#5181 = ( GEOMETRIC_REPRESENTATION_CONTEXT(2) 
PARAMETRIC_REPRESENTATION_CONTEXT() REPRESENTATION_CONTEXT('2D SPACE',''
  ) );
#5182 = ORIENTED_EDGE('',*,*,#5114,.F.);
#5183 = ORIENTED_EDGE('',*,*,#1833,.F.);
#5184 = ADVANCED_FACE('',(#5185),#1821,.T.);
#5185 = FACE_BOUND('',#5186,.T.);
#5186 = EDGE_LOOP('',(#5187,#5210,#5231,#5232));
#5187 = ORIENTED_EDGE('',*,*,#5188,.T.);
#5188 = EDGE_CURVE('',#1778,#5189,#5191,.T.);
#5189 = VERTEX_POINT('',#5190);
#5190 = CARTESIAN_POINT('',(-1.10595703125,-47.17651367187,7.));
#5191 = SURFACE_CURVE('',#5192,(#5196,#5203),.PCURVE_S1.);
#5192 = LINE('',#5193,#5194);
#5193 = CARTESIAN_POINT('',(-1.10595703125,-47.17651367187,10.));
#5194 = VECTOR('',#5195,1.);
#5195 = DIRECTION('',(-0.,-0.,-1.));
#5196 = PCURVE('',#1821,#5197);
#5197 = DEFINITIONAL_REPRESENTATION('',(#5198),#5202);
#5198 = LINE('',#5199,#5200);
#5199 = CARTESIAN_POINT('',(0.,0.));
#5200 = VECTOR('',#5201,1.);
#5201 = DIRECTION('',(0.,-1.));
#5202 = ( GEOMETRIC_REPRESENTATION_CONTEXT(2) 
PARAMETRIC_REPRESENTATION_CONTEXT() REPRESENTATION_CONTEXT('2D SPACE',''
  ) );
#5203 = PCURVE('',#1793,#5204);
#5204 = DEFINITIONAL_REPRESENTATION('',(#5205),#5209);
#5205 = LINE('',#5206,#5207);
#5206 = CARTESIAN_POINT('',(10.75927734375,0.));
#5207 = VECTOR('',#5208,1.);
#5208 = DIRECTION('',(0.,-1.));
#5209 = ( GEOMETRIC_REPRESENTATION_CONTEXT(2) 
PARAMETRIC_REPRESENTATION_CONTEXT() REPRESENTATION_CONTEXT('2D SPACE',''
  ) );
#5210 = ORIENTED_EDGE('',*,*,#5211,.T.);
#5211 = EDGE_CURVE('',#5189,#5140,#5212,.T.);
#5212 = SURFACE_CURVE('',#5213,(#5217,#5224),.PCURVE_S1.);
#5213 = LINE('',#5214,#5215);
#5214 = CARTESIAN_POINT('',(-1.10595703125,-47.17651367187,7.));
#5215 = VECTOR('',#5216,1.);
#5216 = DIRECTION('',(1.,0.,0.));
#5217 = PCURVE('',#1821,#5218);
#5218 = DEFINITIONAL_REPRESENTATION('',(#5219),#5223);
#5219 = LINE('',#5220,#5221);
#5220 = CARTESIAN_POINT('',(0.,-3.));
#5221 = VECTOR('',#5222,1.);
#5222 = DIRECTION('',(1.,0.));
#5223 = ( GEOMETRIC_REPRESENTATION_CONTEXT(2) 
PARAMETRIC_REPRESENTATION_CONTEXT() REPRESENTATION_CONTEXT('2D SPACE',''
  ) );
#5224 = PCURVE('',#5035,#5225);
#5225 = DEFINITIONAL_REPRESENTATION('',(#5226),#5230);
#5226 = LINE('',#5227,#5228);
#5227 = CARTESIAN_POINT('',(0.98876953125,7.7783203125));
#5228 = VECTOR('',#5229,1.);
#5229 = DIRECTION('',(1.,0.));
#5230 = ( GEOMETRIC_REPRESENTATION_CONTEXT(2) 
PARAMETRIC_REPRESENTATION_CONTEXT() REPRESENTATION_CONTEXT('2D SPACE',''
  ) );
#5231 = ORIENTED_EDGE('',*,*,#5139,.F.);
#5232 = ORIENTED_EDGE('',*,*,#1805,.F.);
#5233 = ADVANCED_FACE('',(#5234),#1793,.T.);
#5234 = FACE_BOUND('',#5235,.T.);
#5235 = EDGE_LOOP('',(#5236,#5259,#5280,#5281));
#5236 = ORIENTED_EDGE('',*,*,#5237,.T.);
#5237 = EDGE_CURVE('',#1750,#5238,#5240,.T.);
#5238 = VERTEX_POINT('',#5239);
#5239 = CARTESIAN_POINT('',(-1.10595703125,-57.93579101562,7.));
#5240 = SURFACE_CURVE('',#5241,(#5245,#5252),.PCURVE_S1.);
#5241 = LINE('',#5242,#5243);
#5242 = CARTESIAN_POINT('',(-1.10595703125,-57.93579101562,10.));
#5243 = VECTOR('',#5244,1.);
#5244 = DIRECTION('',(-0.,-0.,-1.));
#5245 = PCURVE('',#1793,#5246);
#5246 = DEFINITIONAL_REPRESENTATION('',(#5247),#5251);
#5247 = LINE('',#5248,#5249);
#5248 = CARTESIAN_POINT('',(0.,0.));
#5249 = VECTOR('',#5250,1.);
#5250 = DIRECTION('',(0.,-1.));
#5251 = ( GEOMETRIC_REPRESENTATION_CONTEXT(2) 
PARAMETRIC_REPRESENTATION_CONTEXT() REPRESENTATION_CONTEXT('2D SPACE',''
  ) );
#5252 = PCURVE('',#1765,#5253);
#5253 = DEFINITIONAL_REPRESENTATION('',(#5254),#5258);
#5254 = LINE('',#5255,#5256);
#5255 = CARTESIAN_POINT('',(1.318359375,0.));
#5256 = VECTOR('',#5257,1.);
#5257 = DIRECTION('',(0.,-1.));
#5258 = ( GEOMETRIC_REPRESENTATION_CONTEXT(2) 
PARAMETRIC_REPRESENTATION_CONTEXT() REPRESENTATION_CONTEXT('2D SPACE',''
  ) );
#5259 = ORIENTED_EDGE('',*,*,#5260,.T.);
#5260 = EDGE_CURVE('',#5238,#5189,#5261,.T.);
#5261 = SURFACE_CURVE('',#5262,(#5266,#5273),.PCURVE_S1.);
#5262 = LINE('',#5263,#5264);
#5263 = CARTESIAN_POINT('',(-1.10595703125,-57.93579101562,7.));
#5264 = VECTOR('',#5265,1.);
#5265 = DIRECTION('',(0.,1.,0.));
#5266 = PCURVE('',#1793,#5267);
#5267 = DEFINITIONAL_REPRESENTATION('',(#5268),#5272);
#5268 = LINE('',#5269,#5270);
#5269 = CARTESIAN_POINT('',(0.,-3.));
#5270 = VECTOR('',#5271,1.);
#5271 = DIRECTION('',(1.,0.));
#5272 = ( GEOMETRIC_REPRESENTATION_CONTEXT(2) 
PARAMETRIC_REPRESENTATION_CONTEXT() REPRESENTATION_CONTEXT('2D SPACE',''
  ) );
#5273 = PCURVE('',#5035,#5274);
#5274 = DEFINITIONAL_REPRESENTATION('',(#5275),#5279);
#5275 = LINE('',#5276,#5277);
#5276 = CARTESIAN_POINT('',(0.98876953125,-2.98095703125));
#5277 = VECTOR('',#5278,1.);
#5278 = DIRECTION('',(0.,1.));
#5279 = ( GEOMETRIC_REPRESENTATION_CONTEXT(2) 
PARAMETRIC_REPRESENTATION_CONTEXT() REPRESENTATION_CONTEXT('2D SPACE',''
  ) );
#5280 = ORIENTED_EDGE('',*,*,#5188,.F.);
#5281 = ORIENTED_EDGE('',*,*,#1777,.F.);
#5282 = ADVANCED_FACE('',(#5283),#1765,.T.);
#5283 = FACE_BOUND('',#5284,.T.);
#5284 = EDGE_LOOP('',(#5285,#5286,#5307,#5308));
#5285 = ORIENTED_EDGE('',*,*,#5047,.T.);
#5286 = ORIENTED_EDGE('',*,*,#5287,.T.);
#5287 = EDGE_CURVE('',#5020,#5238,#5288,.T.);
#5288 = SURFACE_CURVE('',#5289,(#5293,#5300),.PCURVE_S1.);
#5289 = LINE('',#5290,#5291);
#5290 = CARTESIAN_POINT('',(0.21240234375,-57.93579101562,7.));
#5291 = VECTOR('',#5292,1.);
#5292 = DIRECTION('',(-1.,0.,0.));
#5293 = PCURVE('',#1765,#5294);
#5294 = DEFINITIONAL_REPRESENTATION('',(#5295),#5299);
#5295 = LINE('',#5296,#5297);
#5296 = CARTESIAN_POINT('',(0.,-3.));
#5297 = VECTOR('',#5298,1.);
#5298 = DIRECTION('',(1.,0.));
#5299 = ( GEOMETRIC_REPRESENTATION_CONTEXT(2) 
PARAMETRIC_REPRESENTATION_CONTEXT() REPRESENTATION_CONTEXT('2D SPACE',''
  ) );
#5300 = PCURVE('',#5035,#5301);
#5301 = DEFINITIONAL_REPRESENTATION('',(#5302),#5306);
#5302 = LINE('',#5303,#5304);
#5303 = CARTESIAN_POINT('',(2.30712890625,-2.98095703125));
#5304 = VECTOR('',#5305,1.);
#5305 = DIRECTION('',(-1.,0.));
#5306 = ( GEOMETRIC_REPRESENTATION_CONTEXT(2) 
PARAMETRIC_REPRESENTATION_CONTEXT() REPRESENTATION_CONTEXT('2D SPACE',''
  ) );
#5307 = ORIENTED_EDGE('',*,*,#5237,.F.);
#5308 = ORIENTED_EDGE('',*,*,#1749,.F.);
#5309 = ADVANCED_FACE('',(#5310),#1936,.T.);
#5310 = FACE_BOUND('',#5311,.T.);
#5311 = EDGE_LOOP('',(#5312,#5335,#5363,#5384));
#5312 = ORIENTED_EDGE('',*,*,#5313,.T.);
#5313 = EDGE_CURVE('',#1919,#5314,#5316,.T.);
#5314 = VERTEX_POINT('',#5315);
#5315 = CARTESIAN_POINT('',(-21.46728515625,-50.69946289062,7.));
#5316 = SURFACE_CURVE('',#5317,(#5321,#5328),.PCURVE_S1.);
#5317 = LINE('',#5318,#5319);
#5318 = CARTESIAN_POINT('',(-21.46728515625,-50.69946289062,10.));
#5319 = VECTOR('',#5320,1.);
#5320 = DIRECTION('',(-0.,-0.,-1.));
#5321 = PCURVE('',#1936,#5322);
#5322 = DEFINITIONAL_REPRESENTATION('',(#5323),#5327);
#5323 = LINE('',#5324,#5325);
#5324 = CARTESIAN_POINT('',(0.,0.));
#5325 = VECTOR('',#5326,1.);
#5326 = DIRECTION('',(0.,-1.));
#5327 = ( GEOMETRIC_REPRESENTATION_CONTEXT(2) 
PARAMETRIC_REPRESENTATION_CONTEXT() REPRESENTATION_CONTEXT('2D SPACE',''
  ) );
#5328 = PCURVE('',#2205,#5329);
#5329 = DEFINITIONAL_REPRESENTATION('',(#5330),#5334);
#5330 = LINE('',#5331,#5332);
#5331 = CARTESIAN_POINT('',(0.,0.));
#5332 = VECTOR('',#5333,1.);
#5333 = DIRECTION('',(0.,-1.));
#5334 = ( GEOMETRIC_REPRESENTATION_CONTEXT(2) 
PARAMETRIC_REPRESENTATION_CONTEXT() REPRESENTATION_CONTEXT('2D SPACE',''
  ) );
#5335 = ORIENTED_EDGE('',*,*,#5336,.T.);
#5336 = EDGE_CURVE('',#5314,#5337,#5339,.T.);
#5337 = VERTEX_POINT('',#5338);
#5338 = CARTESIAN_POINT('',(-21.46728515625,-54.95483398437,7.));
#5339 = SURFACE_CURVE('',#5340,(#5344,#5351),.PCURVE_S1.);
#5340 = LINE('',#5341,#5342);
#5341 = CARTESIAN_POINT('',(-21.46728515625,-50.69946289062,7.));
#5342 = VECTOR('',#5343,1.);
#5343 = DIRECTION('',(0.,-1.,0.));
#5344 = PCURVE('',#1936,#5345);
#5345 = DEFINITIONAL_REPRESENTATION('',(#5346),#5350);
#5346 = LINE('',#5347,#5348);
#5347 = CARTESIAN_POINT('',(0.,-3.));
#5348 = VECTOR('',#5349,1.);
#5349 = DIRECTION('',(1.,0.));
#5350 = ( GEOMETRIC_REPRESENTATION_CONTEXT(2) 
PARAMETRIC_REPRESENTATION_CONTEXT() REPRESENTATION_CONTEXT('2D SPACE',''
  ) );
#5351 = PCURVE('',#5352,#5357);
#5352 = PLANE('',#5353);
#5353 = AXIS2_PLACEMENT_3D('',#5354,#5355,#5356);
#5354 = CARTESIAN_POINT('',(-23.7744140625,-54.95483398437,7.));
#5355 = DIRECTION('',(0.,0.,1.));
#5356 = DIRECTION('',(1.,0.,0.));
#5357 = DEFINITIONAL_REPRESENTATION('',(#5358),#5362);
#5358 = LINE('',#5359,#5360);
#5359 = CARTESIAN_POINT('',(2.30712890625,4.25537109375));
#5360 = VECTOR('',#5361,1.);
#5361 = DIRECTION('',(0.,-1.));
#5362 = ( GEOMETRIC_REPRESENTATION_CONTEXT(2) 
PARAMETRIC_REPRESENTATION_CONTEXT() REPRESENTATION_CONTEXT('2D SPACE',''
  ) );
#5363 = ORIENTED_EDGE('',*,*,#5364,.F.);
#5364 = EDGE_CURVE('',#1921,#5337,#5365,.T.);
#5365 = SURFACE_CURVE('',#5366,(#5370,#5377),.PCURVE_S1.);
#5366 = LINE('',#5367,#5368);
#5367 = CARTESIAN_POINT('',(-21.46728515625,-54.95483398437,10.));
#5368 = VECTOR('',#5369,1.);
#5369 = DIRECTION('',(-0.,-0.,-1.));
#5370 = PCURVE('',#1936,#5371);
#5371 = DEFINITIONAL_REPRESENTATION('',(#5372),#5376);
#5372 = LINE('',#5373,#5374);
#5373 = CARTESIAN_POINT('',(4.25537109375,0.));
#5374 = VECTOR('',#5375,1.);
#5375 = DIRECTION('',(0.,-1.));
#5376 = ( GEOMETRIC_REPRESENTATION_CONTEXT(2) 
PARAMETRIC_REPRESENTATION_CONTEXT() REPRESENTATION_CONTEXT('2D SPACE',''
  ) );
#5377 = PCURVE('',#1964,#5378);
#5378 = DEFINITIONAL_REPRESENTATION('',(#5379),#5383);
#5379 = LINE('',#5380,#5381);
#5380 = CARTESIAN_POINT('',(0.,0.));
#5381 = VECTOR('',#5382,1.);
#5382 = DIRECTION('',(0.,-1.));
#5383 = ( GEOMETRIC_REPRESENTATION_CONTEXT(2) 
PARAMETRIC_REPRESENTATION_CONTEXT() REPRESENTATION_CONTEXT('2D SPACE',''
  ) );
#5384 = ORIENTED_EDGE('',*,*,#1918,.F.);
#5385 = ADVANCED_FACE('',(#5386),#2205,.F.);
#5386 = FACE_BOUND('',#5387,.F.);
#5387 = EDGE_LOOP('',(#5388,#5389,#5420,#5441));
#5388 = ORIENTED_EDGE('',*,*,#5313,.T.);
#5389 = ORIENTED_EDGE('',*,*,#5390,.T.);
#5390 = EDGE_CURVE('',#5314,#5391,#5393,.T.);
#5391 = VERTEX_POINT('',#5392);
#5392 = CARTESIAN_POINT('',(-17.7685546875,-50.02563476562,7.));
#5393 = SURFACE_CURVE('',#5394,(#5402,#5409),.PCURVE_S1.);
#5394 = B_SPLINE_CURVE_WITH_KNOTS('',2,(#5395,#5396,#5397,#5398,#5399,
    #5400,#5401),.UNSPECIFIED.,.F.,.F.,(3,1,1,1,1,3),(0.,1.,2.,3.,4.3375
    ,5.675),.UNSPECIFIED.);
#5395 = CARTESIAN_POINT('',(-21.46728515625,-50.69946289062,7.));
#5396 = CARTESIAN_POINT('',(-21.46728515625,-49.78393554687,7.));
#5397 = CARTESIAN_POINT('',(-21.02783203125,-48.74389648437,7.));
#5398 = CARTESIAN_POINT('',(-19.9951171875,-48.13598632812,7.));
#5399 = CARTESIAN_POINT('',(-18.62548828125,-48.13598632812,7.));
#5400 = CARTESIAN_POINT('',(-17.7685546875,-49.03686523437,7.));
#5401 = CARTESIAN_POINT('',(-17.7685546875,-50.02563476562,7.));
#5402 = PCURVE('',#2205,#5403);
#5403 = DEFINITIONAL_REPRESENTATION('',(#5404),#5408);
#5404 = LINE('',#5405,#5406);
#5405 = CARTESIAN_POINT('',(0.,-3.));
#5406 = VECTOR('',#5407,1.);
#5407 = DIRECTION('',(1.,0.));
#5408 = ( GEOMETRIC_REPRESENTATION_CONTEXT(2) 
PARAMETRIC_REPRESENTATION_CONTEXT() REPRESENTATION_CONTEXT('2D SPACE',''
  ) );
#5409 = PCURVE('',#5352,#5410);
#5410 = DEFINITIONAL_REPRESENTATION('',(#5411),#5419);
#5411 = B_SPLINE_CURVE_WITH_KNOTS('',2,(#5412,#5413,#5414,#5415,#5416,
    #5417,#5418),.UNSPECIFIED.,.F.,.F.,(3,1,1,1,1,3),(0.,1.,2.,3.,4.3375
    ,5.675),.UNSPECIFIED.);
#5412 = CARTESIAN_POINT('',(2.30712890625,4.25537109375));
#5413 = CARTESIAN_POINT('',(2.30712890625,5.1708984375));
#5414 = CARTESIAN_POINT('',(2.74658203125,6.2109375));
#5415 = CARTESIAN_POINT('',(3.779296875,6.81884765625));
#5416 = CARTESIAN_POINT('',(5.14892578125,6.81884765625));
#5417 = CARTESIAN_POINT('',(6.005859375,5.91796875));
#5418 = CARTESIAN_POINT('',(6.005859375,4.92919921875));
#5419 = ( GEOMETRIC_REPRESENTATION_CONTEXT(2) 
PARAMETRIC_REPRESENTATION_CONTEXT() REPRESENTATION_CONTEXT('2D SPACE',''
  ) );
#5420 = ORIENTED_EDGE('',*,*,#5421,.F.);
#5421 = EDGE_CURVE('',#2156,#5391,#5422,.T.);
#5422 = SURFACE_CURVE('',#5423,(#5427,#5434),.PCURVE_S1.);
#5423 = LINE('',#5424,#5425);
#5424 = CARTESIAN_POINT('',(-17.7685546875,-50.02563476562,10.));
#5425 = VECTOR('',#5426,1.);
#5426 = DIRECTION('',(-0.,-0.,-1.));
#5427 = PCURVE('',#2205,#5428);
#5428 = DEFINITIONAL_REPRESENTATION('',(#5429),#5433);
#5429 = LINE('',#5430,#5431);
#5430 = CARTESIAN_POINT('',(5.675,0.));
#5431 = VECTOR('',#5432,1.);
#5432 = DIRECTION('',(0.,-1.));
#5433 = ( GEOMETRIC_REPRESENTATION_CONTEXT(2) 
PARAMETRIC_REPRESENTATION_CONTEXT() REPRESENTATION_CONTEXT('2D SPACE',''
  ) );
#5434 = PCURVE('',#2171,#5435);
#5435 = DEFINITIONAL_REPRESENTATION('',(#5436),#5440);
#5436 = LINE('',#5437,#5438);
#5437 = CARTESIAN_POINT('',(4.92919921875,0.));
#5438 = VECTOR('',#5439,1.);
#5439 = DIRECTION('',(0.,-1.));
#5440 = ( GEOMETRIC_REPRESENTATION_CONTEXT(2) 
PARAMETRIC_REPRESENTATION_CONTEXT() REPRESENTATION_CONTEXT('2D SPACE',''
  ) );
#5441 = ORIENTED_EDGE('',*,*,#2183,.F.);
#5442 = ADVANCED_FACE('',(#5443),#2171,.T.);
#5443 = FACE_BOUND('',#5444,.T.);
#5444 = EDGE_LOOP('',(#5445,#5468,#5489,#5490));
#5445 = ORIENTED_EDGE('',*,*,#5446,.T.);
#5446 = EDGE_CURVE('',#2128,#5447,#5449,.T.);
#5447 = VERTEX_POINT('',#5448);
#5448 = CARTESIAN_POINT('',(-17.7685546875,-54.95483398437,7.));
#5449 = SURFACE_CURVE('',#5450,(#5454,#5461),.PCURVE_S1.);
#5450 = LINE('',#5451,#5452);
#5451 = CARTESIAN_POINT('',(-17.7685546875,-54.95483398437,10.));
#5452 = VECTOR('',#5453,1.);
#5453 = DIRECTION('',(-0.,-0.,-1.));
#5454 = PCURVE('',#2171,#5455);
#5455 = DEFINITIONAL_REPRESENTATION('',(#5456),#5460);
#5456 = LINE('',#5457,#5458);
#5457 = CARTESIAN_POINT('',(0.,0.));
#5458 = VECTOR('',#5459,1.);
#5459 = DIRECTION('',(0.,-1.));
#5460 = ( GEOMETRIC_REPRESENTATION_CONTEXT(2) 
PARAMETRIC_REPRESENTATION_CONTEXT() REPRESENTATION_CONTEXT('2D SPACE',''
  ) );
#5461 = PCURVE('',#2143,#5462);
#5462 = DEFINITIONAL_REPRESENTATION('',(#5463),#5467);
#5463 = LINE('',#5464,#5465);
#5464 = CARTESIAN_POINT('',(1.318359375,0.));
#5465 = VECTOR('',#5466,1.);
#5466 = DIRECTION('',(0.,-1.));
#5467 = ( GEOMETRIC_REPRESENTATION_CONTEXT(2) 
PARAMETRIC_REPRESENTATION_CONTEXT() REPRESENTATION_CONTEXT('2D SPACE',''
  ) );
#5468 = ORIENTED_EDGE('',*,*,#5469,.T.);
#5469 = EDGE_CURVE('',#5447,#5391,#5470,.T.);
#5470 = SURFACE_CURVE('',#5471,(#5475,#5482),.PCURVE_S1.);
#5471 = LINE('',#5472,#5473);
#5472 = CARTESIAN_POINT('',(-17.7685546875,-54.95483398437,7.));
#5473 = VECTOR('',#5474,1.);
#5474 = DIRECTION('',(0.,1.,0.));
#5475 = PCURVE('',#2171,#5476);
#5476 = DEFINITIONAL_REPRESENTATION('',(#5477),#5481);
#5477 = LINE('',#5478,#5479);
#5478 = CARTESIAN_POINT('',(0.,-3.));
#5479 = VECTOR('',#5480,1.);
#5480 = DIRECTION('',(1.,0.));
#5481 = ( GEOMETRIC_REPRESENTATION_CONTEXT(2) 
PARAMETRIC_REPRESENTATION_CONTEXT() REPRESENTATION_CONTEXT('2D SPACE',''
  ) );
#5482 = PCURVE('',#5352,#5483);
#5483 = DEFINITIONAL_REPRESENTATION('',(#5484),#5488);
#5484 = LINE('',#5485,#5486);
#5485 = CARTESIAN_POINT('',(6.005859375,0.));
#5486 = VECTOR('',#5487,1.);
#5487 = DIRECTION('',(0.,1.));
#5488 = ( GEOMETRIC_REPRESENTATION_CONTEXT(2) 
PARAMETRIC_REPRESENTATION_CONTEXT() REPRESENTATION_CONTEXT('2D SPACE',''
  ) );
#5489 = ORIENTED_EDGE('',*,*,#5421,.F.);
#5490 = ORIENTED_EDGE('',*,*,#2155,.F.);
#5491 = ADVANCED_FACE('',(#5492),#2143,.T.);
#5492 = FACE_BOUND('',#5493,.T.);
#5493 = EDGE_LOOP('',(#5494,#5517,#5538,#5539));
#5494 = ORIENTED_EDGE('',*,*,#5495,.T.);
#5495 = EDGE_CURVE('',#2100,#5496,#5498,.T.);
#5496 = VERTEX_POINT('',#5497);
#5497 = CARTESIAN_POINT('',(-16.4501953125,-54.95483398437,7.));
#5498 = SURFACE_CURVE('',#5499,(#5503,#5510),.PCURVE_S1.);
#5499 = LINE('',#5500,#5501);
#5500 = CARTESIAN_POINT('',(-16.4501953125,-54.95483398437,10.));
#5501 = VECTOR('',#5502,1.);
#5502 = DIRECTION('',(-0.,-0.,-1.));
#5503 = PCURVE('',#2143,#5504);
#5504 = DEFINITIONAL_REPRESENTATION('',(#5505),#5509);
#5505 = LINE('',#5506,#5507);
#5506 = CARTESIAN_POINT('',(0.,0.));
#5507 = VECTOR('',#5508,1.);
#5508 = DIRECTION('',(0.,-1.));
#5509 = ( GEOMETRIC_REPRESENTATION_CONTEXT(2) 
PARAMETRIC_REPRESENTATION_CONTEXT() REPRESENTATION_CONTEXT('2D SPACE',''
  ) );
#5510 = PCURVE('',#2115,#5511);
#5511 = DEFINITIONAL_REPRESENTATION('',(#5512),#5516);
#5512 = LINE('',#5513,#5514);
#5513 = CARTESIAN_POINT('',(4.92919921875,0.));
#5514 = VECTOR('',#5515,1.);
#5515 = DIRECTION('',(0.,-1.));
#5516 = ( GEOMETRIC_REPRESENTATION_CONTEXT(2) 
PARAMETRIC_REPRESENTATION_CONTEXT() REPRESENTATION_CONTEXT('2D SPACE',''
  ) );
#5517 = ORIENTED_EDGE('',*,*,#5518,.T.);
#5518 = EDGE_CURVE('',#5496,#5447,#5519,.T.);
#5519 = SURFACE_CURVE('',#5520,(#5524,#5531),.PCURVE_S1.);
#5520 = LINE('',#5521,#5522);
#5521 = CARTESIAN_POINT('',(-16.4501953125,-54.95483398437,7.));
#5522 = VECTOR('',#5523,1.);
#5523 = DIRECTION('',(-1.,0.,0.));
#5524 = PCURVE('',#2143,#5525);
#5525 = DEFINITIONAL_REPRESENTATION('',(#5526),#5530);
#5526 = LINE('',#5527,#5528);
#5527 = CARTESIAN_POINT('',(0.,-3.));
#5528 = VECTOR('',#5529,1.);
#5529 = DIRECTION('',(1.,0.));
#5530 = ( GEOMETRIC_REPRESENTATION_CONTEXT(2) 
PARAMETRIC_REPRESENTATION_CONTEXT() REPRESENTATION_CONTEXT('2D SPACE',''
  ) );
#5531 = PCURVE('',#5352,#5532);
#5532 = DEFINITIONAL_REPRESENTATION('',(#5533),#5537);
#5533 = LINE('',#5534,#5535);
#5534 = CARTESIAN_POINT('',(7.32421875,0.));
#5535 = VECTOR('',#5536,1.);
#5536 = DIRECTION('',(-1.,0.));
#5537 = ( GEOMETRIC_REPRESENTATION_CONTEXT(2) 
PARAMETRIC_REPRESENTATION_CONTEXT() REPRESENTATION_CONTEXT('2D SPACE',''
  ) );
#5538 = ORIENTED_EDGE('',*,*,#5446,.F.);
#5539 = ORIENTED_EDGE('',*,*,#2127,.F.);
#5540 = ADVANCED_FACE('',(#5541),#2115,.T.);
#5541 = FACE_BOUND('',#5542,.T.);
#5542 = EDGE_LOOP('',(#5543,#5566,#5587,#5588));
#5543 = ORIENTED_EDGE('',*,*,#5544,.T.);
#5544 = EDGE_CURVE('',#2061,#5545,#5547,.T.);
#5545 = VERTEX_POINT('',#5546);
#5546 = CARTESIAN_POINT('',(-16.4501953125,-50.02563476562,7.));
#5547 = SURFACE_CURVE('',#5548,(#5552,#5559),.PCURVE_S1.);
#5548 = LINE('',#5549,#5550);
#5549 = CARTESIAN_POINT('',(-16.4501953125,-50.02563476562,10.));
#5550 = VECTOR('',#5551,1.);
#5551 = DIRECTION('',(-0.,-0.,-1.));
#5552 = PCURVE('',#2115,#5553);
#5553 = DEFINITIONAL_REPRESENTATION('',(#5554),#5558);
#5554 = LINE('',#5555,#5556);
#5555 = CARTESIAN_POINT('',(0.,0.));
#5556 = VECTOR('',#5557,1.);
#5557 = DIRECTION('',(0.,-1.));
#5558 = ( GEOMETRIC_REPRESENTATION_CONTEXT(2) 
PARAMETRIC_REPRESENTATION_CONTEXT() REPRESENTATION_CONTEXT('2D SPACE',''
  ) );
#5559 = PCURVE('',#2082,#5560);
#5560 = DEFINITIONAL_REPRESENTATION('',(#5561),#5565);
#5561 = LINE('',#5562,#5563);
#5562 = CARTESIAN_POINT('',(0.,0.));
#5563 = VECTOR('',#5564,1.);
#5564 = DIRECTION('',(0.,-1.));
#5565 = ( GEOMETRIC_REPRESENTATION_CONTEXT(2) 
PARAMETRIC_REPRESENTATION_CONTEXT() REPRESENTATION_CONTEXT('2D SPACE',''
  ) );
#5566 = ORIENTED_EDGE('',*,*,#5567,.T.);
#5567 = EDGE_CURVE('',#5545,#5496,#5568,.T.);
#5568 = SURFACE_CURVE('',#5569,(#5573,#5580),.PCURVE_S1.);
#5569 = LINE('',#5570,#5571);
#5570 = CARTESIAN_POINT('',(-16.4501953125,-50.02563476562,7.));
#5571 = VECTOR('',#5572,1.);
#5572 = DIRECTION('',(0.,-1.,0.));
#5573 = PCURVE('',#2115,#5574);
#5574 = DEFINITIONAL_REPRESENTATION('',(#5575),#5579);
#5575 = LINE('',#5576,#5577);
#5576 = CARTESIAN_POINT('',(0.,-3.));
#5577 = VECTOR('',#5578,1.);
#5578 = DIRECTION('',(1.,0.));
#5579 = ( GEOMETRIC_REPRESENTATION_CONTEXT(2) 
PARAMETRIC_REPRESENTATION_CONTEXT() REPRESENTATION_CONTEXT('2D SPACE',''
  ) );
#5580 = PCURVE('',#5352,#5581);
#5581 = DEFINITIONAL_REPRESENTATION('',(#5582),#5586);
#5582 = LINE('',#5583,#5584);
#5583 = CARTESIAN_POINT('',(7.32421875,4.92919921875));
#5584 = VECTOR('',#5585,1.);
#5585 = DIRECTION('',(0.,-1.));
#5586 = ( GEOMETRIC_REPRESENTATION_CONTEXT(2) 
PARAMETRIC_REPRESENTATION_CONTEXT() REPRESENTATION_CONTEXT('2D SPACE',''
  ) );
#5587 = ORIENTED_EDGE('',*,*,#5495,.F.);
#5588 = ORIENTED_EDGE('',*,*,#2099,.F.);
#5589 = ADVANCED_FACE('',(#5590),#2082,.F.);
#5590 = FACE_BOUND('',#5591,.F.);
#5591 = EDGE_LOOP('',(#5592,#5593,#5622,#5643));
#5592 = ORIENTED_EDGE('',*,*,#5544,.T.);
#5593 = ORIENTED_EDGE('',*,*,#5594,.T.);
#5594 = EDGE_CURVE('',#5545,#5595,#5597,.T.);
#5595 = VERTEX_POINT('',#5596);
#5596 = CARTESIAN_POINT('',(-21.46728515625,-48.07006835937,7.));
#5597 = SURFACE_CURVE('',#5598,(#5605,#5612),.PCURVE_S1.);
#5598 = B_SPLINE_CURVE_WITH_KNOTS('',2,(#5599,#5600,#5601,#5602,#5603,
    #5604),.UNSPECIFIED.,.F.,.F.,(3,1,1,1,3),(0.,1.,2.,3.,4.627118644068
    ),.UNSPECIFIED.);
#5599 = CARTESIAN_POINT('',(-16.4501953125,-50.02563476562,7.));
#5600 = CARTESIAN_POINT('',(-16.4501953125,-48.88305664062,7.));
#5601 = CARTESIAN_POINT('',(-16.99951171875,-47.68188476562,7.));
#5602 = CARTESIAN_POINT('',(-18.27392578125,-47.00073242187,7.));
#5603 = CARTESIAN_POINT('',(-20.54443359375,-47.00073242187,7.));
#5604 = CARTESIAN_POINT('',(-21.46728515625,-48.07006835937,7.));
#5605 = PCURVE('',#2082,#5606);
#5606 = DEFINITIONAL_REPRESENTATION('',(#5607),#5611);
#5607 = LINE('',#5608,#5609);
#5608 = CARTESIAN_POINT('',(0.,-3.));
#5609 = VECTOR('',#5610,1.);
#5610 = DIRECTION('',(1.,0.));
#5611 = ( GEOMETRIC_REPRESENTATION_CONTEXT(2) 
PARAMETRIC_REPRESENTATION_CONTEXT() REPRESENTATION_CONTEXT('2D SPACE',''
  ) );
#5612 = PCURVE('',#5352,#5613);
#5613 = DEFINITIONAL_REPRESENTATION('',(#5614),#5621);
#5614 = B_SPLINE_CURVE_WITH_KNOTS('',2,(#5615,#5616,#5617,#5618,#5619,
    #5620),.UNSPECIFIED.,.F.,.F.,(3,1,1,1,3),(0.,1.,2.,3.,4.627118644068
    ),.UNSPECIFIED.);
#5615 = CARTESIAN_POINT('',(7.32421875,4.92919921875));
#5616 = CARTESIAN_POINT('',(7.32421875,6.07177734375));
#5617 = CARTESIAN_POINT('',(6.77490234375,7.27294921875));
#5618 = CARTESIAN_POINT('',(5.50048828125,7.9541015625));
#5619 = CARTESIAN_POINT('',(3.22998046875,7.9541015625));
#5620 = CARTESIAN_POINT('',(2.30712890625,6.884765625));
#5621 = ( GEOMETRIC_REPRESENTATION_CONTEXT(2) 
PARAMETRIC_REPRESENTATION_CONTEXT() REPRESENTATION_CONTEXT('2D SPACE',''
  ) );
#5622 = ORIENTED_EDGE('',*,*,#5623,.F.);
#5623 = EDGE_CURVE('',#2033,#5595,#5624,.T.);
#5624 = SURFACE_CURVE('',#5625,(#5629,#5636),.PCURVE_S1.);
#5625 = LINE('',#5626,#5627);
#5626 = CARTESIAN_POINT('',(-21.46728515625,-48.07006835937,10.));
#5627 = VECTOR('',#5628,1.);
#5628 = DIRECTION('',(-0.,-0.,-1.));
#5629 = PCURVE('',#2082,#5630);
#5630 = DEFINITIONAL_REPRESENTATION('',(#5631),#5635);
#5631 = LINE('',#5632,#5633);
#5632 = CARTESIAN_POINT('',(4.627118644068,0.));
#5633 = VECTOR('',#5634,1.);
#5634 = DIRECTION('',(0.,-1.));
#5635 = ( GEOMETRIC_REPRESENTATION_CONTEXT(2) 
PARAMETRIC_REPRESENTATION_CONTEXT() REPRESENTATION_CONTEXT('2D SPACE',''
  ) );
#5636 = PCURVE('',#2048,#5637);
#5637 = DEFINITIONAL_REPRESENTATION('',(#5638),#5642);
#5638 = LINE('',#5639,#5640);
#5639 = CARTESIAN_POINT('',(3.8525390625,0.));
#5640 = VECTOR('',#5641,1.);
#5641 = DIRECTION('',(0.,-1.));
#5642 = ( GEOMETRIC_REPRESENTATION_CONTEXT(2) 
PARAMETRIC_REPRESENTATION_CONTEXT() REPRESENTATION_CONTEXT('2D SPACE',''
  ) );
#5643 = ORIENTED_EDGE('',*,*,#2060,.F.);
#5644 = ADVANCED_FACE('',(#5645),#2048,.T.);
#5645 = FACE_BOUND('',#5646,.T.);
#5646 = EDGE_LOOP('',(#5647,#5670,#5691,#5692));
#5647 = ORIENTED_EDGE('',*,*,#5648,.T.);
#5648 = EDGE_CURVE('',#2005,#5649,#5651,.T.);
#5649 = VERTEX_POINT('',#5650);
#5650 = CARTESIAN_POINT('',(-21.46728515625,-44.21752929687,7.));
#5651 = SURFACE_CURVE('',#5652,(#5656,#5663),.PCURVE_S1.);
#5652 = LINE('',#5653,#5654);
#5653 = CARTESIAN_POINT('',(-21.46728515625,-44.21752929687,10.));
#5654 = VECTOR('',#5655,1.);
#5655 = DIRECTION('',(-0.,-0.,-1.));
#5656 = PCURVE('',#2048,#5657);
#5657 = DEFINITIONAL_REPRESENTATION('',(#5658),#5662);
#5658 = LINE('',#5659,#5660);
#5659 = CARTESIAN_POINT('',(0.,0.));
#5660 = VECTOR('',#5661,1.);
#5661 = DIRECTION('',(0.,-1.));
#5662 = ( GEOMETRIC_REPRESENTATION_CONTEXT(2) 
PARAMETRIC_REPRESENTATION_CONTEXT() REPRESENTATION_CONTEXT('2D SPACE',''
  ) );
#5663 = PCURVE('',#2020,#5664);
#5664 = DEFINITIONAL_REPRESENTATION('',(#5665),#5669);
#5665 = LINE('',#5666,#5667);
#5666 = CARTESIAN_POINT('',(1.318359375,0.));
#5667 = VECTOR('',#5668,1.);
#5668 = DIRECTION('',(0.,-1.));
#5669 = ( GEOMETRIC_REPRESENTATION_CONTEXT(2) 
PARAMETRIC_REPRESENTATION_CONTEXT() REPRESENTATION_CONTEXT('2D SPACE',''
  ) );
#5670 = ORIENTED_EDGE('',*,*,#5671,.T.);
#5671 = EDGE_CURVE('',#5649,#5595,#5672,.T.);
#5672 = SURFACE_CURVE('',#5673,(#5677,#5684),.PCURVE_S1.);
#5673 = LINE('',#5674,#5675);
#5674 = CARTESIAN_POINT('',(-21.46728515625,-44.21752929687,7.));
#5675 = VECTOR('',#5676,1.);
#5676 = DIRECTION('',(0.,-1.,0.));
#5677 = PCURVE('',#2048,#5678);
#5678 = DEFINITIONAL_REPRESENTATION('',(#5679),#5683);
#5679 = LINE('',#5680,#5681);
#5680 = CARTESIAN_POINT('',(0.,-3.));
#5681 = VECTOR('',#5682,1.);
#5682 = DIRECTION('',(1.,0.));
#5683 = ( GEOMETRIC_REPRESENTATION_CONTEXT(2) 
PARAMETRIC_REPRESENTATION_CONTEXT() REPRESENTATION_CONTEXT('2D SPACE',''
  ) );
#5684 = PCURVE('',#5352,#5685);
#5685 = DEFINITIONAL_REPRESENTATION('',(#5686),#5690);
#5686 = LINE('',#5687,#5688);
#5687 = CARTESIAN_POINT('',(2.30712890625,10.7373046875));
#5688 = VECTOR('',#5689,1.);
#5689 = DIRECTION('',(0.,-1.));
#5690 = ( GEOMETRIC_REPRESENTATION_CONTEXT(2) 
PARAMETRIC_REPRESENTATION_CONTEXT() REPRESENTATION_CONTEXT('2D SPACE',''
  ) );
#5691 = ORIENTED_EDGE('',*,*,#5623,.F.);
#5692 = ORIENTED_EDGE('',*,*,#2032,.F.);
#5693 = ADVANCED_FACE('',(#5694),#2020,.T.);
#5694 = FACE_BOUND('',#5695,.T.);
#5695 = EDGE_LOOP('',(#5696,#5719,#5740,#5741));
#5696 = ORIENTED_EDGE('',*,*,#5697,.T.);
#5697 = EDGE_CURVE('',#1977,#5698,#5700,.T.);
#5698 = VERTEX_POINT('',#5699);
#5699 = CARTESIAN_POINT('',(-22.78564453125,-44.21752929687,7.));
#5700 = SURFACE_CURVE('',#5701,(#5705,#5712),.PCURVE_S1.);
#5701 = LINE('',#5702,#5703);
#5702 = CARTESIAN_POINT('',(-22.78564453125,-44.21752929687,10.));
#5703 = VECTOR('',#5704,1.);
#5704 = DIRECTION('',(-0.,-0.,-1.));
#5705 = PCURVE('',#2020,#5706);
#5706 = DEFINITIONAL_REPRESENTATION('',(#5707),#5711);
#5707 = LINE('',#5708,#5709);
#5708 = CARTESIAN_POINT('',(0.,0.));
#5709 = VECTOR('',#5710,1.);
#5710 = DIRECTION('',(0.,-1.));
#5711 = ( GEOMETRIC_REPRESENTATION_CONTEXT(2) 
PARAMETRIC_REPRESENTATION_CONTEXT() REPRESENTATION_CONTEXT('2D SPACE',''
  ) );
#5712 = PCURVE('',#1992,#5713);
#5713 = DEFINITIONAL_REPRESENTATION('',(#5714),#5718);
#5714 = LINE('',#5715,#5716);
#5715 = CARTESIAN_POINT('',(10.7373046875,0.));
#5716 = VECTOR('',#5717,1.);
#5717 = DIRECTION('',(0.,-1.));
#5718 = ( GEOMETRIC_REPRESENTATION_CONTEXT(2) 
PARAMETRIC_REPRESENTATION_CONTEXT() REPRESENTATION_CONTEXT('2D SPACE',''
  ) );
#5719 = ORIENTED_EDGE('',*,*,#5720,.T.);
#5720 = EDGE_CURVE('',#5698,#5649,#5721,.T.);
#5721 = SURFACE_CURVE('',#5722,(#5726,#5733),.PCURVE_S1.);
#5722 = LINE('',#5723,#5724);
#5723 = CARTESIAN_POINT('',(-22.78564453125,-44.21752929687,7.));
#5724 = VECTOR('',#5725,1.);
#5725 = DIRECTION('',(1.,0.,0.));
#5726 = PCURVE('',#2020,#5727);
#5727 = DEFINITIONAL_REPRESENTATION('',(#5728),#5732);
#5728 = LINE('',#5729,#5730);
#5729 = CARTESIAN_POINT('',(0.,-3.));
#5730 = VECTOR('',#5731,1.);
#5731 = DIRECTION('',(1.,0.));
#5732 = ( GEOMETRIC_REPRESENTATION_CONTEXT(2) 
PARAMETRIC_REPRESENTATION_CONTEXT() REPRESENTATION_CONTEXT('2D SPACE',''
  ) );
#5733 = PCURVE('',#5352,#5734);
#5734 = DEFINITIONAL_REPRESENTATION('',(#5735),#5739);
#5735 = LINE('',#5736,#5737);
#5736 = CARTESIAN_POINT('',(0.98876953125,10.7373046875));
#5737 = VECTOR('',#5738,1.);
#5738 = DIRECTION('',(1.,0.));
#5739 = ( GEOMETRIC_REPRESENTATION_CONTEXT(2) 
PARAMETRIC_REPRESENTATION_CONTEXT() REPRESENTATION_CONTEXT('2D SPACE',''
  ) );
#5740 = ORIENTED_EDGE('',*,*,#5648,.F.);
#5741 = ORIENTED_EDGE('',*,*,#2004,.F.);
#5742 = ADVANCED_FACE('',(#5743),#1992,.T.);
#5743 = FACE_BOUND('',#5744,.T.);
#5744 = EDGE_LOOP('',(#5745,#5768,#5789,#5790));
#5745 = ORIENTED_EDGE('',*,*,#5746,.T.);
#5746 = EDGE_CURVE('',#1949,#5747,#5749,.T.);
#5747 = VERTEX_POINT('',#5748);
#5748 = CARTESIAN_POINT('',(-22.78564453125,-54.95483398437,7.));
#5749 = SURFACE_CURVE('',#5750,(#5754,#5761),.PCURVE_S1.);
#5750 = LINE('',#5751,#5752);
#5751 = CARTESIAN_POINT('',(-22.78564453125,-54.95483398437,10.));
#5752 = VECTOR('',#5753,1.);
#5753 = DIRECTION('',(-0.,-0.,-1.));
#5754 = PCURVE('',#1992,#5755);
#5755 = DEFINITIONAL_REPRESENTATION('',(#5756),#5760);
#5756 = LINE('',#5757,#5758);
#5757 = CARTESIAN_POINT('',(0.,0.));
#5758 = VECTOR('',#5759,1.);
#5759 = DIRECTION('',(0.,-1.));
#5760 = ( GEOMETRIC_REPRESENTATION_CONTEXT(2) 
PARAMETRIC_REPRESENTATION_CONTEXT() REPRESENTATION_CONTEXT('2D SPACE',''
  ) );
#5761 = PCURVE('',#1964,#5762);
#5762 = DEFINITIONAL_REPRESENTATION('',(#5763),#5767);
#5763 = LINE('',#5764,#5765);
#5764 = CARTESIAN_POINT('',(1.318359375,0.));
#5765 = VECTOR('',#5766,1.);
#5766 = DIRECTION('',(0.,-1.));
#5767 = ( GEOMETRIC_REPRESENTATION_CONTEXT(2) 
PARAMETRIC_REPRESENTATION_CONTEXT() REPRESENTATION_CONTEXT('2D SPACE',''
  ) );
#5768 = ORIENTED_EDGE('',*,*,#5769,.T.);
#5769 = EDGE_CURVE('',#5747,#5698,#5770,.T.);
#5770 = SURFACE_CURVE('',#5771,(#5775,#5782),.PCURVE_S1.);
#5771 = LINE('',#5772,#5773);
#5772 = CARTESIAN_POINT('',(-22.78564453125,-54.95483398437,7.));
#5773 = VECTOR('',#5774,1.);
#5774 = DIRECTION('',(0.,1.,0.));
#5775 = PCURVE('',#1992,#5776);
#5776 = DEFINITIONAL_REPRESENTATION('',(#5777),#5781);
#5777 = LINE('',#5778,#5779);
#5778 = CARTESIAN_POINT('',(0.,-3.));
#5779 = VECTOR('',#5780,1.);
#5780 = DIRECTION('',(1.,0.));
#5781 = ( GEOMETRIC_REPRESENTATION_CONTEXT(2) 
PARAMETRIC_REPRESENTATION_CONTEXT() REPRESENTATION_CONTEXT('2D SPACE',''
  ) );
#5782 = PCURVE('',#5352,#5783);
#5783 = DEFINITIONAL_REPRESENTATION('',(#5784),#5788);
#5784 = LINE('',#5785,#5786);
#5785 = CARTESIAN_POINT('',(0.98876953125,0.));
#5786 = VECTOR('',#5787,1.);
#5787 = DIRECTION('',(0.,1.));
#5788 = ( GEOMETRIC_REPRESENTATION_CONTEXT(2) 
PARAMETRIC_REPRESENTATION_CONTEXT() REPRESENTATION_CONTEXT('2D SPACE',''
  ) );
#5789 = ORIENTED_EDGE('',*,*,#5697,.F.);
#5790 = ORIENTED_EDGE('',*,*,#1976,.F.);
#5791 = ADVANCED_FACE('',(#5792),#1964,.T.);
#5792 = FACE_BOUND('',#5793,.T.);
#5793 = EDGE_LOOP('',(#5794,#5795,#5816,#5817));
#5794 = ORIENTED_EDGE('',*,*,#5364,.T.);
#5795 = ORIENTED_EDGE('',*,*,#5796,.T.);
#5796 = EDGE_CURVE('',#5337,#5747,#5797,.T.);
#5797 = SURFACE_CURVE('',#5798,(#5802,#5809),.PCURVE_S1.);
#5798 = LINE('',#5799,#5800);
#5799 = CARTESIAN_POINT('',(-21.46728515625,-54.95483398437,7.));
#5800 = VECTOR('',#5801,1.);
#5801 = DIRECTION('',(-1.,0.,0.));
#5802 = PCURVE('',#1964,#5803);
#5803 = DEFINITIONAL_REPRESENTATION('',(#5804),#5808);
#5804 = LINE('',#5805,#5806);
#5805 = CARTESIAN_POINT('',(0.,-3.));
#5806 = VECTOR('',#5807,1.);
#5807 = DIRECTION('',(1.,0.));
#5808 = ( GEOMETRIC_REPRESENTATION_CONTEXT(2) 
PARAMETRIC_REPRESENTATION_CONTEXT() REPRESENTATION_CONTEXT('2D SPACE',''
  ) );
#5809 = PCURVE('',#5352,#5810);
#5810 = DEFINITIONAL_REPRESENTATION('',(#5811),#5815);
#5811 = LINE('',#5812,#5813);
#5812 = CARTESIAN_POINT('',(2.30712890625,0.));
#5813 = VECTOR('',#5814,1.);
#5814 = DIRECTION('',(-1.,0.));
#5815 = ( GEOMETRIC_REPRESENTATION_CONTEXT(2) 
PARAMETRIC_REPRESENTATION_CONTEXT() REPRESENTATION_CONTEXT('2D SPACE',''
  ) );
#5816 = ORIENTED_EDGE('',*,*,#5746,.F.);
#5817 = ORIENTED_EDGE('',*,*,#1948,.F.);
#5818 = ADVANCED_FACE('',(#5819),#2243,.T.);
#5819 = FACE_BOUND('',#5820,.T.);
#5820 = EDGE_LOOP('',(#5821,#5844,#5872,#5893));
#5821 = ORIENTED_EDGE('',*,*,#5822,.T.);
#5822 = EDGE_CURVE('',#2226,#5823,#5825,.T.);
#5823 = VERTEX_POINT('',#5824);
#5824 = CARTESIAN_POINT('',(-4.79736328125,-50.88256835937,7.));
#5825 = SURFACE_CURVE('',#5826,(#5830,#5837),.PCURVE_S1.);
#5826 = LINE('',#5827,#5828);
#5827 = CARTESIAN_POINT('',(-4.79736328125,-50.88256835937,10.));
#5828 = VECTOR('',#5829,1.);
#5829 = DIRECTION('',(-0.,-0.,-1.));
#5830 = PCURVE('',#2243,#5831);
#5831 = DEFINITIONAL_REPRESENTATION('',(#5832),#5836);
#5832 = LINE('',#5833,#5834);
#5833 = CARTESIAN_POINT('',(0.,0.));
#5834 = VECTOR('',#5835,1.);
#5835 = DIRECTION('',(0.,-1.));
#5836 = ( GEOMETRIC_REPRESENTATION_CONTEXT(2) 
PARAMETRIC_REPRESENTATION_CONTEXT() REPRESENTATION_CONTEXT('2D SPACE',''
  ) );
#5837 = PCURVE('',#2481,#5838);
#5838 = DEFINITIONAL_REPRESENTATION('',(#5839),#5843);
#5839 = LINE('',#5840,#5841);
#5840 = CARTESIAN_POINT('',(1.,0.));
#5841 = VECTOR('',#5842,1.);
#5842 = DIRECTION('',(0.,-1.));
#5843 = ( GEOMETRIC_REPRESENTATION_CONTEXT(2) 
PARAMETRIC_REPRESENTATION_CONTEXT() REPRESENTATION_CONTEXT('2D SPACE',''
  ) );
#5844 = ORIENTED_EDGE('',*,*,#5845,.T.);
#5845 = EDGE_CURVE('',#5823,#5846,#5848,.T.);
#5846 = VERTEX_POINT('',#5847);
#5847 = CARTESIAN_POINT('',(-4.79736328125,-54.95483398437,7.));
#5848 = SURFACE_CURVE('',#5849,(#5853,#5860),.PCURVE_S1.);
#5849 = LINE('',#5850,#5851);
#5850 = CARTESIAN_POINT('',(-4.79736328125,-50.88256835937,7.));
#5851 = VECTOR('',#5852,1.);
#5852 = DIRECTION('',(0.,-1.,0.));
#5853 = PCURVE('',#2243,#5854);
#5854 = DEFINITIONAL_REPRESENTATION('',(#5855),#5859);
#5855 = LINE('',#5856,#5857);
#5856 = CARTESIAN_POINT('',(0.,-3.));
#5857 = VECTOR('',#5858,1.);
#5858 = DIRECTION('',(1.,0.));
#5859 = ( GEOMETRIC_REPRESENTATION_CONTEXT(2) 
PARAMETRIC_REPRESENTATION_CONTEXT() REPRESENTATION_CONTEXT('2D SPACE',''
  ) );
#5860 = PCURVE('',#5861,#5866);
#5861 = PLANE('',#5862);
#5862 = AXIS2_PLACEMENT_3D('',#5863,#5864,#5865);
#5863 = CARTESIAN_POINT('',(-7.08984375,-54.95483398437,7.));
#5864 = DIRECTION('',(0.,0.,1.));
#5865 = DIRECTION('',(1.,0.,0.));
#5866 = DEFINITIONAL_REPRESENTATION('',(#5867),#5871);
#5867 = LINE('',#5868,#5869);
#5868 = CARTESIAN_POINT('',(2.29248046875,4.072265625));
#5869 = VECTOR('',#5870,1.);
#5870 = DIRECTION('',(0.,-1.));
#5871 = ( GEOMETRIC_REPRESENTATION_CONTEXT(2) 
PARAMETRIC_REPRESENTATION_CONTEXT() REPRESENTATION_CONTEXT('2D SPACE',''
  ) );
#5872 = ORIENTED_EDGE('',*,*,#5873,.F.);
#5873 = EDGE_CURVE('',#2228,#5846,#5874,.T.);
#5874 = SURFACE_CURVE('',#5875,(#5879,#5886),.PCURVE_S1.);
#5875 = LINE('',#5876,#5877);
#5876 = CARTESIAN_POINT('',(-4.79736328125,-54.95483398437,10.));
#5877 = VECTOR('',#5878,1.);
#5878 = DIRECTION('',(-0.,-0.,-1.));
#5879 = PCURVE('',#2243,#5880);
#5880 = DEFINITIONAL_REPRESENTATION('',(#5881),#5885);
#5881 = LINE('',#5882,#5883);
#5882 = CARTESIAN_POINT('',(4.072265625,0.));
#5883 = VECTOR('',#5884,1.);
#5884 = DIRECTION('',(0.,-1.));
#5885 = ( GEOMETRIC_REPRESENTATION_CONTEXT(2) 
PARAMETRIC_REPRESENTATION_CONTEXT() REPRESENTATION_CONTEXT('2D SPACE',''
  ) );
#5886 = PCURVE('',#2271,#5887);
#5887 = DEFINITIONAL_REPRESENTATION('',(#5888),#5892);
#5888 = LINE('',#5889,#5890);
#5889 = CARTESIAN_POINT('',(0.,0.));
#5890 = VECTOR('',#5891,1.);
#5891 = DIRECTION('',(0.,-1.));
#5892 = ( GEOMETRIC_REPRESENTATION_CONTEXT(2) 
PARAMETRIC_REPRESENTATION_CONTEXT() REPRESENTATION_CONTEXT('2D SPACE',''
  ) );
#5893 = ORIENTED_EDGE('',*,*,#2225,.F.);
#5894 = ADVANCED_FACE('',(#5895),#2481,.T.);
#5895 = FACE_BOUND('',#5896,.T.);
#5896 = EDGE_LOOP('',(#5897,#5920,#5941,#5942));
#5897 = ORIENTED_EDGE('',*,*,#5898,.T.);
#5898 = EDGE_CURVE('',#2432,#5899,#5901,.T.);
#5899 = VERTEX_POINT('',#5900);
#5900 = CARTESIAN_POINT('',(-4.57763671875,-49.34448242187,7.));
#5901 = SURFACE_CURVE('',#5902,(#5906,#5913),.PCURVE_S1.);
#5902 = LINE('',#5903,#5904);
#5903 = CARTESIAN_POINT('',(-4.57763671875,-49.34448242187,10.));
#5904 = VECTOR('',#5905,1.);
#5905 = DIRECTION('',(-0.,-0.,-1.));
#5906 = PCURVE('',#2481,#5907);
#5907 = DEFINITIONAL_REPRESENTATION('',(#5908),#5912);
#5908 = LINE('',#5909,#5910);
#5909 = CARTESIAN_POINT('',(0.,0.));
#5910 = VECTOR('',#5911,1.);
#5911 = DIRECTION('',(0.,-1.));
#5912 = ( GEOMETRIC_REPRESENTATION_CONTEXT(2) 
PARAMETRIC_REPRESENTATION_CONTEXT() REPRESENTATION_CONTEXT('2D SPACE',''
  ) );
#5913 = PCURVE('',#2451,#5914);
#5914 = DEFINITIONAL_REPRESENTATION('',(#5915),#5919);
#5915 = LINE('',#5916,#5917);
#5916 = CARTESIAN_POINT('',(0.,0.));
#5917 = VECTOR('',#5918,1.);
#5918 = DIRECTION('',(0.,-1.));
#5919 = ( GEOMETRIC_REPRESENTATION_CONTEXT(2) 
PARAMETRIC_REPRESENTATION_CONTEXT() REPRESENTATION_CONTEXT('2D SPACE',''
  ) );
#5920 = ORIENTED_EDGE('',*,*,#5921,.T.);
#5921 = EDGE_CURVE('',#5899,#5823,#5922,.T.);
#5922 = SURFACE_CURVE('',#5923,(#5927,#5934),.PCURVE_S1.);
#5923 = B_SPLINE_CURVE_WITH_KNOTS('',2,(#5924,#5925,#5926),
  .UNSPECIFIED.,.F.,.F.,(3,3),(0.,1.),.PIECEWISE_BEZIER_KNOTS.);
#5924 = CARTESIAN_POINT('',(-4.57763671875,-49.34448242187,7.));
#5925 = CARTESIAN_POINT('',(-4.79736328125,-50.04760742187,7.));
#5926 = CARTESIAN_POINT('',(-4.79736328125,-50.88256835937,7.));
#5927 = PCURVE('',#2481,#5928);
#5928 = DEFINITIONAL_REPRESENTATION('',(#5929),#5933);
#5929 = LINE('',#5930,#5931);
#5930 = CARTESIAN_POINT('',(0.,-3.));
#5931 = VECTOR('',#5932,1.);
#5932 = DIRECTION('',(1.,0.));
#5933 = ( GEOMETRIC_REPRESENTATION_CONTEXT(2) 
PARAMETRIC_REPRESENTATION_CONTEXT() REPRESENTATION_CONTEXT('2D SPACE',''
  ) );
#5934 = PCURVE('',#5861,#5935);
#5935 = DEFINITIONAL_REPRESENTATION('',(#5936),#5940);
#5936 = B_SPLINE_CURVE_WITH_KNOTS('',2,(#5937,#5938,#5939),
  .UNSPECIFIED.,.F.,.F.,(3,3),(0.,1.),.PIECEWISE_BEZIER_KNOTS.);
#5937 = CARTESIAN_POINT('',(2.51220703125,5.6103515625));
#5938 = CARTESIAN_POINT('',(2.29248046875,4.9072265625));
#5939 = CARTESIAN_POINT('',(2.29248046875,4.072265625));
#5940 = ( GEOMETRIC_REPRESENTATION_CONTEXT(2) 
PARAMETRIC_REPRESENTATION_CONTEXT() REPRESENTATION_CONTEXT('2D SPACE',''
  ) );
#5941 = ORIENTED_EDGE('',*,*,#5822,.F.);
#5942 = ORIENTED_EDGE('',*,*,#2467,.F.);
#5943 = ADVANCED_FACE('',(#5944),#2451,.F.);
#5944 = FACE_BOUND('',#5945,.F.);
#5945 = EDGE_LOOP('',(#5946,#5947,#5974,#5995));
#5946 = ORIENTED_EDGE('',*,*,#5898,.T.);
#5947 = ORIENTED_EDGE('',*,*,#5948,.T.);
#5948 = EDGE_CURVE('',#5899,#5949,#5951,.T.);
#5949 = VERTEX_POINT('',#5950);
#5950 = CARTESIAN_POINT('',(-2.34375,-48.64868164062,7.));
#5951 = SURFACE_CURVE('',#5952,(#5958,#5965),.PCURVE_S1.);
#5952 = B_SPLINE_CURVE_WITH_KNOTS('',2,(#5953,#5954,#5955,#5956,#5957),
  .UNSPECIFIED.,.F.,.F.,(3,1,1,3),(0.,1.,2.,3.118644067797),
  .UNSPECIFIED.);
#5953 = CARTESIAN_POINT('',(-4.57763671875,-49.34448242187,7.));
#5954 = CARTESIAN_POINT('',(-4.43115234375,-48.88305664062,7.));
#5955 = CARTESIAN_POINT('',(-3.74267578125,-48.36303710937,7.));
#5956 = CARTESIAN_POINT('',(-2.8271484375,-48.36303710937,7.));
#5957 = CARTESIAN_POINT('',(-2.34375,-48.64868164062,7.));
#5958 = PCURVE('',#2451,#5959);
#5959 = DEFINITIONAL_REPRESENTATION('',(#5960),#5964);
#5960 = LINE('',#5961,#5962);
#5961 = CARTESIAN_POINT('',(0.,-3.));
#5962 = VECTOR('',#5963,1.);
#5963 = DIRECTION('',(1.,0.));
#5964 = ( GEOMETRIC_REPRESENTATION_CONTEXT(2) 
PARAMETRIC_REPRESENTATION_CONTEXT() REPRESENTATION_CONTEXT('2D SPACE',''
  ) );
#5965 = PCURVE('',#5861,#5966);
#5966 = DEFINITIONAL_REPRESENTATION('',(#5967),#5973);
#5967 = B_SPLINE_CURVE_WITH_KNOTS('',2,(#5968,#5969,#5970,#5971,#5972),
  .UNSPECIFIED.,.F.,.F.,(3,1,1,3),(0.,1.,2.,3.118644067797),
  .UNSPECIFIED.);
#5968 = CARTESIAN_POINT('',(2.51220703125,5.6103515625));
#5969 = CARTESIAN_POINT('',(2.65869140625,6.07177734375));
#5970 = CARTESIAN_POINT('',(3.34716796875,6.591796875));
#5971 = CARTESIAN_POINT('',(4.2626953125,6.591796875));
#5972 = CARTESIAN_POINT('',(4.74609375,6.30615234375));
#5973 = ( GEOMETRIC_REPRESENTATION_CONTEXT(2) 
PARAMETRIC_REPRESENTATION_CONTEXT() REPRESENTATION_CONTEXT('2D SPACE',''
  ) );
#5974 = ORIENTED_EDGE('',*,*,#5975,.F.);
#5975 = EDGE_CURVE('',#2404,#5949,#5976,.T.);
#5976 = SURFACE_CURVE('',#5977,(#5981,#5988),.PCURVE_S1.);
#5977 = LINE('',#5978,#5979);
#5978 = CARTESIAN_POINT('',(-2.34375,-48.64868164062,10.));
#5979 = VECTOR('',#5980,1.);
#5980 = DIRECTION('',(-0.,-0.,-1.));
#5981 = PCURVE('',#2451,#5982);
#5982 = DEFINITIONAL_REPRESENTATION('',(#5983),#5987);
#5983 = LINE('',#5984,#5985);
#5984 = CARTESIAN_POINT('',(3.118644067797,0.));
#5985 = VECTOR('',#5986,1.);
#5986 = DIRECTION('',(0.,-1.));
#5987 = ( GEOMETRIC_REPRESENTATION_CONTEXT(2) 
PARAMETRIC_REPRESENTATION_CONTEXT() REPRESENTATION_CONTEXT('2D SPACE',''
  ) );
#5988 = PCURVE('',#2419,#5989);
#5989 = DEFINITIONAL_REPRESENTATION('',(#5990),#5994);
#5990 = LINE('',#5991,#5992);
#5991 = CARTESIAN_POINT('',(1.304718656796,0.));
#5992 = VECTOR('',#5993,1.);
#5993 = DIRECTION('',(0.,-1.));
#5994 = ( GEOMETRIC_REPRESENTATION_CONTEXT(2) 
PARAMETRIC_REPRESENTATION_CONTEXT() REPRESENTATION_CONTEXT('2D SPACE',''
  ) );
#5995 = ORIENTED_EDGE('',*,*,#2431,.F.);
#5996 = ADVANCED_FACE('',(#5997),#2419,.T.);
#5997 = FACE_BOUND('',#5998,.T.);
#5998 = EDGE_LOOP('',(#5999,#6022,#6043,#6044));
#5999 = ORIENTED_EDGE('',*,*,#6000,.T.);
#6000 = EDGE_CURVE('',#2368,#6001,#6003,.T.);
#6001 = VERTEX_POINT('',#6002);
#6002 = CARTESIAN_POINT('',(-1.8896484375,-47.42553710937,7.));
#6003 = SURFACE_CURVE('',#6004,(#6008,#6015),.PCURVE_S1.);
#6004 = LINE('',#6005,#6006);
#6005 = CARTESIAN_POINT('',(-1.8896484375,-47.42553710937,10.));
#6006 = VECTOR('',#6007,1.);
#6007 = DIRECTION('',(-0.,-0.,-1.));
#6008 = PCURVE('',#2419,#6009);
#6009 = DEFINITIONAL_REPRESENTATION('',(#6010),#6014);
#6010 = LINE('',#6011,#6012);
#6011 = CARTESIAN_POINT('',(0.,0.));
#6012 = VECTOR('',#6013,1.);
#6013 = DIRECTION('',(0.,-1.));
#6014 = ( GEOMETRIC_REPRESENTATION_CONTEXT(2) 
PARAMETRIC_REPRESENTATION_CONTEXT() REPRESENTATION_CONTEXT('2D SPACE',''
  ) );
#6015 = PCURVE('',#2387,#6016);
#6016 = DEFINITIONAL_REPRESENTATION('',(#6017),#6021);
#6017 = LINE('',#6018,#6019);
#6018 = CARTESIAN_POINT('',(0.,0.));
#6019 = VECTOR('',#6020,1.);
#6020 = DIRECTION('',(0.,-1.));
#6021 = ( GEOMETRIC_REPRESENTATION_CONTEXT(2) 
PARAMETRIC_REPRESENTATION_CONTEXT() REPRESENTATION_CONTEXT('2D SPACE',''
  ) );
#6022 = ORIENTED_EDGE('',*,*,#6023,.T.);
#6023 = EDGE_CURVE('',#6001,#5949,#6024,.T.);
#6024 = SURFACE_CURVE('',#6025,(#6029,#6036),.PCURVE_S1.);
#6025 = LINE('',#6026,#6027);
#6026 = CARTESIAN_POINT('',(-1.8896484375,-47.42553710937,7.));
#6027 = VECTOR('',#6028,1.);
#6028 = DIRECTION('',(-0.348045580658,-0.937477612418,0.));
#6029 = PCURVE('',#2419,#6030);
#6030 = DEFINITIONAL_REPRESENTATION('',(#6031),#6035);
#6031 = LINE('',#6032,#6033);
#6032 = CARTESIAN_POINT('',(-0.,-3.));
#6033 = VECTOR('',#6034,1.);
#6034 = DIRECTION('',(1.,0.));
#6035 = ( GEOMETRIC_REPRESENTATION_CONTEXT(2) 
PARAMETRIC_REPRESENTATION_CONTEXT() REPRESENTATION_CONTEXT('2D SPACE',''
  ) );
#6036 = PCURVE('',#5861,#6037);
#6037 = DEFINITIONAL_REPRESENTATION('',(#6038),#6042);
#6038 = LINE('',#6039,#6040);
#6039 = CARTESIAN_POINT('',(5.2001953125,7.529296875));
#6040 = VECTOR('',#6041,1.);
#6041 = DIRECTION('',(-0.348045580658,-0.937477612418));
#6042 = ( GEOMETRIC_REPRESENTATION_CONTEXT(2) 
PARAMETRIC_REPRESENTATION_CONTEXT() REPRESENTATION_CONTEXT('2D SPACE',''
  ) );
#6043 = ORIENTED_EDGE('',*,*,#5975,.F.);
#6044 = ORIENTED_EDGE('',*,*,#2403,.F.);
#6045 = ADVANCED_FACE('',(#6046),#2387,.F.);
#6046 = FACE_BOUND('',#6047,.F.);
#6047 = EDGE_LOOP('',(#6048,#6049,#6076,#6097));
#6048 = ORIENTED_EDGE('',*,*,#6000,.T.);
#6049 = ORIENTED_EDGE('',*,*,#6050,.T.);
#6050 = EDGE_CURVE('',#6001,#6051,#6053,.T.);
#6051 = VERTEX_POINT('',#6052);
#6052 = CARTESIAN_POINT('',(-4.92919921875,-48.35571289062,7.));
#6053 = SURFACE_CURVE('',#6054,(#6060,#6067),.PCURVE_S1.);
#6054 = B_SPLINE_CURVE_WITH_KNOTS('',2,(#6055,#6056,#6057,#6058,#6059),
  .UNSPECIFIED.,.F.,.F.,(3,1,1,3),(0.,1.,1.692307692308,2.384615384615),
  .UNSPECIFIED.);
#6055 = CARTESIAN_POINT('',(-1.8896484375,-47.42553710937,7.));
#6056 = CARTESIAN_POINT('',(-2.578125,-47.00073242187,7.));
#6057 = CARTESIAN_POINT('',(-3.7060546875,-47.00073242187,7.));
#6058 = CARTESIAN_POINT('',(-4.47509765625,-47.52807617187,7.));
#6059 = CARTESIAN_POINT('',(-4.92919921875,-48.35571289062,7.));
#6060 = PCURVE('',#2387,#6061);
#6061 = DEFINITIONAL_REPRESENTATION('',(#6062),#6066);
#6062 = LINE('',#6063,#6064);
#6063 = CARTESIAN_POINT('',(0.,-3.));
#6064 = VECTOR('',#6065,1.);
#6065 = DIRECTION('',(1.,0.));
#6066 = ( GEOMETRIC_REPRESENTATION_CONTEXT(2) 
PARAMETRIC_REPRESENTATION_CONTEXT() REPRESENTATION_CONTEXT('2D SPACE',''
  ) );
#6067 = PCURVE('',#5861,#6068);
#6068 = DEFINITIONAL_REPRESENTATION('',(#6069),#6075);
#6069 = B_SPLINE_CURVE_WITH_KNOTS('',2,(#6070,#6071,#6072,#6073,#6074),
  .UNSPECIFIED.,.F.,.F.,(3,1,1,3),(0.,1.,1.692307692308,2.384615384615),
  .UNSPECIFIED.);
#6070 = CARTESIAN_POINT('',(5.2001953125,7.529296875));
#6071 = CARTESIAN_POINT('',(4.51171875,7.9541015625));
#6072 = CARTESIAN_POINT('',(3.3837890625,7.9541015625));
#6073 = CARTESIAN_POINT('',(2.61474609375,7.4267578125));
#6074 = CARTESIAN_POINT('',(2.16064453125,6.59912109375));
#6075 = ( GEOMETRIC_REPRESENTATION_CONTEXT(2) 
PARAMETRIC_REPRESENTATION_CONTEXT() REPRESENTATION_CONTEXT('2D SPACE',''
  ) );
#6076 = ORIENTED_EDGE('',*,*,#6077,.F.);
#6077 = EDGE_CURVE('',#2340,#6051,#6078,.T.);
#6078 = SURFACE_CURVE('',#6079,(#6083,#6090),.PCURVE_S1.);
#6079 = LINE('',#6080,#6081);
#6080 = CARTESIAN_POINT('',(-4.92919921875,-48.35571289062,10.));
#6081 = VECTOR('',#6082,1.);
#6082 = DIRECTION('',(-0.,-0.,-1.));
#6083 = PCURVE('',#2387,#6084);
#6084 = DEFINITIONAL_REPRESENTATION('',(#6085),#6089);
#6085 = LINE('',#6086,#6087);
#6086 = CARTESIAN_POINT('',(2.384615384615,0.));
#6087 = VECTOR('',#6088,1.);
#6088 = DIRECTION('',(0.,-1.));
#6089 = ( GEOMETRIC_REPRESENTATION_CONTEXT(2) 
PARAMETRIC_REPRESENTATION_CONTEXT() REPRESENTATION_CONTEXT('2D SPACE',''
  ) );
#6090 = PCURVE('',#2355,#6091);
#6091 = DEFINITIONAL_REPRESENTATION('',(#6092),#6096);
#6092 = LINE('',#6093,#6094);
#6093 = CARTESIAN_POINT('',(1.17919921875,0.));
#6094 = VECTOR('',#6095,1.);
#6095 = DIRECTION('',(0.,-1.));
#6096 = ( GEOMETRIC_REPRESENTATION_CONTEXT(2) 
PARAMETRIC_REPRESENTATION_CONTEXT() REPRESENTATION_CONTEXT('2D SPACE',''
  ) );
#6097 = ORIENTED_EDGE('',*,*,#2367,.F.);
#6098 = ADVANCED_FACE('',(#6099),#2355,.T.);
#6099 = FACE_BOUND('',#6100,.T.);
#6100 = EDGE_LOOP('',(#6101,#6124,#6145,#6146));
#6101 = ORIENTED_EDGE('',*,*,#6102,.T.);
#6102 = EDGE_CURVE('',#2312,#6103,#6105,.T.);
#6103 = VERTEX_POINT('',#6104);
#6104 = CARTESIAN_POINT('',(-4.92919921875,-47.17651367187,7.));
#6105 = SURFACE_CURVE('',#6106,(#6110,#6117),.PCURVE_S1.);
#6106 = LINE('',#6107,#6108);
#6107 = CARTESIAN_POINT('',(-4.92919921875,-47.17651367187,10.));
#6108 = VECTOR('',#6109,1.);
#6109 = DIRECTION('',(-0.,-0.,-1.));
#6110 = PCURVE('',#2355,#6111);
#6111 = DEFINITIONAL_REPRESENTATION('',(#6112),#6116);
#6112 = LINE('',#6113,#6114);
#6113 = CARTESIAN_POINT('',(0.,0.));
#6114 = VECTOR('',#6115,1.);
#6115 = DIRECTION('',(0.,-1.));
#6116 = ( GEOMETRIC_REPRESENTATION_CONTEXT(2) 
PARAMETRIC_REPRESENTATION_CONTEXT() REPRESENTATION_CONTEXT('2D SPACE',''
  ) );
#6117 = PCURVE('',#2327,#6118);
#6118 = DEFINITIONAL_REPRESENTATION('',(#6119),#6123);
#6119 = LINE('',#6120,#6121);
#6120 = CARTESIAN_POINT('',(1.1865234375,0.));
#6121 = VECTOR('',#6122,1.);
#6122 = DIRECTION('',(0.,-1.));
#6123 = ( GEOMETRIC_REPRESENTATION_CONTEXT(2) 
PARAMETRIC_REPRESENTATION_CONTEXT() REPRESENTATION_CONTEXT('2D SPACE',''
  ) );
#6124 = ORIENTED_EDGE('',*,*,#6125,.T.);
#6125 = EDGE_CURVE('',#6103,#6051,#6126,.T.);
#6126 = SURFACE_CURVE('',#6127,(#6131,#6138),.PCURVE_S1.);
#6127 = LINE('',#6128,#6129);
#6128 = CARTESIAN_POINT('',(-4.92919921875,-47.17651367187,7.));
#6129 = VECTOR('',#6130,1.);
#6130 = DIRECTION('',(0.,-1.,0.));
#6131 = PCURVE('',#2355,#6132);
#6132 = DEFINITIONAL_REPRESENTATION('',(#6133),#6137);
#6133 = LINE('',#6134,#6135);
#6134 = CARTESIAN_POINT('',(0.,-3.));
#6135 = VECTOR('',#6136,1.);
#6136 = DIRECTION('',(1.,0.));
#6137 = ( GEOMETRIC_REPRESENTATION_CONTEXT(2) 
PARAMETRIC_REPRESENTATION_CONTEXT() REPRESENTATION_CONTEXT('2D SPACE',''
  ) );
#6138 = PCURVE('',#5861,#6139);
#6139 = DEFINITIONAL_REPRESENTATION('',(#6140),#6144);
#6140 = LINE('',#6141,#6142);
#6141 = CARTESIAN_POINT('',(2.16064453125,7.7783203125));
#6142 = VECTOR('',#6143,1.);
#6143 = DIRECTION('',(0.,-1.));
#6144 = ( GEOMETRIC_REPRESENTATION_CONTEXT(2) 
PARAMETRIC_REPRESENTATION_CONTEXT() REPRESENTATION_CONTEXT('2D SPACE',''
  ) );
#6145 = ORIENTED_EDGE('',*,*,#6077,.F.);
#6146 = ORIENTED_EDGE('',*,*,#2339,.F.);
#6147 = ADVANCED_FACE('',(#6148),#2327,.T.);
#6148 = FACE_BOUND('',#6149,.T.);
#6149 = EDGE_LOOP('',(#6150,#6173,#6194,#6195));
#6150 = ORIENTED_EDGE('',*,*,#6151,.T.);
#6151 = EDGE_CURVE('',#2284,#6152,#6154,.T.);
#6152 = VERTEX_POINT('',#6153);
#6153 = CARTESIAN_POINT('',(-6.11572265625,-47.17651367187,7.));
#6154 = SURFACE_CURVE('',#6155,(#6159,#6166),.PCURVE_S1.);
#6155 = LINE('',#6156,#6157);
#6156 = CARTESIAN_POINT('',(-6.11572265625,-47.17651367187,10.));
#6157 = VECTOR('',#6158,1.);
#6158 = DIRECTION('',(-0.,-0.,-1.));
#6159 = PCURVE('',#2327,#6160);
#6160 = DEFINITIONAL_REPRESENTATION('',(#6161),#6165);
#6161 = LINE('',#6162,#6163);
#6162 = CARTESIAN_POINT('',(0.,0.));
#6163 = VECTOR('',#6164,1.);
#6164 = DIRECTION('',(0.,-1.));
#6165 = ( GEOMETRIC_REPRESENTATION_CONTEXT(2) 
PARAMETRIC_REPRESENTATION_CONTEXT() REPRESENTATION_CONTEXT('2D SPACE',''
  ) );
#6166 = PCURVE('',#2299,#6167);
#6167 = DEFINITIONAL_REPRESENTATION('',(#6168),#6172);
#6168 = LINE('',#6169,#6170);
#6169 = CARTESIAN_POINT('',(7.7783203125,0.));
#6170 = VECTOR('',#6171,1.);
#6171 = DIRECTION('',(0.,-1.));
#6172 = ( GEOMETRIC_REPRESENTATION_CONTEXT(2) 
PARAMETRIC_REPRESENTATION_CONTEXT() REPRESENTATION_CONTEXT('2D SPACE',''
  ) );
#6173 = ORIENTED_EDGE('',*,*,#6174,.T.);
#6174 = EDGE_CURVE('',#6152,#6103,#6175,.T.);
#6175 = SURFACE_CURVE('',#6176,(#6180,#6187),.PCURVE_S1.);
#6176 = LINE('',#6177,#6178);
#6177 = CARTESIAN_POINT('',(-6.11572265625,-47.17651367187,7.));
#6178 = VECTOR('',#6179,1.);
#6179 = DIRECTION('',(1.,0.,0.));
#6180 = PCURVE('',#2327,#6181);
#6181 = DEFINITIONAL_REPRESENTATION('',(#6182),#6186);
#6182 = LINE('',#6183,#6184);
#6183 = CARTESIAN_POINT('',(0.,-3.));
#6184 = VECTOR('',#6185,1.);
#6185 = DIRECTION('',(1.,0.));
#6186 = ( GEOMETRIC_REPRESENTATION_CONTEXT(2) 
PARAMETRIC_REPRESENTATION_CONTEXT() REPRESENTATION_CONTEXT('2D SPACE',''
  ) );
#6187 = PCURVE('',#5861,#6188);
#6188 = DEFINITIONAL_REPRESENTATION('',(#6189),#6193);
#6189 = LINE('',#6190,#6191);
#6190 = CARTESIAN_POINT('',(0.97412109375,7.7783203125));
#6191 = VECTOR('',#6192,1.);
#6192 = DIRECTION('',(1.,0.));
#6193 = ( GEOMETRIC_REPRESENTATION_CONTEXT(2) 
PARAMETRIC_REPRESENTATION_CONTEXT() REPRESENTATION_CONTEXT('2D SPACE',''
  ) );
#6194 = ORIENTED_EDGE('',*,*,#6102,.F.);
#6195 = ORIENTED_EDGE('',*,*,#2311,.F.);
#6196 = ADVANCED_FACE('',(#6197),#2299,.T.);
#6197 = FACE_BOUND('',#6198,.T.);
#6198 = EDGE_LOOP('',(#6199,#6222,#6243,#6244));
#6199 = ORIENTED_EDGE('',*,*,#6200,.T.);
#6200 = EDGE_CURVE('',#2256,#6201,#6203,.T.);
#6201 = VERTEX_POINT('',#6202);
#6202 = CARTESIAN_POINT('',(-6.11572265625,-54.95483398437,7.));
#6203 = SURFACE_CURVE('',#6204,(#6208,#6215),.PCURVE_S1.);
#6204 = LINE('',#6205,#6206);
#6205 = CARTESIAN_POINT('',(-6.11572265625,-54.95483398437,10.));
#6206 = VECTOR('',#6207,1.);
#6207 = DIRECTION('',(-0.,-0.,-1.));
#6208 = PCURVE('',#2299,#6209);
#6209 = DEFINITIONAL_REPRESENTATION('',(#6210),#6214);
#6210 = LINE('',#6211,#6212);
#6211 = CARTESIAN_POINT('',(0.,0.));
#6212 = VECTOR('',#6213,1.);
#6213 = DIRECTION('',(0.,-1.));
#6214 = ( GEOMETRIC_REPRESENTATION_CONTEXT(2) 
PARAMETRIC_REPRESENTATION_CONTEXT() REPRESENTATION_CONTEXT('2D SPACE',''
  ) );
#6215 = PCURVE('',#2271,#6216);
#6216 = DEFINITIONAL_REPRESENTATION('',(#6217),#6221);
#6217 = LINE('',#6218,#6219);
#6218 = CARTESIAN_POINT('',(1.318359375,0.));
#6219 = VECTOR('',#6220,1.);
#6220 = DIRECTION('',(0.,-1.));
#6221 = ( GEOMETRIC_REPRESENTATION_CONTEXT(2) 
PARAMETRIC_REPRESENTATION_CONTEXT() REPRESENTATION_CONTEXT('2D SPACE',''
  ) );
#6222 = ORIENTED_EDGE('',*,*,#6223,.T.);
#6223 = EDGE_CURVE('',#6201,#6152,#6224,.T.);
#6224 = SURFACE_CURVE('',#6225,(#6229,#6236),.PCURVE_S1.);
#6225 = LINE('',#6226,#6227);
#6226 = CARTESIAN_POINT('',(-6.11572265625,-54.95483398437,7.));
#6227 = VECTOR('',#6228,1.);
#6228 = DIRECTION('',(0.,1.,0.));
#6229 = PCURVE('',#2299,#6230);
#6230 = DEFINITIONAL_REPRESENTATION('',(#6231),#6235);
#6231 = LINE('',#6232,#6233);
#6232 = CARTESIAN_POINT('',(0.,-3.));
#6233 = VECTOR('',#6234,1.);
#6234 = DIRECTION('',(1.,0.));
#6235 = ( GEOMETRIC_REPRESENTATION_CONTEXT(2) 
PARAMETRIC_REPRESENTATION_CONTEXT() REPRESENTATION_CONTEXT('2D SPACE',''
  ) );
#6236 = PCURVE('',#5861,#6237);
#6237 = DEFINITIONAL_REPRESENTATION('',(#6238),#6242);
#6238 = LINE('',#6239,#6240);
#6239 = CARTESIAN_POINT('',(0.97412109375,0.));
#6240 = VECTOR('',#6241,1.);
#6241 = DIRECTION('',(0.,1.));
#6242 = ( GEOMETRIC_REPRESENTATION_CONTEXT(2) 
PARAMETRIC_REPRESENTATION_CONTEXT() REPRESENTATION_CONTEXT('2D SPACE',''
  ) );
#6243 = ORIENTED_EDGE('',*,*,#6151,.F.);
#6244 = ORIENTED_EDGE('',*,*,#2283,.F.);
#6245 = ADVANCED_FACE('',(#6246),#2271,.T.);
#6246 = FACE_BOUND('',#6247,.T.);
#6247 = EDGE_LOOP('',(#6248,#6249,#6270,#6271));
#6248 = ORIENTED_EDGE('',*,*,#5873,.T.);
#6249 = ORIENTED_EDGE('',*,*,#6250,.T.);
#6250 = EDGE_CURVE('',#5846,#6201,#6251,.T.);
#6251 = SURFACE_CURVE('',#6252,(#6256,#6263),.PCURVE_S1.);
#6252 = LINE('',#6253,#6254);
#6253 = CARTESIAN_POINT('',(-4.79736328125,-54.95483398437,7.));
#6254 = VECTOR('',#6255,1.);
#6255 = DIRECTION('',(-1.,0.,0.));
#6256 = PCURVE('',#2271,#6257);
#6257 = DEFINITIONAL_REPRESENTATION('',(#6258),#6262);
#6258 = LINE('',#6259,#6260);
#6259 = CARTESIAN_POINT('',(0.,-3.));
#6260 = VECTOR('',#6261,1.);
#6261 = DIRECTION('',(1.,0.));
#6262 = ( GEOMETRIC_REPRESENTATION_CONTEXT(2) 
PARAMETRIC_REPRESENTATION_CONTEXT() REPRESENTATION_CONTEXT('2D SPACE',''
  ) );
#6263 = PCURVE('',#5861,#6264);
#6264 = DEFINITIONAL_REPRESENTATION('',(#6265),#6269);
#6265 = LINE('',#6266,#6267);
#6266 = CARTESIAN_POINT('',(2.29248046875,0.));
#6267 = VECTOR('',#6268,1.);
#6268 = DIRECTION('',(-1.,0.));
#6269 = ( GEOMETRIC_REPRESENTATION_CONTEXT(2) 
PARAMETRIC_REPRESENTATION_CONTEXT() REPRESENTATION_CONTEXT('2D SPACE',''
  ) );
#6270 = ORIENTED_EDGE('',*,*,#6200,.F.);
#6271 = ORIENTED_EDGE('',*,*,#2255,.F.);
#6272 = ADVANCED_FACE('',(#6273),#2515,.T.);
#6273 = FACE_BOUND('',#6274,.T.);
#6274 = EDGE_LOOP('',(#6275,#6298,#6326,#6347));
#6275 = ORIENTED_EDGE('',*,*,#6276,.T.);
#6276 = EDGE_CURVE('',#2498,#6277,#6279,.T.);
#6277 = VERTEX_POINT('',#6278);
#6278 = CARTESIAN_POINT('',(10.986328125,-44.17358398437,7.));
#6279 = SURFACE_CURVE('',#6280,(#6284,#6291),.PCURVE_S1.);
#6280 = LINE('',#6281,#6282);
#6281 = CARTESIAN_POINT('',(10.986328125,-44.17358398437,10.));
#6282 = VECTOR('',#6283,1.);
#6283 = DIRECTION('',(-0.,-0.,-1.));
#6284 = PCURVE('',#2515,#6285);
#6285 = DEFINITIONAL_REPRESENTATION('',(#6286),#6290);
#6286 = LINE('',#6287,#6288);
#6287 = CARTESIAN_POINT('',(0.,0.));
#6288 = VECTOR('',#6289,1.);
#6289 = DIRECTION('',(0.,-1.));
#6290 = ( GEOMETRIC_REPRESENTATION_CONTEXT(2) 
PARAMETRIC_REPRESENTATION_CONTEXT() REPRESENTATION_CONTEXT('2D SPACE',''
  ) );
#6291 = PCURVE('',#2688,#6292);
#6292 = DEFINITIONAL_REPRESENTATION('',(#6293),#6297);
#6293 = LINE('',#6294,#6295);
#6294 = CARTESIAN_POINT('',(0.,0.));
#6295 = VECTOR('',#6296,1.);
#6296 = DIRECTION('',(0.,-1.));
#6297 = ( GEOMETRIC_REPRESENTATION_CONTEXT(2) 
PARAMETRIC_REPRESENTATION_CONTEXT() REPRESENTATION_CONTEXT('2D SPACE',''
  ) );
#6298 = ORIENTED_EDGE('',*,*,#6299,.T.);
#6299 = EDGE_CURVE('',#6277,#6300,#6302,.T.);
#6300 = VERTEX_POINT('',#6301);
#6301 = CARTESIAN_POINT('',(11.8359375,-44.17358398437,7.));
#6302 = SURFACE_CURVE('',#6303,(#6307,#6314),.PCURVE_S1.);
#6303 = LINE('',#6304,#6305);
#6304 = CARTESIAN_POINT('',(10.986328125,-44.17358398437,7.));
#6305 = VECTOR('',#6306,1.);
#6306 = DIRECTION('',(1.,0.,0.));
#6307 = PCURVE('',#2515,#6308);
#6308 = DEFINITIONAL_REPRESENTATION('',(#6309),#6313);
#6309 = LINE('',#6310,#6311);
#6310 = CARTESIAN_POINT('',(0.,-3.));
#6311 = VECTOR('',#6312,1.);
#6312 = DIRECTION('',(1.,0.));
#6313 = ( GEOMETRIC_REPRESENTATION_CONTEXT(2) 
PARAMETRIC_REPRESENTATION_CONTEXT() REPRESENTATION_CONTEXT('2D SPACE',''
  ) );
#6314 = PCURVE('',#6315,#6320);
#6315 = PLANE('',#6316);
#6316 = AXIS2_PLACEMENT_3D('',#6317,#6318,#6319);
#6317 = CARTESIAN_POINT('',(6.24755859375,-54.95483398437,7.));
#6318 = DIRECTION('',(0.,0.,1.));
#6319 = DIRECTION('',(1.,0.,0.));
#6320 = DEFINITIONAL_REPRESENTATION('',(#6321),#6325);
#6321 = LINE('',#6322,#6323);
#6322 = CARTESIAN_POINT('',(4.73876953125,10.78125));
#6323 = VECTOR('',#6324,1.);
#6324 = DIRECTION('',(1.,0.));
#6325 = ( GEOMETRIC_REPRESENTATION_CONTEXT(2) 
PARAMETRIC_REPRESENTATION_CONTEXT() REPRESENTATION_CONTEXT('2D SPACE',''
  ) );
#6326 = ORIENTED_EDGE('',*,*,#6327,.F.);
#6327 = EDGE_CURVE('',#2500,#6300,#6328,.T.);
#6328 = SURFACE_CURVE('',#6329,(#6333,#6340),.PCURVE_S1.);
#6329 = LINE('',#6330,#6331);
#6330 = CARTESIAN_POINT('',(11.8359375,-44.17358398437,10.));
#6331 = VECTOR('',#6332,1.);
#6332 = DIRECTION('',(-0.,-0.,-1.));
#6333 = PCURVE('',#2515,#6334);
#6334 = DEFINITIONAL_REPRESENTATION('',(#6335),#6339);
#6335 = LINE('',#6336,#6337);
#6336 = CARTESIAN_POINT('',(0.849609375,0.));
#6337 = VECTOR('',#6338,1.);
#6338 = DIRECTION('',(0.,-1.));
#6339 = ( GEOMETRIC_REPRESENTATION_CONTEXT(2) 
PARAMETRIC_REPRESENTATION_CONTEXT() REPRESENTATION_CONTEXT('2D SPACE',''
  ) );
#6340 = PCURVE('',#2543,#6341);
#6341 = DEFINITIONAL_REPRESENTATION('',(#6342),#6346);
#6342 = LINE('',#6343,#6344);
#6343 = CARTESIAN_POINT('',(0.,0.));
#6344 = VECTOR('',#6345,1.);
#6345 = DIRECTION('',(0.,-1.));
#6346 = ( GEOMETRIC_REPRESENTATION_CONTEXT(2) 
PARAMETRIC_REPRESENTATION_CONTEXT() REPRESENTATION_CONTEXT('2D SPACE',''
  ) );
#6347 = ORIENTED_EDGE('',*,*,#2497,.F.);
#6348 = ADVANCED_FACE('',(#6349),#2688,.F.);
#6349 = FACE_BOUND('',#6350,.F.);
#6350 = EDGE_LOOP('',(#6351,#6352,#6377,#6398));
#6351 = ORIENTED_EDGE('',*,*,#6276,.T.);
#6352 = ORIENTED_EDGE('',*,*,#6353,.T.);
#6353 = EDGE_CURVE('',#6277,#6354,#6356,.T.);
#6354 = VERTEX_POINT('',#6355);
#6355 = CARTESIAN_POINT('',(7.880859375,-46.86889648437,7.));
#6356 = SURFACE_CURVE('',#6357,(#6362,#6369),.PCURVE_S1.);
#6357 = B_SPLINE_CURVE_WITH_KNOTS('',2,(#6358,#6359,#6360,#6361),
  .UNSPECIFIED.,.F.,.F.,(3,1,3),(0.,1.,2.),.QUASI_UNIFORM_KNOTS.);
#6358 = CARTESIAN_POINT('',(10.986328125,-44.17358398437,7.));
#6359 = CARTESIAN_POINT('',(10.64208984375,-44.86938476562,7.));
#6360 = CARTESIAN_POINT('',(8.98681640625,-46.34887695312,7.));
#6361 = CARTESIAN_POINT('',(7.880859375,-46.86889648437,7.));
#6362 = PCURVE('',#2688,#6363);
#6363 = DEFINITIONAL_REPRESENTATION('',(#6364),#6368);
#6364 = LINE('',#6365,#6366);
#6365 = CARTESIAN_POINT('',(0.,-3.));
#6366 = VECTOR('',#6367,1.);
#6367 = DIRECTION('',(1.,0.));
#6368 = ( GEOMETRIC_REPRESENTATION_CONTEXT(2) 
PARAMETRIC_REPRESENTATION_CONTEXT() REPRESENTATION_CONTEXT('2D SPACE',''
  ) );
#6369 = PCURVE('',#6315,#6370);
#6370 = DEFINITIONAL_REPRESENTATION('',(#6371),#6376);
#6371 = B_SPLINE_CURVE_WITH_KNOTS('',2,(#6372,#6373,#6374,#6375),
  .UNSPECIFIED.,.F.,.F.,(3,1,3),(0.,1.,2.),.QUASI_UNIFORM_KNOTS.);
#6372 = CARTESIAN_POINT('',(4.73876953125,10.78125));
#6373 = CARTESIAN_POINT('',(4.39453125,10.08544921875));
#6374 = CARTESIAN_POINT('',(2.7392578125,8.60595703125));
#6375 = CARTESIAN_POINT('',(1.63330078125,8.0859375));
#6376 = ( GEOMETRIC_REPRESENTATION_CONTEXT(2) 
PARAMETRIC_REPRESENTATION_CONTEXT() REPRESENTATION_CONTEXT('2D SPACE',''
  ) );
#6377 = ORIENTED_EDGE('',*,*,#6378,.F.);
#6378 = EDGE_CURVE('',#2645,#6354,#6379,.T.);
#6379 = SURFACE_CURVE('',#6380,(#6384,#6391),.PCURVE_S1.);
#6380 = LINE('',#6381,#6382);
#6381 = CARTESIAN_POINT('',(7.880859375,-46.86889648437,10.));
#6382 = VECTOR('',#6383,1.);
#6383 = DIRECTION('',(-0.,-0.,-1.));
#6384 = PCURVE('',#2688,#6385);
#6385 = DEFINITIONAL_REPRESENTATION('',(#6386),#6390);
#6386 = LINE('',#6387,#6388);
#6387 = CARTESIAN_POINT('',(2.,0.));
#6388 = VECTOR('',#6389,1.);
#6389 = DIRECTION('',(0.,-1.));
#6390 = ( GEOMETRIC_REPRESENTATION_CONTEXT(2) 
PARAMETRIC_REPRESENTATION_CONTEXT() REPRESENTATION_CONTEXT('2D SPACE',''
  ) );
#6391 = PCURVE('',#2660,#6392);
#6392 = DEFINITIONAL_REPRESENTATION('',(#6393),#6397);
#6393 = LINE('',#6394,#6395);
#6394 = CARTESIAN_POINT('',(1.2744140625,0.));
#6395 = VECTOR('',#6396,1.);
#6396 = DIRECTION('',(0.,-1.));
#6397 = ( GEOMETRIC_REPRESENTATION_CONTEXT(2) 
PARAMETRIC_REPRESENTATION_CONTEXT() REPRESENTATION_CONTEXT('2D SPACE',''
  ) );
#6398 = ORIENTED_EDGE('',*,*,#2672,.F.);
#6399 = ADVANCED_FACE('',(#6400),#2660,.T.);
#6400 = FACE_BOUND('',#6401,.T.);
#6401 = EDGE_LOOP('',(#6402,#6425,#6446,#6447));
#6402 = ORIENTED_EDGE('',*,*,#6403,.T.);
#6403 = EDGE_CURVE('',#2612,#6404,#6406,.T.);
#6404 = VERTEX_POINT('',#6405);
#6405 = CARTESIAN_POINT('',(7.880859375,-48.14331054687,7.));
#6406 = SURFACE_CURVE('',#6407,(#6411,#6418),.PCURVE_S1.);
#6407 = LINE('',#6408,#6409);
#6408 = CARTESIAN_POINT('',(7.880859375,-48.14331054687,10.));
#6409 = VECTOR('',#6410,1.);
#6410 = DIRECTION('',(-0.,-0.,-1.));
#6411 = PCURVE('',#2660,#6412);
#6412 = DEFINITIONAL_REPRESENTATION('',(#6413),#6417);
#6413 = LINE('',#6414,#6415);
#6414 = CARTESIAN_POINT('',(0.,0.));
#6415 = VECTOR('',#6416,1.);
#6416 = DIRECTION('',(0.,-1.));
#6417 = ( GEOMETRIC_REPRESENTATION_CONTEXT(2) 
PARAMETRIC_REPRESENTATION_CONTEXT() REPRESENTATION_CONTEXT('2D SPACE',''
  ) );
#6418 = PCURVE('',#2629,#6419);
#6419 = DEFINITIONAL_REPRESENTATION('',(#6420),#6424);
#6420 = LINE('',#6421,#6422);
#6421 = CARTESIAN_POINT('',(0.,0.));
#6422 = VECTOR('',#6423,1.);
#6423 = DIRECTION('',(0.,-1.));
#6424 = ( GEOMETRIC_REPRESENTATION_CONTEXT(2) 
PARAMETRIC_REPRESENTATION_CONTEXT() REPRESENTATION_CONTEXT('2D SPACE',''
  ) );
#6425 = ORIENTED_EDGE('',*,*,#6426,.T.);
#6426 = EDGE_CURVE('',#6404,#6354,#6427,.T.);
#6427 = SURFACE_CURVE('',#6428,(#6432,#6439),.PCURVE_S1.);
#6428 = LINE('',#6429,#6430);
#6429 = CARTESIAN_POINT('',(7.880859375,-48.14331054687,7.));
#6430 = VECTOR('',#6431,1.);
#6431 = DIRECTION('',(0.,1.,0.));
#6432 = PCURVE('',#2660,#6433);
#6433 = DEFINITIONAL_REPRESENTATION('',(#6434),#6438);
#6434 = LINE('',#6435,#6436);
#6435 = CARTESIAN_POINT('',(0.,-3.));
#6436 = VECTOR('',#6437,1.);
#6437 = DIRECTION('',(1.,0.));
#6438 = ( GEOMETRIC_REPRESENTATION_CONTEXT(2) 
PARAMETRIC_REPRESENTATION_CONTEXT() REPRESENTATION_CONTEXT('2D SPACE',''
  ) );
#6439 = PCURVE('',#6315,#6440);
#6440 = DEFINITIONAL_REPRESENTATION('',(#6441),#6445);
#6441 = LINE('',#6442,#6443);
#6442 = CARTESIAN_POINT('',(1.63330078125,6.8115234375));
#6443 = VECTOR('',#6444,1.);
#6444 = DIRECTION('',(0.,1.));
#6445 = ( GEOMETRIC_REPRESENTATION_CONTEXT(2) 
PARAMETRIC_REPRESENTATION_CONTEXT() REPRESENTATION_CONTEXT('2D SPACE',''
  ) );
#6446 = ORIENTED_EDGE('',*,*,#6378,.F.);
#6447 = ORIENTED_EDGE('',*,*,#2644,.F.);
#6448 = ADVANCED_FACE('',(#6449),#2629,.F.);
#6449 = FACE_BOUND('',#6450,.F.);
#6450 = EDGE_LOOP('',(#6451,#6452,#6477,#6498));
#6451 = ORIENTED_EDGE('',*,*,#6403,.T.);
#6452 = ORIENTED_EDGE('',*,*,#6453,.T.);
#6453 = EDGE_CURVE('',#6404,#6454,#6456,.T.);
#6454 = VERTEX_POINT('',#6455);
#6455 = CARTESIAN_POINT('',(10.517578125,-46.55395507812,7.));
#6456 = SURFACE_CURVE('',#6457,(#6462,#6469),.PCURVE_S1.);
#6457 = B_SPLINE_CURVE_WITH_KNOTS('',2,(#6458,#6459,#6460,#6461),
  .UNSPECIFIED.,.F.,.F.,(3,1,3),(0.,1.,2.),.QUASI_UNIFORM_KNOTS.);
#6458 = CARTESIAN_POINT('',(7.880859375,-48.14331054687,7.));
#6459 = CARTESIAN_POINT('',(8.49609375,-47.91625976562,7.));
#6460 = CARTESIAN_POINT('',(10.04150390625,-47.00805664062,7.));
#6461 = CARTESIAN_POINT('',(10.517578125,-46.55395507812,7.));
#6462 = PCURVE('',#2629,#6463);
#6463 = DEFINITIONAL_REPRESENTATION('',(#6464),#6468);
#6464 = LINE('',#6465,#6466);
#6465 = CARTESIAN_POINT('',(0.,-3.));
#6466 = VECTOR('',#6467,1.);
#6467 = DIRECTION('',(1.,0.));
#6468 = ( GEOMETRIC_REPRESENTATION_CONTEXT(2) 
PARAMETRIC_REPRESENTATION_CONTEXT() REPRESENTATION_CONTEXT('2D SPACE',''
  ) );
#6469 = PCURVE('',#6315,#6470);
#6470 = DEFINITIONAL_REPRESENTATION('',(#6471),#6476);
#6471 = B_SPLINE_CURVE_WITH_KNOTS('',2,(#6472,#6473,#6474,#6475),
  .UNSPECIFIED.,.F.,.F.,(3,1,3),(0.,1.,2.),.QUASI_UNIFORM_KNOTS.);
#6472 = CARTESIAN_POINT('',(1.63330078125,6.8115234375));
#6473 = CARTESIAN_POINT('',(2.24853515625,7.03857421875));
#6474 = CARTESIAN_POINT('',(3.7939453125,7.94677734375));
#6475 = CARTESIAN_POINT('',(4.27001953125,8.40087890625));
#6476 = ( GEOMETRIC_REPRESENTATION_CONTEXT(2) 
PARAMETRIC_REPRESENTATION_CONTEXT() REPRESENTATION_CONTEXT('2D SPACE',''
  ) );
#6477 = ORIENTED_EDGE('',*,*,#6478,.F.);
#6478 = EDGE_CURVE('',#2584,#6454,#6479,.T.);
#6479 = SURFACE_CURVE('',#6480,(#6484,#6491),.PCURVE_S1.);
#6480 = LINE('',#6481,#6482);
#6481 = CARTESIAN_POINT('',(10.517578125,-46.55395507812,10.));
#6482 = VECTOR('',#6483,1.);
#6483 = DIRECTION('',(-0.,-0.,-1.));
#6484 = PCURVE('',#2629,#6485);
#6485 = DEFINITIONAL_REPRESENTATION('',(#6486),#6490);
#6486 = LINE('',#6487,#6488);
#6487 = CARTESIAN_POINT('',(2.,0.));
#6488 = VECTOR('',#6489,1.);
#6489 = DIRECTION('',(0.,-1.));
#6490 = ( GEOMETRIC_REPRESENTATION_CONTEXT(2) 
PARAMETRIC_REPRESENTATION_CONTEXT() REPRESENTATION_CONTEXT('2D SPACE',''
  ) );
#6491 = PCURVE('',#2599,#6492);
#6492 = DEFINITIONAL_REPRESENTATION('',(#6493),#6497);
#6493 = LINE('',#6494,#6495);
#6494 = CARTESIAN_POINT('',(8.40087890625,0.));
#6495 = VECTOR('',#6496,1.);
#6496 = DIRECTION('',(0.,-1.));
#6497 = ( GEOMETRIC_REPRESENTATION_CONTEXT(2) 
PARAMETRIC_REPRESENTATION_CONTEXT() REPRESENTATION_CONTEXT('2D SPACE',''
  ) );
#6498 = ORIENTED_EDGE('',*,*,#2611,.F.);
#6499 = ADVANCED_FACE('',(#6500),#2599,.T.);
#6500 = FACE_BOUND('',#6501,.T.);
#6501 = EDGE_LOOP('',(#6502,#6525,#6546,#6547));
#6502 = ORIENTED_EDGE('',*,*,#6503,.T.);
#6503 = EDGE_CURVE('',#2556,#6504,#6506,.T.);
#6504 = VERTEX_POINT('',#6505);
#6505 = CARTESIAN_POINT('',(10.517578125,-54.95483398437,7.));
#6506 = SURFACE_CURVE('',#6507,(#6511,#6518),.PCURVE_S1.);
#6507 = LINE('',#6508,#6509);
#6508 = CARTESIAN_POINT('',(10.517578125,-54.95483398437,10.));
#6509 = VECTOR('',#6510,1.);
#6510 = DIRECTION('',(-0.,-0.,-1.));
#6511 = PCURVE('',#2599,#6512);
#6512 = DEFINITIONAL_REPRESENTATION('',(#6513),#6517);
#6513 = LINE('',#6514,#6515);
#6514 = CARTESIAN_POINT('',(0.,0.));
#6515 = VECTOR('',#6516,1.);
#6516 = DIRECTION('',(0.,-1.));
#6517 = ( GEOMETRIC_REPRESENTATION_CONTEXT(2) 
PARAMETRIC_REPRESENTATION_CONTEXT() REPRESENTATION_CONTEXT('2D SPACE',''
  ) );
#6518 = PCURVE('',#2571,#6519);
#6519 = DEFINITIONAL_REPRESENTATION('',(#6520),#6524);
#6520 = LINE('',#6521,#6522);
#6521 = CARTESIAN_POINT('',(1.318359375,0.));
#6522 = VECTOR('',#6523,1.);
#6523 = DIRECTION('',(0.,-1.));
#6524 = ( GEOMETRIC_REPRESENTATION_CONTEXT(2) 
PARAMETRIC_REPRESENTATION_CONTEXT() REPRESENTATION_CONTEXT('2D SPACE',''
  ) );
#6525 = ORIENTED_EDGE('',*,*,#6526,.T.);
#6526 = EDGE_CURVE('',#6504,#6454,#6527,.T.);
#6527 = SURFACE_CURVE('',#6528,(#6532,#6539),.PCURVE_S1.);
#6528 = LINE('',#6529,#6530);
#6529 = CARTESIAN_POINT('',(10.517578125,-54.95483398437,7.));
#6530 = VECTOR('',#6531,1.);
#6531 = DIRECTION('',(0.,1.,0.));
#6532 = PCURVE('',#2599,#6533);
#6533 = DEFINITIONAL_REPRESENTATION('',(#6534),#6538);
#6534 = LINE('',#6535,#6536);
#6535 = CARTESIAN_POINT('',(0.,-3.));
#6536 = VECTOR('',#6537,1.);
#6537 = DIRECTION('',(1.,0.));
#6538 = ( GEOMETRIC_REPRESENTATION_CONTEXT(2) 
PARAMETRIC_REPRESENTATION_CONTEXT() REPRESENTATION_CONTEXT('2D SPACE',''
  ) );
#6539 = PCURVE('',#6315,#6540);
#6540 = DEFINITIONAL_REPRESENTATION('',(#6541),#6545);
#6541 = LINE('',#6542,#6543);
#6542 = CARTESIAN_POINT('',(4.27001953125,0.));
#6543 = VECTOR('',#6544,1.);
#6544 = DIRECTION('',(0.,1.));
#6545 = ( GEOMETRIC_REPRESENTATION_CONTEXT(2) 
PARAMETRIC_REPRESENTATION_CONTEXT() REPRESENTATION_CONTEXT('2D SPACE',''
  ) );
#6546 = ORIENTED_EDGE('',*,*,#6478,.F.);
#6547 = ORIENTED_EDGE('',*,*,#2583,.F.);
#6548 = ADVANCED_FACE('',(#6549),#2571,.T.);
#6549 = FACE_BOUND('',#6550,.T.);
#6550 = EDGE_LOOP('',(#6551,#6574,#6595,#6596));
#6551 = ORIENTED_EDGE('',*,*,#6552,.T.);
#6552 = EDGE_CURVE('',#2528,#6553,#6555,.T.);
#6553 = VERTEX_POINT('',#6554);
#6554 = CARTESIAN_POINT('',(11.8359375,-54.95483398437,7.));
#6555 = SURFACE_CURVE('',#6556,(#6560,#6567),.PCURVE_S1.);
#6556 = LINE('',#6557,#6558);
#6557 = CARTESIAN_POINT('',(11.8359375,-54.95483398437,10.));
#6558 = VECTOR('',#6559,1.);
#6559 = DIRECTION('',(-0.,-0.,-1.));
#6560 = PCURVE('',#2571,#6561);
#6561 = DEFINITIONAL_REPRESENTATION('',(#6562),#6566);
#6562 = LINE('',#6563,#6564);
#6563 = CARTESIAN_POINT('',(0.,0.));
#6564 = VECTOR('',#6565,1.);
#6565 = DIRECTION('',(0.,-1.));
#6566 = ( GEOMETRIC_REPRESENTATION_CONTEXT(2) 
PARAMETRIC_REPRESENTATION_CONTEXT() REPRESENTATION_CONTEXT('2D SPACE',''
  ) );
#6567 = PCURVE('',#2543,#6568);
#6568 = DEFINITIONAL_REPRESENTATION('',(#6569),#6573);
#6569 = LINE('',#6570,#6571);
#6570 = CARTESIAN_POINT('',(10.78125,0.));
#6571 = VECTOR('',#6572,1.);
#6572 = DIRECTION('',(0.,-1.));
#6573 = ( GEOMETRIC_REPRESENTATION_CONTEXT(2) 
PARAMETRIC_REPRESENTATION_CONTEXT() REPRESENTATION_CONTEXT('2D SPACE',''
  ) );
#6574 = ORIENTED_EDGE('',*,*,#6575,.T.);
#6575 = EDGE_CURVE('',#6553,#6504,#6576,.T.);
#6576 = SURFACE_CURVE('',#6577,(#6581,#6588),.PCURVE_S1.);
#6577 = LINE('',#6578,#6579);
#6578 = CARTESIAN_POINT('',(11.8359375,-54.95483398437,7.));
#6579 = VECTOR('',#6580,1.);
#6580 = DIRECTION('',(-1.,0.,0.));
#6581 = PCURVE('',#2571,#6582);
#6582 = DEFINITIONAL_REPRESENTATION('',(#6583),#6587);
#6583 = LINE('',#6584,#6585);
#6584 = CARTESIAN_POINT('',(0.,-3.));
#6585 = VECTOR('',#6586,1.);
#6586 = DIRECTION('',(1.,0.));
#6587 = ( GEOMETRIC_REPRESENTATION_CONTEXT(2) 
PARAMETRIC_REPRESENTATION_CONTEXT() REPRESENTATION_CONTEXT('2D SPACE',''
  ) );
#6588 = PCURVE('',#6315,#6589);
#6589 = DEFINITIONAL_REPRESENTATION('',(#6590),#6594);
#6590 = LINE('',#6591,#6592);
#6591 = CARTESIAN_POINT('',(5.58837890625,0.));
#6592 = VECTOR('',#6593,1.);
#6593 = DIRECTION('',(-1.,0.));
#6594 = ( GEOMETRIC_REPRESENTATION_CONTEXT(2) 
PARAMETRIC_REPRESENTATION_CONTEXT() REPRESENTATION_CONTEXT('2D SPACE',''
  ) );
#6595 = ORIENTED_EDGE('',*,*,#6503,.F.);
#6596 = ORIENTED_EDGE('',*,*,#2555,.F.);
#6597 = ADVANCED_FACE('',(#6598),#2543,.T.);
#6598 = FACE_BOUND('',#6599,.T.);
#6599 = EDGE_LOOP('',(#6600,#6601,#6622,#6623));
#6600 = ORIENTED_EDGE('',*,*,#6327,.T.);
#6601 = ORIENTED_EDGE('',*,*,#6602,.T.);
#6602 = EDGE_CURVE('',#6300,#6553,#6603,.T.);
#6603 = SURFACE_CURVE('',#6604,(#6608,#6615),.PCURVE_S1.);
#6604 = LINE('',#6605,#6606);
#6605 = CARTESIAN_POINT('',(11.8359375,-44.17358398437,7.));
#6606 = VECTOR('',#6607,1.);
#6607 = DIRECTION('',(0.,-1.,0.));
#6608 = PCURVE('',#2543,#6609);
#6609 = DEFINITIONAL_REPRESENTATION('',(#6610),#6614);
#6610 = LINE('',#6611,#6612);
#6611 = CARTESIAN_POINT('',(0.,-3.));
#6612 = VECTOR('',#6613,1.);
#6613 = DIRECTION('',(1.,0.));
#6614 = ( GEOMETRIC_REPRESENTATION_CONTEXT(2) 
PARAMETRIC_REPRESENTATION_CONTEXT() REPRESENTATION_CONTEXT('2D SPACE',''
  ) );
#6615 = PCURVE('',#6315,#6616);
#6616 = DEFINITIONAL_REPRESENTATION('',(#6617),#6621);
#6617 = LINE('',#6618,#6619);
#6618 = CARTESIAN_POINT('',(5.58837890625,10.78125));
#6619 = VECTOR('',#6620,1.);
#6620 = DIRECTION('',(0.,-1.));
#6621 = ( GEOMETRIC_REPRESENTATION_CONTEXT(2) 
PARAMETRIC_REPRESENTATION_CONTEXT() REPRESENTATION_CONTEXT('2D SPACE',''
  ) );
#6622 = ORIENTED_EDGE('',*,*,#6552,.F.);
#6623 = ORIENTED_EDGE('',*,*,#2527,.F.);
#6624 = ADVANCED_FACE('',(#6625),#2725,.F.);
#6625 = FACE_BOUND('',#6626,.F.);
#6626 = EDGE_LOOP('',(#6627,#6650,#6680,#6701));
#6627 = ORIENTED_EDGE('',*,*,#6628,.T.);
#6628 = EDGE_CURVE('',#2706,#6629,#6631,.T.);
#6629 = VERTEX_POINT('',#6630);
#6630 = CARTESIAN_POINT('',(16.875,-53.68774414062,7.));
#6631 = SURFACE_CURVE('',#6632,(#6636,#6643),.PCURVE_S1.);
#6632 = LINE('',#6633,#6634);
#6633 = CARTESIAN_POINT('',(16.875,-53.68774414062,10.));
#6634 = VECTOR('',#6635,1.);
#6635 = DIRECTION('',(-0.,-0.,-1.));
#6636 = PCURVE('',#2725,#6637);
#6637 = DEFINITIONAL_REPRESENTATION('',(#6638),#6642);
#6638 = LINE('',#6639,#6640);
#6639 = CARTESIAN_POINT('',(0.,0.));
#6640 = VECTOR('',#6641,1.);
#6641 = DIRECTION('',(0.,-1.));
#6642 = ( GEOMETRIC_REPRESENTATION_CONTEXT(2) 
PARAMETRIC_REPRESENTATION_CONTEXT() REPRESENTATION_CONTEXT('2D SPACE',''
  ) );
#6643 = PCURVE('',#2756,#6644);
#6644 = DEFINITIONAL_REPRESENTATION('',(#6645),#6649);
#6645 = LINE('',#6646,#6647);
#6646 = CARTESIAN_POINT('',(0.,0.));
#6647 = VECTOR('',#6648,1.);
#6648 = DIRECTION('',(0.,-1.));
#6649 = ( GEOMETRIC_REPRESENTATION_CONTEXT(2) 
PARAMETRIC_REPRESENTATION_CONTEXT() REPRESENTATION_CONTEXT('2D SPACE',''
  ) );
#6650 = ORIENTED_EDGE('',*,*,#6651,.T.);
#6651 = EDGE_CURVE('',#6629,#6652,#6654,.T.);
#6652 = VERTEX_POINT('',#6653);
#6653 = CARTESIAN_POINT('',(18.955078125,-51.62231445312,7.));
#6654 = SURFACE_CURVE('',#6655,(#6660,#6667),.PCURVE_S1.);
#6655 = B_SPLINE_CURVE_WITH_KNOTS('',2,(#6656,#6657,#6658,#6659),
  .UNSPECIFIED.,.F.,.F.,(3,1,3),(0.,1.,2.),.QUASI_UNIFORM_KNOTS.);
#6656 = CARTESIAN_POINT('',(16.875,-53.68774414062,7.));
#6657 = CARTESIAN_POINT('',(17.0947265625,-53.32885742187,7.));
#6658 = CARTESIAN_POINT('',(17.7685546875,-52.61840820312,7.));
#6659 = CARTESIAN_POINT('',(18.955078125,-51.62231445312,7.));
#6660 = PCURVE('',#2725,#6661);
#6661 = DEFINITIONAL_REPRESENTATION('',(#6662),#6666);
#6662 = LINE('',#6663,#6664);
#6663 = CARTESIAN_POINT('',(0.,-3.));
#6664 = VECTOR('',#6665,1.);
#6665 = DIRECTION('',(1.,0.));
#6666 = ( GEOMETRIC_REPRESENTATION_CONTEXT(2) 
PARAMETRIC_REPRESENTATION_CONTEXT() REPRESENTATION_CONTEXT('2D SPACE',''
  ) );
#6667 = PCURVE('',#6668,#6673);
#6668 = PLANE('',#6669);
#6669 = AXIS2_PLACEMENT_3D('',#6670,#6671,#6672);
#6670 = CARTESIAN_POINT('',(14.58984375,-54.95483398437,7.));
#6671 = DIRECTION('',(0.,0.,1.));
#6672 = DIRECTION('',(1.,0.,0.));
#6673 = DEFINITIONAL_REPRESENTATION('',(#6674),#6679);
#6674 = B_SPLINE_CURVE_WITH_KNOTS('',2,(#6675,#6676,#6677,#6678),
  .UNSPECIFIED.,.F.,.F.,(3,1,3),(0.,1.,2.),.QUASI_UNIFORM_KNOTS.);
#6675 = CARTESIAN_POINT('',(2.28515625,1.26708984375));
#6676 = CARTESIAN_POINT('',(2.5048828125,1.6259765625));
#6677 = CARTESIAN_POINT('',(3.1787109375,2.33642578125));
#6678 = CARTESIAN_POINT('',(4.365234375,3.33251953125));
#6679 = ( GEOMETRIC_REPRESENTATION_CONTEXT(2) 
PARAMETRIC_REPRESENTATION_CONTEXT() REPRESENTATION_CONTEXT('2D SPACE',''
  ) );
#6680 = ORIENTED_EDGE('',*,*,#6681,.F.);
#6681 = EDGE_CURVE('',#2708,#6652,#6682,.T.);
#6682 = SURFACE_CURVE('',#6683,(#6687,#6694),.PCURVE_S1.);
#6683 = LINE('',#6684,#6685);
#6684 = CARTESIAN_POINT('',(18.955078125,-51.62231445312,10.));
#6685 = VECTOR('',#6686,1.);
#6686 = DIRECTION('',(-0.,-0.,-1.));
#6687 = PCURVE('',#2725,#6688);
#6688 = DEFINITIONAL_REPRESENTATION('',(#6689),#6693);
#6689 = LINE('',#6690,#6691);
#6690 = CARTESIAN_POINT('',(2.,0.));
#6691 = VECTOR('',#6692,1.);
#6692 = DIRECTION('',(0.,-1.));
#6693 = ( GEOMETRIC_REPRESENTATION_CONTEXT(2) 
PARAMETRIC_REPRESENTATION_CONTEXT() REPRESENTATION_CONTEXT('2D SPACE',''
  ) );
#6694 = PCURVE('',#2986,#6695);
#6695 = DEFINITIONAL_REPRESENTATION('',(#6696),#6700);
#6696 = LINE('',#6697,#6698);
#6697 = CARTESIAN_POINT('',(0.,0.));
#6698 = VECTOR('',#6699,1.);
#6699 = DIRECTION('',(0.,-1.));
#6700 = ( GEOMETRIC_REPRESENTATION_CONTEXT(2) 
PARAMETRIC_REPRESENTATION_CONTEXT() REPRESENTATION_CONTEXT('2D SPACE',''
  ) );
#6701 = ORIENTED_EDGE('',*,*,#2705,.F.);
#6702 = ADVANCED_FACE('',(#6703),#2986,.F.);
#6703 = FACE_BOUND('',#6704,.F.);
#6704 = EDGE_LOOP('',(#6705,#6706,#6741,#6762));
#6705 = ORIENTED_EDGE('',*,*,#6681,.T.);
#6706 = ORIENTED_EDGE('',*,*,#6707,.T.);
#6707 = EDGE_CURVE('',#6652,#6708,#6710,.T.);
#6708 = VERTEX_POINT('',#6709);
#6709 = CARTESIAN_POINT('',(15.29296875,-47.27905273437,7.));
#6710 = SURFACE_CURVE('',#6711,(#6721,#6728),.PCURVE_S1.);
#6711 = B_SPLINE_CURVE_WITH_KNOTS('',2,(#6712,#6713,#6714,#6715,#6716,
    #6717,#6718,#6719,#6720),.UNSPECIFIED.,.F.,.F.,(3,1,1,1,1,1,1,3),(0.
    ,1.,2.,3.,4.965909090909,6.931818181818,8.879093063335,
    10.826367944851),.UNSPECIFIED.);
#6712 = CARTESIAN_POINT('',(18.955078125,-51.62231445312,7.));
#6713 = CARTESIAN_POINT('',(20.3759765625,-50.42114257812,7.));
#6714 = CARTESIAN_POINT('',(21.59912109375,-49.04418945312,7.));
#6715 = CARTESIAN_POINT('',(22.12646484375,-47.79907226562,7.));
#6716 = CARTESIAN_POINT('',(22.12646484375,-45.88745117187,7.));
#6717 = CARTESIAN_POINT('',(20.32470703125,-44.17358398437,7.));
#6718 = CARTESIAN_POINT('',(17.24853515625,-44.17358398437,7.));
#6719 = CARTESIAN_POINT('',(15.43212890625,-45.76293945312,7.));
#6720 = CARTESIAN_POINT('',(15.29296875,-47.27905273437,7.));
#6721 = PCURVE('',#2986,#6722);
#6722 = DEFINITIONAL_REPRESENTATION('',(#6723),#6727);
#6723 = LINE('',#6724,#6725);
#6724 = CARTESIAN_POINT('',(0.,-3.));
#6725 = VECTOR('',#6726,1.);
#6726 = DIRECTION('',(1.,0.));
#6727 = ( GEOMETRIC_REPRESENTATION_CONTEXT(2) 
PARAMETRIC_REPRESENTATION_CONTEXT() REPRESENTATION_CONTEXT('2D SPACE',''
  ) );
#6728 = PCURVE('',#6668,#6729);
#6729 = DEFINITIONAL_REPRESENTATION('',(#6730),#6740);
#6730 = B_SPLINE_CURVE_WITH_KNOTS('',2,(#6731,#6732,#6733,#6734,#6735,
    #6736,#6737,#6738,#6739),.UNSPECIFIED.,.F.,.F.,(3,1,1,1,1,1,1,3),(0.
    ,1.,2.,3.,4.965909090909,6.931818181818,8.879093063335,
    10.826367944851),.UNSPECIFIED.);
#6731 = CARTESIAN_POINT('',(4.365234375,3.33251953125));
#6732 = CARTESIAN_POINT('',(5.7861328125,4.53369140625));
#6733 = CARTESIAN_POINT('',(7.00927734375,5.91064453125));
#6734 = CARTESIAN_POINT('',(7.53662109375,7.15576171875));
#6735 = CARTESIAN_POINT('',(7.53662109375,9.0673828125));
#6736 = CARTESIAN_POINT('',(5.73486328125,10.78125));
#6737 = CARTESIAN_POINT('',(2.65869140625,10.78125));
#6738 = CARTESIAN_POINT('',(0.84228515625,9.19189453125));
#6739 = CARTESIAN_POINT('',(0.703125,7.67578125));
#6740 = ( GEOMETRIC_REPRESENTATION_CONTEXT(2) 
PARAMETRIC_REPRESENTATION_CONTEXT() REPRESENTATION_CONTEXT('2D SPACE',''
  ) );
#6741 = ORIENTED_EDGE('',*,*,#6742,.F.);
#6742 = EDGE_CURVE('',#2933,#6708,#6743,.T.);
#6743 = SURFACE_CURVE('',#6744,(#6748,#6755),.PCURVE_S1.);
#6744 = LINE('',#6745,#6746);
#6745 = CARTESIAN_POINT('',(15.29296875,-47.27905273437,10.));
#6746 = VECTOR('',#6747,1.);
#6747 = DIRECTION('',(-0.,-0.,-1.));
#6748 = PCURVE('',#2986,#6749);
#6749 = DEFINITIONAL_REPRESENTATION('',(#6750),#6754);
#6750 = LINE('',#6751,#6752);
#6751 = CARTESIAN_POINT('',(10.826367944851,0.));
#6752 = VECTOR('',#6753,1.);
#6753 = DIRECTION('',(0.,-1.));
#6754 = ( GEOMETRIC_REPRESENTATION_CONTEXT(2) 
PARAMETRIC_REPRESENTATION_CONTEXT() REPRESENTATION_CONTEXT('2D SPACE',''
  ) );
#6755 = PCURVE('',#2948,#6756);
#6756 = DEFINITIONAL_REPRESENTATION('',(#6757),#6761);
#6757 = LINE('',#6758,#6759);
#6758 = CARTESIAN_POINT('',(1.36210778567,0.));
#6759 = VECTOR('',#6760,1.);
#6760 = DIRECTION('',(0.,-1.));
#6761 = ( GEOMETRIC_REPRESENTATION_CONTEXT(2) 
PARAMETRIC_REPRESENTATION_CONTEXT() REPRESENTATION_CONTEXT('2D SPACE',''
  ) );
#6762 = ORIENTED_EDGE('',*,*,#2960,.F.);
#6763 = ADVANCED_FACE('',(#6764),#2948,.T.);
#6764 = FACE_BOUND('',#6765,.T.);
#6765 = EDGE_LOOP('',(#6766,#6789,#6810,#6811));
#6766 = ORIENTED_EDGE('',*,*,#6767,.T.);
#6767 = EDGE_CURVE('',#2888,#6768,#6770,.T.);
#6768 = VERTEX_POINT('',#6769);
#6769 = CARTESIAN_POINT('',(16.64794921875,-47.41821289062,7.));
#6770 = SURFACE_CURVE('',#6771,(#6775,#6782),.PCURVE_S1.);
#6771 = LINE('',#6772,#6773);
#6772 = CARTESIAN_POINT('',(16.64794921875,-47.41821289062,10.));
#6773 = VECTOR('',#6774,1.);
#6774 = DIRECTION('',(-0.,-0.,-1.));
#6775 = PCURVE('',#2948,#6776);
#6776 = DEFINITIONAL_REPRESENTATION('',(#6777),#6781);
#6777 = LINE('',#6778,#6779);
#6778 = CARTESIAN_POINT('',(0.,0.));
#6779 = VECTOR('',#6780,1.);
#6780 = DIRECTION('',(0.,-1.));
#6781 = ( GEOMETRIC_REPRESENTATION_CONTEXT(2) 
PARAMETRIC_REPRESENTATION_CONTEXT() REPRESENTATION_CONTEXT('2D SPACE',''
  ) );
#6782 = PCURVE('',#2913,#6783);
#6783 = DEFINITIONAL_REPRESENTATION('',(#6784),#6788);
#6784 = LINE('',#6785,#6786);
#6785 = CARTESIAN_POINT('',(0.,0.));
#6786 = VECTOR('',#6787,1.);
#6787 = DIRECTION('',(0.,-1.));
#6788 = ( GEOMETRIC_REPRESENTATION_CONTEXT(2) 
PARAMETRIC_REPRESENTATION_CONTEXT() REPRESENTATION_CONTEXT('2D SPACE',''
  ) );
#6789 = ORIENTED_EDGE('',*,*,#6790,.T.);
#6790 = EDGE_CURVE('',#6768,#6708,#6791,.T.);
#6791 = SURFACE_CURVE('',#6792,(#6796,#6803),.PCURVE_S1.);
#6792 = LINE('',#6793,#6794);
#6793 = CARTESIAN_POINT('',(16.64794921875,-47.41821289062,7.));
#6794 = VECTOR('',#6795,1.);
#6795 = DIRECTION('',(-0.994767435445,0.102165304181,0.));
#6796 = PCURVE('',#2948,#6797);
#6797 = DEFINITIONAL_REPRESENTATION('',(#6798),#6802);
#6798 = LINE('',#6799,#6800);
#6799 = CARTESIAN_POINT('',(0.,-3.));
#6800 = VECTOR('',#6801,1.);
#6801 = DIRECTION('',(1.,0.));
#6802 = ( GEOMETRIC_REPRESENTATION_CONTEXT(2) 
PARAMETRIC_REPRESENTATION_CONTEXT() REPRESENTATION_CONTEXT('2D SPACE',''
  ) );
#6803 = PCURVE('',#6668,#6804);
#6804 = DEFINITIONAL_REPRESENTATION('',(#6805),#6809);
#6805 = LINE('',#6806,#6807);
#6806 = CARTESIAN_POINT('',(2.05810546875,7.53662109375));
#6807 = VECTOR('',#6808,1.);
#6808 = DIRECTION('',(-0.994767435445,0.102165304181));
#6809 = ( GEOMETRIC_REPRESENTATION_CONTEXT(2) 
PARAMETRIC_REPRESENTATION_CONTEXT() REPRESENTATION_CONTEXT('2D SPACE',''
  ) );
#6810 = ORIENTED_EDGE('',*,*,#6742,.F.);
#6811 = ORIENTED_EDGE('',*,*,#2932,.F.);
#6812 = ADVANCED_FACE('',(#6813),#2913,.F.);
#6813 = FACE_BOUND('',#6814,.F.);
#6814 = EDGE_LOOP('',(#6815,#6816,#6849,#6870));
#6815 = ORIENTED_EDGE('',*,*,#6767,.T.);
#6816 = ORIENTED_EDGE('',*,*,#6817,.T.);
#6817 = EDGE_CURVE('',#6768,#6818,#6820,.T.);
#6818 = VERTEX_POINT('',#6819);
#6819 = CARTESIAN_POINT('',(17.79052734375,-50.98510742187,7.));
#6820 = SURFACE_CURVE('',#6821,(#6830,#6837),.PCURVE_S1.);
#6821 = B_SPLINE_CURVE_WITH_KNOTS('',2,(#6822,#6823,#6824,#6825,#6826,
    #6827,#6828,#6829),.UNSPECIFIED.,.F.,.F.,(3,1,1,1,1,1,3),(0.,1.,2.,
    2.946153846154,3.892307692308,4.794248741912,5.696189791517),
  .UNSPECIFIED.);
#6822 = CARTESIAN_POINT('',(16.64794921875,-47.41821289062,7.));
#6823 = CARTESIAN_POINT('',(16.6552734375,-46.40747070312,7.));
#6824 = CARTESIAN_POINT('',(17.7978515625,-45.26489257812,7.));
#6825 = CARTESIAN_POINT('',(19.65087890625,-45.26489257812,7.));
#6826 = CARTESIAN_POINT('',(20.771484375,-46.34155273437,7.));
#6827 = CARTESIAN_POINT('',(20.771484375,-47.87231445312,7.));
#6828 = CARTESIAN_POINT('',(19.541015625,-49.54956054687,7.));
#6829 = CARTESIAN_POINT('',(17.79052734375,-50.98510742187,7.));
#6830 = PCURVE('',#2913,#6831);
#6831 = DEFINITIONAL_REPRESENTATION('',(#6832),#6836);
#6832 = LINE('',#6833,#6834);
#6833 = CARTESIAN_POINT('',(0.,-3.));
#6834 = VECTOR('',#6835,1.);
#6835 = DIRECTION('',(1.,0.));
#6836 = ( GEOMETRIC_REPRESENTATION_CONTEXT(2) 
PARAMETRIC_REPRESENTATION_CONTEXT() REPRESENTATION_CONTEXT('2D SPACE',''
  ) );
#6837 = PCURVE('',#6668,#6838);
#6838 = DEFINITIONAL_REPRESENTATION('',(#6839),#6848);
#6839 = B_SPLINE_CURVE_WITH_KNOTS('',2,(#6840,#6841,#6842,#6843,#6844,
    #6845,#6846,#6847),.UNSPECIFIED.,.F.,.F.,(3,1,1,1,1,1,3),(0.,1.,2.,
    2.946153846154,3.892307692308,4.794248741912,5.696189791517),
  .UNSPECIFIED.);
#6840 = CARTESIAN_POINT('',(2.05810546875,7.53662109375));
#6841 = CARTESIAN_POINT('',(2.0654296875,8.54736328125));
#6842 = CARTESIAN_POINT('',(3.2080078125,9.68994140625));
#6843 = CARTESIAN_POINT('',(5.06103515625,9.68994140625));
#6844 = CARTESIAN_POINT('',(6.181640625,8.61328125));
#6845 = CARTESIAN_POINT('',(6.181640625,7.08251953125));
#6846 = CARTESIAN_POINT('',(4.951171875,5.4052734375));
#6847 = CARTESIAN_POINT('',(3.20068359375,3.9697265625));
#6848 = ( GEOMETRIC_REPRESENTATION_CONTEXT(2) 
PARAMETRIC_REPRESENTATION_CONTEXT() REPRESENTATION_CONTEXT('2D SPACE',''
  ) );
#6849 = ORIENTED_EDGE('',*,*,#6850,.F.);
#6850 = EDGE_CURVE('',#2855,#6818,#6851,.T.);
#6851 = SURFACE_CURVE('',#6852,(#6856,#6863),.PCURVE_S1.);
#6852 = LINE('',#6853,#6854);
#6853 = CARTESIAN_POINT('',(17.79052734375,-50.98510742187,10.));
#6854 = VECTOR('',#6855,1.);
#6855 = DIRECTION('',(-0.,-0.,-1.));
#6856 = PCURVE('',#2913,#6857);
#6857 = DEFINITIONAL_REPRESENTATION('',(#6858),#6862);
#6858 = LINE('',#6859,#6860);
#6859 = CARTESIAN_POINT('',(5.696189791517,0.));
#6860 = VECTOR('',#6861,1.);
#6861 = DIRECTION('',(0.,-1.));
#6862 = ( GEOMETRIC_REPRESENTATION_CONTEXT(2) 
PARAMETRIC_REPRESENTATION_CONTEXT() REPRESENTATION_CONTEXT('2D SPACE',''
  ) );
#6863 = PCURVE('',#2872,#6864);
#6864 = DEFINITIONAL_REPRESENTATION('',(#6865),#6869);
#6865 = LINE('',#6866,#6867);
#6866 = CARTESIAN_POINT('',(0.,0.));
#6867 = VECTOR('',#6868,1.);
#6868 = DIRECTION('',(0.,-1.));
#6869 = ( GEOMETRIC_REPRESENTATION_CONTEXT(2) 
PARAMETRIC_REPRESENTATION_CONTEXT() REPRESENTATION_CONTEXT('2D SPACE',''
  ) );
#6870 = ORIENTED_EDGE('',*,*,#2887,.F.);
#6871 = ADVANCED_FACE('',(#6872),#2872,.F.);
#6872 = FACE_BOUND('',#6873,.F.);
#6873 = EDGE_LOOP('',(#6874,#6875,#6900,#6921));
#6874 = ORIENTED_EDGE('',*,*,#6850,.T.);
#6875 = ORIENTED_EDGE('',*,*,#6876,.T.);
#6876 = EDGE_CURVE('',#6818,#6877,#6879,.T.);
#6877 = VERTEX_POINT('',#6878);
#6878 = CARTESIAN_POINT('',(15.19775390625,-54.03930664062,7.));
#6879 = SURFACE_CURVE('',#6880,(#6885,#6892),.PCURVE_S1.);
#6880 = B_SPLINE_CURVE_WITH_KNOTS('',2,(#6881,#6882,#6883,#6884),
  .UNSPECIFIED.,.F.,.F.,(3,1,3),(0.,1.,2.),.QUASI_UNIFORM_KNOTS.);
#6881 = CARTESIAN_POINT('',(17.79052734375,-50.98510742187,7.));
#6882 = CARTESIAN_POINT('',(16.66259765625,-51.90795898437,7.));
#6883 = CARTESIAN_POINT('',(15.46875,-53.31420898437,7.));
#6884 = CARTESIAN_POINT('',(15.19775390625,-54.03930664062,7.));
#6885 = PCURVE('',#2872,#6886);
#6886 = DEFINITIONAL_REPRESENTATION('',(#6887),#6891);
#6887 = LINE('',#6888,#6889);
#6888 = CARTESIAN_POINT('',(0.,-3.));
#6889 = VECTOR('',#6890,1.);
#6890 = DIRECTION('',(1.,0.));
#6891 = ( GEOMETRIC_REPRESENTATION_CONTEXT(2) 
PARAMETRIC_REPRESENTATION_CONTEXT() REPRESENTATION_CONTEXT('2D SPACE',''
  ) );
#6892 = PCURVE('',#6668,#6893);
#6893 = DEFINITIONAL_REPRESENTATION('',(#6894),#6899);
#6894 = B_SPLINE_CURVE_WITH_KNOTS('',2,(#6895,#6896,#6897,#6898),
  .UNSPECIFIED.,.F.,.F.,(3,1,3),(0.,1.,2.),.QUASI_UNIFORM_KNOTS.);
#6895 = CARTESIAN_POINT('',(3.20068359375,3.9697265625));
#6896 = CARTESIAN_POINT('',(2.07275390625,3.046875));
#6897 = CARTESIAN_POINT('',(0.87890625,1.640625));
#6898 = CARTESIAN_POINT('',(0.60791015625,0.91552734375));
#6899 = ( GEOMETRIC_REPRESENTATION_CONTEXT(2) 
PARAMETRIC_REPRESENTATION_CONTEXT() REPRESENTATION_CONTEXT('2D SPACE',''
  ) );
#6900 = ORIENTED_EDGE('',*,*,#6901,.F.);
#6901 = EDGE_CURVE('',#2825,#6877,#6902,.T.);
#6902 = SURFACE_CURVE('',#6903,(#6907,#6914),.PCURVE_S1.);
#6903 = LINE('',#6904,#6905);
#6904 = CARTESIAN_POINT('',(15.19775390625,-54.03930664062,10.));
#6905 = VECTOR('',#6906,1.);
#6906 = DIRECTION('',(-0.,-0.,-1.));
#6907 = PCURVE('',#2872,#6908);
#6908 = DEFINITIONAL_REPRESENTATION('',(#6909),#6913);
#6909 = LINE('',#6910,#6911);
#6910 = CARTESIAN_POINT('',(2.,0.));
#6911 = VECTOR('',#6912,1.);
#6912 = DIRECTION('',(0.,-1.));
#6913 = ( GEOMETRIC_REPRESENTATION_CONTEXT(2) 
PARAMETRIC_REPRESENTATION_CONTEXT() REPRESENTATION_CONTEXT('2D SPACE',''
  ) );
#6914 = PCURVE('',#2840,#6915);
#6915 = DEFINITIONAL_REPRESENTATION('',(#6916),#6920);
#6916 = LINE('',#6917,#6918);
#6917 = CARTESIAN_POINT('',(1.,0.));
#6918 = VECTOR('',#6919,1.);
#6919 = DIRECTION('',(0.,-1.));
#6920 = ( GEOMETRIC_REPRESENTATION_CONTEXT(2) 
PARAMETRIC_REPRESENTATION_CONTEXT() REPRESENTATION_CONTEXT('2D SPACE',''
  ) );
#6921 = ORIENTED_EDGE('',*,*,#2854,.F.);
#6922 = ADVANCED_FACE('',(#6923),#2840,.T.);
#6923 = FACE_BOUND('',#6924,.T.);
#6924 = EDGE_LOOP('',(#6925,#6948,#6969,#6970));
#6925 = ORIENTED_EDGE('',*,*,#6926,.T.);
#6926 = EDGE_CURVE('',#2797,#6927,#6929,.T.);
#6927 = VERTEX_POINT('',#6928);
#6928 = CARTESIAN_POINT('',(15.0439453125,-54.95483398437,7.));
#6929 = SURFACE_CURVE('',#6930,(#6934,#6941),.PCURVE_S1.);
#6930 = LINE('',#6931,#6932);
#6931 = CARTESIAN_POINT('',(15.0439453125,-54.95483398437,10.));
#6932 = VECTOR('',#6933,1.);
#6933 = DIRECTION('',(-0.,-0.,-1.));
#6934 = PCURVE('',#2840,#6935);
#6935 = DEFINITIONAL_REPRESENTATION('',(#6936),#6940);
#6936 = LINE('',#6937,#6938);
#6937 = CARTESIAN_POINT('',(0.,0.));
#6938 = VECTOR('',#6939,1.);
#6939 = DIRECTION('',(0.,-1.));
#6940 = ( GEOMETRIC_REPRESENTATION_CONTEXT(2) 
PARAMETRIC_REPRESENTATION_CONTEXT() REPRESENTATION_CONTEXT('2D SPACE',''
  ) );
#6941 = PCURVE('',#2812,#6942);
#6942 = DEFINITIONAL_REPRESENTATION('',(#6943),#6947);
#6943 = LINE('',#6944,#6945);
#6944 = CARTESIAN_POINT('',(7.09716796875,0.));
#6945 = VECTOR('',#6946,1.);
#6946 = DIRECTION('',(0.,-1.));
#6947 = ( GEOMETRIC_REPRESENTATION_CONTEXT(2) 
PARAMETRIC_REPRESENTATION_CONTEXT() REPRESENTATION_CONTEXT('2D SPACE',''
  ) );
#6948 = ORIENTED_EDGE('',*,*,#6949,.T.);
#6949 = EDGE_CURVE('',#6927,#6877,#6950,.T.);
#6950 = SURFACE_CURVE('',#6951,(#6955,#6962),.PCURVE_S1.);
#6951 = B_SPLINE_CURVE_WITH_KNOTS('',2,(#6952,#6953,#6954),
  .UNSPECIFIED.,.F.,.F.,(3,3),(0.,1.),.PIECEWISE_BEZIER_KNOTS.);
#6952 = CARTESIAN_POINT('',(15.0439453125,-54.95483398437,7.));
#6953 = CARTESIAN_POINT('',(15.029296875,-54.47875976562,7.));
#6954 = CARTESIAN_POINT('',(15.19775390625,-54.03930664062,7.));
#6955 = PCURVE('',#2840,#6956);
#6956 = DEFINITIONAL_REPRESENTATION('',(#6957),#6961);
#6957 = LINE('',#6958,#6959);
#6958 = CARTESIAN_POINT('',(0.,-3.));
#6959 = VECTOR('',#6960,1.);
#6960 = DIRECTION('',(1.,0.));
#6961 = ( GEOMETRIC_REPRESENTATION_CONTEXT(2) 
PARAMETRIC_REPRESENTATION_CONTEXT() REPRESENTATION_CONTEXT('2D SPACE',''
  ) );
#6962 = PCURVE('',#6668,#6963);
#6963 = DEFINITIONAL_REPRESENTATION('',(#6964),#6968);
#6964 = B_SPLINE_CURVE_WITH_KNOTS('',2,(#6965,#6966,#6967),
  .UNSPECIFIED.,.F.,.F.,(3,3),(0.,1.),.PIECEWISE_BEZIER_KNOTS.);
#6965 = CARTESIAN_POINT('',(0.4541015625,0.));
#6966 = CARTESIAN_POINT('',(0.439453125,0.47607421875));
#6967 = CARTESIAN_POINT('',(0.60791015625,0.91552734375));
#6968 = ( GEOMETRIC_REPRESENTATION_CONTEXT(2) 
PARAMETRIC_REPRESENTATION_CONTEXT() REPRESENTATION_CONTEXT('2D SPACE',''
  ) );
#6969 = ORIENTED_EDGE('',*,*,#6901,.F.);
#6970 = ORIENTED_EDGE('',*,*,#2824,.F.);
#6971 = ADVANCED_FACE('',(#6972),#2812,.T.);
#6972 = FACE_BOUND('',#6973,.T.);
#6973 = EDGE_LOOP('',(#6974,#6997,#7018,#7019));
#6974 = ORIENTED_EDGE('',*,*,#6975,.T.);
#6975 = EDGE_CURVE('',#2769,#6976,#6978,.T.);
#6976 = VERTEX_POINT('',#6977);
#6977 = CARTESIAN_POINT('',(22.14111328125,-54.95483398437,7.));
#6978 = SURFACE_CURVE('',#6979,(#6983,#6990),.PCURVE_S1.);
#6979 = LINE('',#6980,#6981);
#6980 = CARTESIAN_POINT('',(22.14111328125,-54.95483398437,10.));
#6981 = VECTOR('',#6982,1.);
#6982 = DIRECTION('',(-0.,-0.,-1.));
#6983 = PCURVE('',#2812,#6984);
#6984 = DEFINITIONAL_REPRESENTATION('',(#6985),#6989);
#6985 = LINE('',#6986,#6987);
#6986 = CARTESIAN_POINT('',(0.,0.));
#6987 = VECTOR('',#6988,1.);
#6988 = DIRECTION('',(0.,-1.));
#6989 = ( GEOMETRIC_REPRESENTATION_CONTEXT(2) 
PARAMETRIC_REPRESENTATION_CONTEXT() REPRESENTATION_CONTEXT('2D SPACE',''
  ) );
#6990 = PCURVE('',#2784,#6991);
#6991 = DEFINITIONAL_REPRESENTATION('',(#6992),#6996);
#6992 = LINE('',#6993,#6994);
#6993 = CARTESIAN_POINT('',(1.26708984375,0.));
#6994 = VECTOR('',#6995,1.);
#6995 = DIRECTION('',(0.,-1.));
#6996 = ( GEOMETRIC_REPRESENTATION_CONTEXT(2) 
PARAMETRIC_REPRESENTATION_CONTEXT() REPRESENTATION_CONTEXT('2D SPACE',''
  ) );
#6997 = ORIENTED_EDGE('',*,*,#6998,.T.);
#6998 = EDGE_CURVE('',#6976,#6927,#6999,.T.);
#6999 = SURFACE_CURVE('',#7000,(#7004,#7011),.PCURVE_S1.);
#7000 = LINE('',#7001,#7002);
#7001 = CARTESIAN_POINT('',(22.14111328125,-54.95483398437,7.));
#7002 = VECTOR('',#7003,1.);
#7003 = DIRECTION('',(-1.,0.,0.));
#7004 = PCURVE('',#2812,#7005);
#7005 = DEFINITIONAL_REPRESENTATION('',(#7006),#7010);
#7006 = LINE('',#7007,#7008);
#7007 = CARTESIAN_POINT('',(0.,-3.));
#7008 = VECTOR('',#7009,1.);
#7009 = DIRECTION('',(1.,0.));
#7010 = ( GEOMETRIC_REPRESENTATION_CONTEXT(2) 
PARAMETRIC_REPRESENTATION_CONTEXT() REPRESENTATION_CONTEXT('2D SPACE',''
  ) );
#7011 = PCURVE('',#6668,#7012);
#7012 = DEFINITIONAL_REPRESENTATION('',(#7013),#7017);
#7013 = LINE('',#7014,#7015);
#7014 = CARTESIAN_POINT('',(7.55126953125,0.));
#7015 = VECTOR('',#7016,1.);
#7016 = DIRECTION('',(-1.,0.));
#7017 = ( GEOMETRIC_REPRESENTATION_CONTEXT(2) 
PARAMETRIC_REPRESENTATION_CONTEXT() REPRESENTATION_CONTEXT('2D SPACE',''
  ) );
#7018 = ORIENTED_EDGE('',*,*,#6926,.F.);
#7019 = ORIENTED_EDGE('',*,*,#2796,.F.);
#7020 = ADVANCED_FACE('',(#7021),#2784,.T.);
#7021 = FACE_BOUND('',#7022,.T.);
#7022 = EDGE_LOOP('',(#7023,#7046,#7067,#7068));
#7023 = ORIENTED_EDGE('',*,*,#7024,.T.);
#7024 = EDGE_CURVE('',#2741,#7025,#7027,.T.);
#7025 = VERTEX_POINT('',#7026);
#7026 = CARTESIAN_POINT('',(22.14111328125,-53.68774414062,7.));
#7027 = SURFACE_CURVE('',#7028,(#7032,#7039),.PCURVE_S1.);
#7028 = LINE('',#7029,#7030);
#7029 = CARTESIAN_POINT('',(22.14111328125,-53.68774414062,10.));
#7030 = VECTOR('',#7031,1.);
#7031 = DIRECTION('',(-0.,-0.,-1.));
#7032 = PCURVE('',#2784,#7033);
#7033 = DEFINITIONAL_REPRESENTATION('',(#7034),#7038);
#7034 = LINE('',#7035,#7036);
#7035 = CARTESIAN_POINT('',(0.,0.));
#7036 = VECTOR('',#7037,1.);
#7037 = DIRECTION('',(0.,-1.));
#7038 = ( GEOMETRIC_REPRESENTATION_CONTEXT(2) 
PARAMETRIC_REPRESENTATION_CONTEXT() REPRESENTATION_CONTEXT('2D SPACE',''
  ) );
#7039 = PCURVE('',#2756,#7040);
#7040 = DEFINITIONAL_REPRESENTATION('',(#7041),#7045);
#7041 = LINE('',#7042,#7043);
#7042 = CARTESIAN_POINT('',(5.26611328125,0.));
#7043 = VECTOR('',#7044,1.);
#7044 = DIRECTION('',(0.,-1.));
#7045 = ( GEOMETRIC_REPRESENTATION_CONTEXT(2) 
PARAMETRIC_REPRESENTATION_CONTEXT() REPRESENTATION_CONTEXT('2D SPACE',''
  ) );
#7046 = ORIENTED_EDGE('',*,*,#7047,.T.);
#7047 = EDGE_CURVE('',#7025,#6976,#7048,.T.);
#7048 = SURFACE_CURVE('',#7049,(#7053,#7060),.PCURVE_S1.);
#7049 = LINE('',#7050,#7051);
#7050 = CARTESIAN_POINT('',(22.14111328125,-53.68774414062,7.));
#7051 = VECTOR('',#7052,1.);
#7052 = DIRECTION('',(0.,-1.,0.));
#7053 = PCURVE('',#2784,#7054);
#7054 = DEFINITIONAL_REPRESENTATION('',(#7055),#7059);
#7055 = LINE('',#7056,#7057);
#7056 = CARTESIAN_POINT('',(0.,-3.));
#7057 = VECTOR('',#7058,1.);
#7058 = DIRECTION('',(1.,0.));
#7059 = ( GEOMETRIC_REPRESENTATION_CONTEXT(2) 
PARAMETRIC_REPRESENTATION_CONTEXT() REPRESENTATION_CONTEXT('2D SPACE',''
  ) );
#7060 = PCURVE('',#6668,#7061);
#7061 = DEFINITIONAL_REPRESENTATION('',(#7062),#7066);
#7062 = LINE('',#7063,#7064);
#7063 = CARTESIAN_POINT('',(7.55126953125,1.26708984375));
#7064 = VECTOR('',#7065,1.);
#7065 = DIRECTION('',(0.,-1.));
#7066 = ( GEOMETRIC_REPRESENTATION_CONTEXT(2) 
PARAMETRIC_REPRESENTATION_CONTEXT() REPRESENTATION_CONTEXT('2D SPACE',''
  ) );
#7067 = ORIENTED_EDGE('',*,*,#6975,.F.);
#7068 = ORIENTED_EDGE('',*,*,#2768,.F.);
#7069 = ADVANCED_FACE('',(#7070),#2756,.T.);
#7070 = FACE_BOUND('',#7071,.T.);
#7071 = EDGE_LOOP('',(#7072,#7073,#7094,#7095));
#7072 = ORIENTED_EDGE('',*,*,#6628,.T.);
#7073 = ORIENTED_EDGE('',*,*,#7074,.T.);
#7074 = EDGE_CURVE('',#6629,#7025,#7075,.T.);
#7075 = SURFACE_CURVE('',#7076,(#7080,#7087),.PCURVE_S1.);
#7076 = LINE('',#7077,#7078);
#7077 = CARTESIAN_POINT('',(16.875,-53.68774414062,7.));
#7078 = VECTOR('',#7079,1.);
#7079 = DIRECTION('',(1.,0.,0.));
#7080 = PCURVE('',#2756,#7081);
#7081 = DEFINITIONAL_REPRESENTATION('',(#7082),#7086);
#7082 = LINE('',#7083,#7084);
#7083 = CARTESIAN_POINT('',(0.,-3.));
#7084 = VECTOR('',#7085,1.);
#7085 = DIRECTION('',(1.,0.));
#7086 = ( GEOMETRIC_REPRESENTATION_CONTEXT(2) 
PARAMETRIC_REPRESENTATION_CONTEXT() REPRESENTATION_CONTEXT('2D SPACE',''
  ) );
#7087 = PCURVE('',#6668,#7088);
#7088 = DEFINITIONAL_REPRESENTATION('',(#7089),#7093);
#7089 = LINE('',#7090,#7091);
#7090 = CARTESIAN_POINT('',(2.28515625,1.26708984375));
#7091 = VECTOR('',#7092,1.);
#7092 = DIRECTION('',(1.,0.));
#7093 = ( GEOMETRIC_REPRESENTATION_CONTEXT(2) 
PARAMETRIC_REPRESENTATION_CONTEXT() REPRESENTATION_CONTEXT('2D SPACE',''
  ) );
#7094 = ORIENTED_EDGE('',*,*,#7024,.F.);
#7095 = ORIENTED_EDGE('',*,*,#2740,.F.);
#7096 = ADVANCED_FACE('',(#7097),#3036,.F.);
#7097 = FACE_BOUND('',#7098,.F.);
#7098 = EDGE_LOOP('',(#7099,#7122,#7160,#7181));
#7099 = ORIENTED_EDGE('',*,*,#7100,.T.);
#7100 = EDGE_CURVE('',#3009,#7101,#7103,.T.);
#7101 = VERTEX_POINT('',#7102);
#7102 = CARTESIAN_POINT('',(23.56201171875,-52.12036132812,7.));
#7103 = SURFACE_CURVE('',#7104,(#7108,#7115),.PCURVE_S1.);
#7104 = LINE('',#7105,#7106);
#7105 = CARTESIAN_POINT('',(23.56201171875,-52.12036132812,10.));
#7106 = VECTOR('',#7107,1.);
#7107 = DIRECTION('',(-0.,-0.,-1.));
#7108 = PCURVE('',#3036,#7109);
#7109 = DEFINITIONAL_REPRESENTATION('',(#7110),#7114);
#7110 = LINE('',#7111,#7112);
#7111 = CARTESIAN_POINT('',(0.,0.));
#7112 = VECTOR('',#7113,1.);
#7113 = DIRECTION('',(0.,-1.));
#7114 = ( GEOMETRIC_REPRESENTATION_CONTEXT(2) 
PARAMETRIC_REPRESENTATION_CONTEXT() REPRESENTATION_CONTEXT('2D SPACE',''
  ) );
#7115 = PCURVE('',#3071,#7116);
#7116 = DEFINITIONAL_REPRESENTATION('',(#7117),#7121);
#7117 = LINE('',#7118,#7119);
#7118 = CARTESIAN_POINT('',(0.,0.));
#7119 = VECTOR('',#7120,1.);
#7120 = DIRECTION('',(0.,-1.));
#7121 = ( GEOMETRIC_REPRESENTATION_CONTEXT(2) 
PARAMETRIC_REPRESENTATION_CONTEXT() REPRESENTATION_CONTEXT('2D SPACE',''
  ) );
#7122 = ORIENTED_EDGE('',*,*,#7123,.T.);
#7123 = EDGE_CURVE('',#7101,#7124,#7126,.T.);
#7124 = VERTEX_POINT('',#7125);
#7125 = CARTESIAN_POINT('',(28.58642578125,-49.13940429687,7.));
#7126 = SURFACE_CURVE('',#7127,(#7136,#7143),.PCURVE_S1.);
#7127 = B_SPLINE_CURVE_WITH_KNOTS('',2,(#7128,#7129,#7130,#7131,#7132,
    #7133,#7134,#7135),.UNSPECIFIED.,.F.,.F.,(3,1,1,1,1,1,3),(0.,1.,2.,
    3.108808290155,4.217616580311,5.037672711572,5.857728842832),
  .UNSPECIFIED.);
#7128 = CARTESIAN_POINT('',(23.56201171875,-52.12036132812,7.));
#7129 = CARTESIAN_POINT('',(23.69384765625,-53.46069335937,7.));
#7130 = CARTESIAN_POINT('',(25.5615234375,-55.14526367187,7.));
#7131 = CARTESIAN_POINT('',(28.54248046875,-55.14526367187,7.));
#7132 = CARTESIAN_POINT('',(30.59326171875,-53.18969726562,7.));
#7133 = CARTESIAN_POINT('',(30.59326171875,-50.74340820312,7.));
#7134 = CARTESIAN_POINT('',(29.53857421875,-49.35913085937,7.));
#7135 = CARTESIAN_POINT('',(28.58642578125,-49.13940429687,7.));
#7136 = PCURVE('',#3036,#7137);
#7137 = DEFINITIONAL_REPRESENTATION('',(#7138),#7142);
#7138 = LINE('',#7139,#7140);
#7139 = CARTESIAN_POINT('',(0.,-3.));
#7140 = VECTOR('',#7141,1.);
#7141 = DIRECTION('',(1.,0.));
#7142 = ( GEOMETRIC_REPRESENTATION_CONTEXT(2) 
PARAMETRIC_REPRESENTATION_CONTEXT() REPRESENTATION_CONTEXT('2D SPACE',''
  ) );
#7143 = PCURVE('',#7144,#7149);
#7144 = PLANE('',#7145);
#7145 = AXIS2_PLACEMENT_3D('',#7146,#7147,#7148);
#7146 = CARTESIAN_POINT('',(22.93212890625,-54.95483398437,7.));
#7147 = DIRECTION('',(0.,0.,1.));
#7148 = DIRECTION('',(1.,0.,0.));
#7149 = DEFINITIONAL_REPRESENTATION('',(#7150),#7159);
#7150 = B_SPLINE_CURVE_WITH_KNOTS('',2,(#7151,#7152,#7153,#7154,#7155,
    #7156,#7157,#7158),.UNSPECIFIED.,.F.,.F.,(3,1,1,1,1,1,3),(0.,1.,2.,
    3.108808290155,4.217616580311,5.037672711572,5.857728842832),
  .UNSPECIFIED.);
#7151 = CARTESIAN_POINT('',(0.6298828125,2.83447265625));
#7152 = CARTESIAN_POINT('',(0.76171875,1.494140625));
#7153 = CARTESIAN_POINT('',(2.62939453125,-0.1904296875));
#7154 = CARTESIAN_POINT('',(5.6103515625,-0.1904296875));
#7155 = CARTESIAN_POINT('',(7.6611328125,1.76513671875));
#7156 = CARTESIAN_POINT('',(7.6611328125,4.21142578125));
#7157 = CARTESIAN_POINT('',(6.6064453125,5.595703125));
#7158 = CARTESIAN_POINT('',(5.654296875,5.8154296875));
#7159 = ( GEOMETRIC_REPRESENTATION_CONTEXT(2) 
PARAMETRIC_REPRESENTATION_CONTEXT() REPRESENTATION_CONTEXT('2D SPACE',''
  ) );
#7160 = ORIENTED_EDGE('',*,*,#7161,.F.);
#7161 = EDGE_CURVE('',#3011,#7124,#7162,.T.);
#7162 = SURFACE_CURVE('',#7163,(#7167,#7174),.PCURVE_S1.);
#7163 = LINE('',#7164,#7165);
#7164 = CARTESIAN_POINT('',(28.58642578125,-49.13940429687,10.));
#7165 = VECTOR('',#7166,1.);
#7166 = DIRECTION('',(-0.,-0.,-1.));
#7167 = PCURVE('',#3036,#7168);
#7168 = DEFINITIONAL_REPRESENTATION('',(#7169),#7173);
#7169 = LINE('',#7170,#7171);
#7170 = CARTESIAN_POINT('',(5.857728842832,0.));
#7171 = VECTOR('',#7172,1.);
#7172 = DIRECTION('',(0.,-1.));
#7173 = ( GEOMETRIC_REPRESENTATION_CONTEXT(2) 
PARAMETRIC_REPRESENTATION_CONTEXT() REPRESENTATION_CONTEXT('2D SPACE',''
  ) );
#7174 = PCURVE('',#3261,#7175);
#7175 = DEFINITIONAL_REPRESENTATION('',(#7176),#7180);
#7176 = LINE('',#7177,#7178);
#7177 = CARTESIAN_POINT('',(0.,0.));
#7178 = VECTOR('',#7179,1.);
#7179 = DIRECTION('',(0.,-1.));
#7180 = ( GEOMETRIC_REPRESENTATION_CONTEXT(2) 
PARAMETRIC_REPRESENTATION_CONTEXT() REPRESENTATION_CONTEXT('2D SPACE',''
  ) );
#7181 = ORIENTED_EDGE('',*,*,#3008,.F.);
#7182 = ADVANCED_FACE('',(#7183),#3261,.F.);
#7183 = FACE_BOUND('',#7184,.F.);
#7184 = EDGE_LOOP('',(#7185,#7186,#7221,#7242));
#7185 = ORIENTED_EDGE('',*,*,#7161,.T.);
#7186 = ORIENTED_EDGE('',*,*,#7187,.T.);
#7187 = EDGE_CURVE('',#7124,#7188,#7190,.T.);
#7188 = VERTEX_POINT('',#7189);
#7189 = CARTESIAN_POINT('',(23.69384765625,-46.95678710937,7.));
#7190 = SURFACE_CURVE('',#7191,(#7201,#7208),.PCURVE_S1.);
#7191 = B_SPLINE_CURVE_WITH_KNOTS('',2,(#7192,#7193,#7194,#7195,#7196,
    #7197,#7198,#7199,#7200),.UNSPECIFIED.,.F.,.F.,(3,1,1,1,1,1,1,3),(0.
    ,1.,2.,3.052631578947,4.105263157895,5.157894736842,6.684210526316,
    8.210526315789),.UNSPECIFIED.);
#7192 = CARTESIAN_POINT('',(28.58642578125,-49.13940429687,7.));
#7193 = CARTESIAN_POINT('',(29.31884765625,-48.80249023437,7.));
#7194 = CARTESIAN_POINT('',(30.06591796875,-47.65991210937,7.));
#7195 = CARTESIAN_POINT('',(30.06591796875,-46.23168945312,7.));
#7196 = CARTESIAN_POINT('',(29.2822265625,-44.92797851562,7.));
#7197 = CARTESIAN_POINT('',(27.802734375,-44.17358398437,7.));
#7198 = CARTESIAN_POINT('',(25.6494140625,-44.17358398437,7.));
#7199 = CARTESIAN_POINT('',(23.935546875,-45.63110351562,7.));
#7200 = CARTESIAN_POINT('',(23.69384765625,-46.95678710937,7.));
#7201 = PCURVE('',#3261,#7202);
#7202 = DEFINITIONAL_REPRESENTATION('',(#7203),#7207);
#7203 = LINE('',#7204,#7205);
#7204 = CARTESIAN_POINT('',(0.,-3.));
#7205 = VECTOR('',#7206,1.);
#7206 = DIRECTION('',(1.,0.));
#7207 = ( GEOMETRIC_REPRESENTATION_CONTEXT(2) 
PARAMETRIC_REPRESENTATION_CONTEXT() REPRESENTATION_CONTEXT('2D SPACE',''
  ) );
#7208 = PCURVE('',#7144,#7209);
#7209 = DEFINITIONAL_REPRESENTATION('',(#7210),#7220);
#7210 = B_SPLINE_CURVE_WITH_KNOTS('',2,(#7211,#7212,#7213,#7214,#7215,
    #7216,#7217,#7218,#7219),.UNSPECIFIED.,.F.,.F.,(3,1,1,1,1,1,1,3),(0.
    ,1.,2.,3.052631578947,4.105263157895,5.157894736842,6.684210526316,
    8.210526315789),.UNSPECIFIED.);
#7211 = CARTESIAN_POINT('',(5.654296875,5.8154296875));
#7212 = CARTESIAN_POINT('',(6.38671875,6.15234375));
#7213 = CARTESIAN_POINT('',(7.1337890625,7.294921875));
#7214 = CARTESIAN_POINT('',(7.1337890625,8.72314453125));
#7215 = CARTESIAN_POINT('',(6.35009765625,10.02685546875));
#7216 = CARTESIAN_POINT('',(4.87060546875,10.78125));
#7217 = CARTESIAN_POINT('',(2.71728515625,10.78125));
#7218 = CARTESIAN_POINT('',(1.00341796875,9.32373046875));
#7219 = CARTESIAN_POINT('',(0.76171875,7.998046875));
#7220 = ( GEOMETRIC_REPRESENTATION_CONTEXT(2) 
PARAMETRIC_REPRESENTATION_CONTEXT() REPRESENTATION_CONTEXT('2D SPACE',''
  ) );
#7221 = ORIENTED_EDGE('',*,*,#7222,.F.);
#7222 = EDGE_CURVE('',#3208,#7188,#7223,.T.);
#7223 = SURFACE_CURVE('',#7224,(#7228,#7235),.PCURVE_S1.);
#7224 = LINE('',#7225,#7226);
#7225 = CARTESIAN_POINT('',(23.69384765625,-46.95678710937,10.));
#7226 = VECTOR('',#7227,1.);
#7227 = DIRECTION('',(-0.,-0.,-1.));
#7228 = PCURVE('',#3261,#7229);
#7229 = DEFINITIONAL_REPRESENTATION('',(#7230),#7234);
#7230 = LINE('',#7231,#7232);
#7231 = CARTESIAN_POINT('',(8.210526315789,0.));
#7232 = VECTOR('',#7233,1.);
#7233 = DIRECTION('',(0.,-1.));
#7234 = ( GEOMETRIC_REPRESENTATION_CONTEXT(2) 
PARAMETRIC_REPRESENTATION_CONTEXT() REPRESENTATION_CONTEXT('2D SPACE',''
  ) );
#7235 = PCURVE('',#3223,#7236);
#7236 = DEFINITIONAL_REPRESENTATION('',(#7237),#7241);
#7237 = LINE('',#7238,#7239);
#7238 = CARTESIAN_POINT('',(1.339030650237,0.));
#7239 = VECTOR('',#7240,1.);
#7240 = DIRECTION('',(0.,-1.));
#7241 = ( GEOMETRIC_REPRESENTATION_CONTEXT(2) 
PARAMETRIC_REPRESENTATION_CONTEXT() REPRESENTATION_CONTEXT('2D SPACE',''
  ) );
#7242 = ORIENTED_EDGE('',*,*,#3235,.F.);
#7243 = ADVANCED_FACE('',(#7244),#3223,.T.);
#7244 = FACE_BOUND('',#7245,.T.);
#7245 = EDGE_LOOP('',(#7246,#7269,#7290,#7291));
#7246 = ORIENTED_EDGE('',*,*,#7247,.T.);
#7247 = EDGE_CURVE('',#3160,#7248,#7250,.T.);
#7248 = VERTEX_POINT('',#7249);
#7249 = CARTESIAN_POINT('',(25.01220703125,-47.19116210937,7.));
#7250 = SURFACE_CURVE('',#7251,(#7255,#7262),.PCURVE_S1.);
#7251 = LINE('',#7252,#7253);
#7252 = CARTESIAN_POINT('',(25.01220703125,-47.19116210937,10.));
#7253 = VECTOR('',#7254,1.);
#7254 = DIRECTION('',(-0.,-0.,-1.));
#7255 = PCURVE('',#3223,#7256);
#7256 = DEFINITIONAL_REPRESENTATION('',(#7257),#7261);
#7257 = LINE('',#7258,#7259);
#7258 = CARTESIAN_POINT('',(0.,0.));
#7259 = VECTOR('',#7260,1.);
#7260 = DIRECTION('',(0.,-1.));
#7261 = ( GEOMETRIC_REPRESENTATION_CONTEXT(2) 
PARAMETRIC_REPRESENTATION_CONTEXT() REPRESENTATION_CONTEXT('2D SPACE',''
  ) );
#7262 = PCURVE('',#3187,#7263);
#7263 = DEFINITIONAL_REPRESENTATION('',(#7264),#7268);
#7264 = LINE('',#7265,#7266);
#7265 = CARTESIAN_POINT('',(0.,0.));
#7266 = VECTOR('',#7267,1.);
#7267 = DIRECTION('',(0.,-1.));
#7268 = ( GEOMETRIC_REPRESENTATION_CONTEXT(2) 
PARAMETRIC_REPRESENTATION_CONTEXT() REPRESENTATION_CONTEXT('2D SPACE',''
  ) );
#7269 = ORIENTED_EDGE('',*,*,#7270,.T.);
#7270 = EDGE_CURVE('',#7248,#7188,#7271,.T.);
#7271 = SURFACE_CURVE('',#7272,(#7276,#7283),.PCURVE_S1.);
#7272 = LINE('',#7273,#7274);
#7273 = CARTESIAN_POINT('',(25.01220703125,-47.19116210937,7.));
#7274 = VECTOR('',#7275,1.);
#7275 = DIRECTION('',(-0.984562507786,0.175033334717,0.));
#7276 = PCURVE('',#3223,#7277);
#7277 = DEFINITIONAL_REPRESENTATION('',(#7278),#7282);
#7278 = LINE('',#7279,#7280);
#7279 = CARTESIAN_POINT('',(0.,-3.));
#7280 = VECTOR('',#7281,1.);
#7281 = DIRECTION('',(1.,0.));
#7282 = ( GEOMETRIC_REPRESENTATION_CONTEXT(2) 
PARAMETRIC_REPRESENTATION_CONTEXT() REPRESENTATION_CONTEXT('2D SPACE',''
  ) );
#7283 = PCURVE('',#7144,#7284);
#7284 = DEFINITIONAL_REPRESENTATION('',(#7285),#7289);
#7285 = LINE('',#7286,#7287);
#7286 = CARTESIAN_POINT('',(2.080078125,7.763671875));
#7287 = VECTOR('',#7288,1.);
#7288 = DIRECTION('',(-0.984562507786,0.175033334717));
#7289 = ( GEOMETRIC_REPRESENTATION_CONTEXT(2) 
PARAMETRIC_REPRESENTATION_CONTEXT() REPRESENTATION_CONTEXT('2D SPACE',''
  ) );
#7290 = ORIENTED_EDGE('',*,*,#7222,.F.);
#7291 = ORIENTED_EDGE('',*,*,#3207,.F.);
#7292 = ADVANCED_FACE('',(#7293),#3187,.F.);
#7293 = FACE_BOUND('',#7294,.F.);
#7294 = EDGE_LOOP('',(#7295,#7296,#7331,#7352));
#7295 = ORIENTED_EDGE('',*,*,#7247,.T.);
#7296 = ORIENTED_EDGE('',*,*,#7297,.T.);
#7297 = EDGE_CURVE('',#7248,#7298,#7300,.T.);
#7298 = VERTEX_POINT('',#7299);
#7299 = CARTESIAN_POINT('',(26.30859375,-48.71459960937,7.));
#7300 = SURFACE_CURVE('',#7301,(#7311,#7318),.PCURVE_S1.);
#7301 = B_SPLINE_CURVE_WITH_KNOTS('',2,(#7302,#7303,#7304,#7305,#7306,
    #7307,#7308,#7309,#7310),.UNSPECIFIED.,.F.,.F.,(3,1,1,1,1,1,1,3),(0.
    ,1.,2.,3.009523809524,4.019047619048,5.293698893699,6.56835016835,
    6.690273333752),.UNSPECIFIED.);
#7302 = CARTESIAN_POINT('',(25.01220703125,-47.19116210937,7.));
#7303 = CARTESIAN_POINT('',(25.15869140625,-46.22436523437,7.));
#7304 = CARTESIAN_POINT('',(26.18408203125,-45.25756835937,7.));
#7305 = CARTESIAN_POINT('',(27.7294921875,-45.25756835937,7.));
#7306 = CARTESIAN_POINT('',(28.7109375,-46.20971679687,7.));
#7307 = CARTESIAN_POINT('',(28.7109375,-47.85034179687,7.));
#7308 = CARTESIAN_POINT('',(27.36328125,-48.72924804687,7.));
#7309 = CARTESIAN_POINT('',(26.4404296875,-48.72924804687,7.));
#7310 = CARTESIAN_POINT('',(26.30859375,-48.71459960937,7.));
#7311 = PCURVE('',#3187,#7312);
#7312 = DEFINITIONAL_REPRESENTATION('',(#7313),#7317);
#7313 = LINE('',#7314,#7315);
#7314 = CARTESIAN_POINT('',(0.,-3.));
#7315 = VECTOR('',#7316,1.);
#7316 = DIRECTION('',(1.,0.));
#7317 = ( GEOMETRIC_REPRESENTATION_CONTEXT(2) 
PARAMETRIC_REPRESENTATION_CONTEXT() REPRESENTATION_CONTEXT('2D SPACE',''
  ) );
#7318 = PCURVE('',#7144,#7319);
#7319 = DEFINITIONAL_REPRESENTATION('',(#7320),#7330);
#7320 = B_SPLINE_CURVE_WITH_KNOTS('',2,(#7321,#7322,#7323,#7324,#7325,
    #7326,#7327,#7328,#7329),.UNSPECIFIED.,.F.,.F.,(3,1,1,1,1,1,1,3),(0.
    ,1.,2.,3.009523809524,4.019047619048,5.293698893699,6.56835016835,
    6.690273333752),.UNSPECIFIED.);
#7321 = CARTESIAN_POINT('',(2.080078125,7.763671875));
#7322 = CARTESIAN_POINT('',(2.2265625,8.73046875));
#7323 = CARTESIAN_POINT('',(3.251953125,9.697265625));
#7324 = CARTESIAN_POINT('',(4.79736328125,9.697265625));
#7325 = CARTESIAN_POINT('',(5.77880859375,8.7451171875));
#7326 = CARTESIAN_POINT('',(5.77880859375,7.1044921875));
#7327 = CARTESIAN_POINT('',(4.43115234375,6.2255859375));
#7328 = CARTESIAN_POINT('',(3.50830078125,6.2255859375));
#7329 = CARTESIAN_POINT('',(3.37646484375,6.240234375));
#7330 = ( GEOMETRIC_REPRESENTATION_CONTEXT(2) 
PARAMETRIC_REPRESENTATION_CONTEXT() REPRESENTATION_CONTEXT('2D SPACE',''
  ) );
#7331 = ORIENTED_EDGE('',*,*,#7332,.F.);
#7332 = EDGE_CURVE('',#3132,#7298,#7333,.T.);
#7333 = SURFACE_CURVE('',#7334,(#7338,#7345),.PCURVE_S1.);
#7334 = LINE('',#7335,#7336);
#7335 = CARTESIAN_POINT('',(26.30859375,-48.71459960937,10.));
#7336 = VECTOR('',#7337,1.);
#7337 = DIRECTION('',(-0.,-0.,-1.));
#7338 = PCURVE('',#3187,#7339);
#7339 = DEFINITIONAL_REPRESENTATION('',(#7340),#7344);
#7340 = LINE('',#7341,#7342);
#7341 = CARTESIAN_POINT('',(6.690273333752,0.));
#7342 = VECTOR('',#7343,1.);
#7343 = DIRECTION('',(0.,-1.));
#7344 = ( GEOMETRIC_REPRESENTATION_CONTEXT(2) 
PARAMETRIC_REPRESENTATION_CONTEXT() REPRESENTATION_CONTEXT('2D SPACE',''
  ) );
#7345 = PCURVE('',#3147,#7346);
#7346 = DEFINITIONAL_REPRESENTATION('',(#7347),#7351);
#7347 = LINE('',#7348,#7349);
#7348 = CARTESIAN_POINT('',(1.166460881931,0.));
#7349 = VECTOR('',#7350,1.);
#7350 = DIRECTION('',(0.,-1.));
#7351 = ( GEOMETRIC_REPRESENTATION_CONTEXT(2) 
PARAMETRIC_REPRESENTATION_CONTEXT() REPRESENTATION_CONTEXT('2D SPACE',''
  ) );
#7352 = ORIENTED_EDGE('',*,*,#3159,.F.);
#7353 = ADVANCED_FACE('',(#7354),#3147,.T.);
#7354 = FACE_BOUND('',#7355,.T.);
#7355 = EDGE_LOOP('',(#7356,#7379,#7400,#7401));
#7356 = ORIENTED_EDGE('',*,*,#7357,.T.);
#7357 = EDGE_CURVE('',#3084,#7358,#7360,.T.);
#7358 = VERTEX_POINT('',#7359);
#7359 = CARTESIAN_POINT('',(26.162109375,-49.87182617187,7.));
#7360 = SURFACE_CURVE('',#7361,(#7365,#7372),.PCURVE_S1.);
#7361 = LINE('',#7362,#7363);
#7362 = CARTESIAN_POINT('',(26.162109375,-49.87182617187,10.));
#7363 = VECTOR('',#7364,1.);
#7364 = DIRECTION('',(-0.,-0.,-1.));
#7365 = PCURVE('',#3147,#7366);
#7366 = DEFINITIONAL_REPRESENTATION('',(#7367),#7371);
#7367 = LINE('',#7368,#7369);
#7368 = CARTESIAN_POINT('',(0.,0.));
#7369 = VECTOR('',#7370,1.);
#7370 = DIRECTION('',(0.,-1.));
#7371 = ( GEOMETRIC_REPRESENTATION_CONTEXT(2) 
PARAMETRIC_REPRESENTATION_CONTEXT() REPRESENTATION_CONTEXT('2D SPACE',''
  ) );
#7372 = PCURVE('',#3111,#7373);
#7373 = DEFINITIONAL_REPRESENTATION('',(#7374),#7378);
#7374 = LINE('',#7375,#7376);
#7375 = CARTESIAN_POINT('',(0.,0.));
#7376 = VECTOR('',#7377,1.);
#7377 = DIRECTION('',(0.,-1.));
#7378 = ( GEOMETRIC_REPRESENTATION_CONTEXT(2) 
PARAMETRIC_REPRESENTATION_CONTEXT() REPRESENTATION_CONTEXT('2D SPACE',''
  ) );
#7379 = ORIENTED_EDGE('',*,*,#7380,.T.);
#7380 = EDGE_CURVE('',#7358,#7298,#7381,.T.);
#7381 = SURFACE_CURVE('',#7382,(#7386,#7393),.PCURVE_S1.);
#7382 = LINE('',#7383,#7384);
#7383 = CARTESIAN_POINT('',(26.162109375,-49.87182617187,7.));
#7384 = VECTOR('',#7385,1.);
#7385 = DIRECTION('',(0.125580186416,0.992083472687,0.));
#7386 = PCURVE('',#3147,#7387);
#7387 = DEFINITIONAL_REPRESENTATION('',(#7388),#7392);
#7388 = LINE('',#7389,#7390);
#7389 = CARTESIAN_POINT('',(0.,-3.));
#7390 = VECTOR('',#7391,1.);
#7391 = DIRECTION('',(1.,0.));
#7392 = ( GEOMETRIC_REPRESENTATION_CONTEXT(2) 
PARAMETRIC_REPRESENTATION_CONTEXT() REPRESENTATION_CONTEXT('2D SPACE',''
  ) );
#7393 = PCURVE('',#7144,#7394);
#7394 = DEFINITIONAL_REPRESENTATION('',(#7395),#7399);
#7395 = LINE('',#7396,#7397);
#7396 = CARTESIAN_POINT('',(3.22998046875,5.0830078125));
#7397 = VECTOR('',#7398,1.);
#7398 = DIRECTION('',(0.125580186416,0.992083472687));
#7399 = ( GEOMETRIC_REPRESENTATION_CONTEXT(2) 
PARAMETRIC_REPRESENTATION_CONTEXT() REPRESENTATION_CONTEXT('2D SPACE',''
  ) );
#7400 = ORIENTED_EDGE('',*,*,#7332,.F.);
#7401 = ORIENTED_EDGE('',*,*,#3131,.F.);
#7402 = ADVANCED_FACE('',(#7403),#3111,.F.);
#7403 = FACE_BOUND('',#7404,.F.);
#7404 = EDGE_LOOP('',(#7405,#7406,#7441,#7462));
#7405 = ORIENTED_EDGE('',*,*,#7357,.T.);
#7406 = ORIENTED_EDGE('',*,*,#7407,.T.);
#7407 = EDGE_CURVE('',#7358,#7408,#7410,.T.);
#7408 = VERTEX_POINT('',#7409);
#7409 = CARTESIAN_POINT('',(24.88037109375,-51.94458007812,7.));
#7410 = SURFACE_CURVE('',#7411,(#7421,#7428),.PCURVE_S1.);
#7411 = B_SPLINE_CURVE_WITH_KNOTS('',2,(#7412,#7413,#7414,#7415,#7416,
    #7417,#7418,#7419,#7420),.UNSPECIFIED.,.F.,.F.,(3,1,1,1,1,1,1,3),(0.
    ,1.,3.450980392157,5.901960784314,8.471537001898,11.041113219481,
    13.206031765005,15.370950310528),.UNSPECIFIED.);
#7412 = CARTESIAN_POINT('',(26.162109375,-49.87182617187,7.));
#7413 = CARTESIAN_POINT('',(26.71875,-49.72534179687,7.));
#7414 = CARTESIAN_POINT('',(28.0078125,-49.72534179687,7.));
#7415 = CARTESIAN_POINT('',(29.1943359375,-50.90454101562,7.));
#7416 = CARTESIAN_POINT('',(29.1943359375,-52.76489257812,7.));
#7417 = CARTESIAN_POINT('',(27.91259765625,-54.05395507812,7.));
#7418 = CARTESIAN_POINT('',(26.19873046875,-54.05395507812,7.));
#7419 = CARTESIAN_POINT('',(25.107421875,-53.06518554687,7.));
#7420 = CARTESIAN_POINT('',(24.88037109375,-51.94458007812,7.));
#7421 = PCURVE('',#3111,#7422);
#7422 = DEFINITIONAL_REPRESENTATION('',(#7423),#7427);
#7423 = LINE('',#7424,#7425);
#7424 = CARTESIAN_POINT('',(0.,-3.));
#7425 = VECTOR('',#7426,1.);
#7426 = DIRECTION('',(1.,0.));
#7427 = ( GEOMETRIC_REPRESENTATION_CONTEXT(2) 
PARAMETRIC_REPRESENTATION_CONTEXT() REPRESENTATION_CONTEXT('2D SPACE',''
  ) );
#7428 = PCURVE('',#7144,#7429);
#7429 = DEFINITIONAL_REPRESENTATION('',(#7430),#7440);
#7430 = B_SPLINE_CURVE_WITH_KNOTS('',2,(#7431,#7432,#7433,#7434,#7435,
    #7436,#7437,#7438,#7439),.UNSPECIFIED.,.F.,.F.,(3,1,1,1,1,1,1,3),(0.
    ,1.,3.450980392157,5.901960784314,8.471537001898,11.041113219481,
    13.206031765005,15.370950310528),.UNSPECIFIED.);
#7431 = CARTESIAN_POINT('',(3.22998046875,5.0830078125));
#7432 = CARTESIAN_POINT('',(3.78662109375,5.2294921875));
#7433 = CARTESIAN_POINT('',(5.07568359375,5.2294921875));
#7434 = CARTESIAN_POINT('',(6.26220703125,4.05029296875));
#7435 = CARTESIAN_POINT('',(6.26220703125,2.18994140625));
#7436 = CARTESIAN_POINT('',(4.98046875,0.90087890625));
#7437 = CARTESIAN_POINT('',(3.2666015625,0.90087890625));
#7438 = CARTESIAN_POINT('',(2.17529296875,1.8896484375));
#7439 = CARTESIAN_POINT('',(1.9482421875,3.01025390625));
#7440 = ( GEOMETRIC_REPRESENTATION_CONTEXT(2) 
PARAMETRIC_REPRESENTATION_CONTEXT() REPRESENTATION_CONTEXT('2D SPACE',''
  ) );
#7441 = ORIENTED_EDGE('',*,*,#7442,.F.);
#7442 = EDGE_CURVE('',#3056,#7408,#7443,.T.);
#7443 = SURFACE_CURVE('',#7444,(#7448,#7455),.PCURVE_S1.);
#7444 = LINE('',#7445,#7446);
#7445 = CARTESIAN_POINT('',(24.88037109375,-51.94458007812,10.));
#7446 = VECTOR('',#7447,1.);
#7447 = DIRECTION('',(-0.,-0.,-1.));
#7448 = PCURVE('',#3111,#7449);
#7449 = DEFINITIONAL_REPRESENTATION('',(#7450),#7454);
#7450 = LINE('',#7451,#7452);
#7451 = CARTESIAN_POINT('',(15.370950310528,0.));
#7452 = VECTOR('',#7453,1.);
#7453 = DIRECTION('',(0.,-1.));
#7454 = ( GEOMETRIC_REPRESENTATION_CONTEXT(2) 
PARAMETRIC_REPRESENTATION_CONTEXT() REPRESENTATION_CONTEXT('2D SPACE',''
  ) );
#7455 = PCURVE('',#3071,#7456);
#7456 = DEFINITIONAL_REPRESENTATION('',(#7457),#7461);
#7457 = LINE('',#7458,#7459);
#7458 = CARTESIAN_POINT('',(1.330026499549,0.));
#7459 = VECTOR('',#7460,1.);
#7460 = DIRECTION('',(0.,-1.));
#7461 = ( GEOMETRIC_REPRESENTATION_CONTEXT(2) 
PARAMETRIC_REPRESENTATION_CONTEXT() REPRESENTATION_CONTEXT('2D SPACE',''
  ) );
#7462 = ORIENTED_EDGE('',*,*,#3083,.F.);
#7463 = ADVANCED_FACE('',(#7464),#3071,.T.);
#7464 = FACE_BOUND('',#7465,.T.);
#7465 = EDGE_LOOP('',(#7466,#7467,#7488,#7489));
#7466 = ORIENTED_EDGE('',*,*,#7100,.T.);
#7467 = ORIENTED_EDGE('',*,*,#7468,.T.);
#7468 = EDGE_CURVE('',#7101,#7408,#7469,.T.);
#7469 = SURFACE_CURVE('',#7470,(#7474,#7481),.PCURVE_S1.);
#7470 = LINE('',#7471,#7472);
#7471 = CARTESIAN_POINT('',(23.56201171875,-52.12036132812,7.));
#7472 = VECTOR('',#7473,1.);
#7473 = DIRECTION('',(0.991227900683,0.132163720091,0.));
#7474 = PCURVE('',#3071,#7475);
#7475 = DEFINITIONAL_REPRESENTATION('',(#7476),#7480);
#7476 = LINE('',#7477,#7478);
#7477 = CARTESIAN_POINT('',(0.,-3.));
#7478 = VECTOR('',#7479,1.);
#7479 = DIRECTION('',(1.,0.));
#7480 = ( GEOMETRIC_REPRESENTATION_CONTEXT(2) 
PARAMETRIC_REPRESENTATION_CONTEXT() REPRESENTATION_CONTEXT('2D SPACE',''
  ) );
#7481 = PCURVE('',#7144,#7482);
#7482 = DEFINITIONAL_REPRESENTATION('',(#7483),#7487);
#7483 = LINE('',#7484,#7485);
#7484 = CARTESIAN_POINT('',(0.6298828125,2.83447265625));
#7485 = VECTOR('',#7486,1.);
#7486 = DIRECTION('',(0.991227900683,0.132163720091));
#7487 = ( GEOMETRIC_REPRESENTATION_CONTEXT(2) 
PARAMETRIC_REPRESENTATION_CONTEXT() REPRESENTATION_CONTEXT('2D SPACE',''
  ) );
#7488 = ORIENTED_EDGE('',*,*,#7442,.F.);
#7489 = ORIENTED_EDGE('',*,*,#3055,.F.);
#7490 = ADVANCED_FACE('',(#7491),#3495,.F.);
#7491 = FACE_BOUND('',#7492,.F.);
#7492 = EDGE_LOOP('',(#7493,#7494,#7495,#7496));
#7493 = ORIENTED_EDGE('',*,*,#3653,.F.);
#7494 = ORIENTED_EDGE('',*,*,#3604,.T.);
#7495 = ORIENTED_EDGE('',*,*,#3480,.T.);
#7496 = ORIENTED_EDGE('',*,*,#3704,.F.);
#7497 = ADVANCED_FACE('',(#7498),#3878,.T.);
#7498 = FACE_BOUND('',#7499,.F.);
#7499 = EDGE_LOOP('',(#7500,#7501,#7502,#7503,#7504,#7505,#7506,#7507,
    #7508,#7509));
#7500 = ORIENTED_EDGE('',*,*,#4347,.T.);
#7501 = ORIENTED_EDGE('',*,*,#4290,.F.);
#7502 = ORIENTED_EDGE('',*,*,#4263,.T.);
#7503 = ORIENTED_EDGE('',*,*,#4184,.F.);
#7504 = ORIENTED_EDGE('',*,*,#4127,.F.);
#7505 = ORIENTED_EDGE('',*,*,#4100,.T.);
#7506 = ORIENTED_EDGE('',*,*,#4021,.F.);
#7507 = ORIENTED_EDGE('',*,*,#3994,.T.);
#7508 = ORIENTED_EDGE('',*,*,#3945,.T.);
#7509 = ORIENTED_EDGE('',*,*,#3855,.F.);
#7510 = ADVANCED_FACE('',(#7511,#7525),#4418,.T.);
#7511 = FACE_BOUND('',#7512,.F.);
#7512 = EDGE_LOOP('',(#7513,#7514,#7515,#7516,#7517,#7518,#7519,#7520,
    #7521,#7522,#7523,#7524));
#7513 = ORIENTED_EDGE('',*,*,#4396,.F.);
#7514 = ORIENTED_EDGE('',*,*,#4970,.T.);
#7515 = ORIENTED_EDGE('',*,*,#4943,.T.);
#7516 = ORIENTED_EDGE('',*,*,#4870,.F.);
#7517 = ORIENTED_EDGE('',*,*,#4817,.F.);
#7518 = ORIENTED_EDGE('',*,*,#4790,.T.);
#7519 = ORIENTED_EDGE('',*,*,#4709,.F.);
#7520 = ORIENTED_EDGE('',*,*,#4682,.T.);
#7521 = ORIENTED_EDGE('',*,*,#4633,.T.);
#7522 = ORIENTED_EDGE('',*,*,#4560,.F.);
#7523 = ORIENTED_EDGE('',*,*,#4533,.T.);
#7524 = ORIENTED_EDGE('',*,*,#4484,.T.);
#7525 = FACE_BOUND('',#7526,.F.);
#7526 = EDGE_LOOP('',(#7527,#7557,#7587,#7635));
#7527 = ORIENTED_EDGE('',*,*,#7528,.T.);
#7528 = EDGE_CURVE('',#7529,#7531,#7533,.T.);
#7529 = VERTEX_POINT('',#7530);
#7530 = CARTESIAN_POINT('',(-9.4775390625,-51.53442382812,7.));
#7531 = VERTEX_POINT('',#7532);
#7532 = CARTESIAN_POINT('',(-9.4775390625,-51.05102539062,7.));
#7533 = SURFACE_CURVE('',#7534,(#7538,#7545),.PCURVE_S1.);
#7534 = LINE('',#7535,#7536);
#7535 = CARTESIAN_POINT('',(-9.4775390625,-51.53442382812,7.));
#7536 = VECTOR('',#7537,1.);
#7537 = DIRECTION('',(0.,1.,0.));
#7538 = PCURVE('',#4418,#7539);
#7539 = DEFINITIONAL_REPRESENTATION('',(#7540),#7544);
#7540 = LINE('',#7541,#7542);
#7541 = CARTESIAN_POINT('',(5.95458984375,3.42041015625));
#7542 = VECTOR('',#7543,1.);
#7543 = DIRECTION('',(0.,1.));
#7544 = ( GEOMETRIC_REPRESENTATION_CONTEXT(2) 
PARAMETRIC_REPRESENTATION_CONTEXT() REPRESENTATION_CONTEXT('2D SPACE',''
  ) );
#7545 = PCURVE('',#7546,#7551);
#7546 = PLANE('',#7547);
#7547 = AXIS2_PLACEMENT_3D('',#7548,#7549,#7550);
#7548 = CARTESIAN_POINT('',(-9.4775390625,-51.53442382812,10.));
#7549 = DIRECTION('',(1.,0.,0.));
#7550 = DIRECTION('',(-0.,1.,0.));
#7551 = DEFINITIONAL_REPRESENTATION('',(#7552),#7556);
#7552 = LINE('',#7553,#7554);
#7553 = CARTESIAN_POINT('',(0.,-3.));
#7554 = VECTOR('',#7555,1.);
#7555 = DIRECTION('',(1.,0.));
#7556 = ( GEOMETRIC_REPRESENTATION_CONTEXT(2) 
PARAMETRIC_REPRESENTATION_CONTEXT() REPRESENTATION_CONTEXT('2D SPACE',''
  ) );
#7557 = ORIENTED_EDGE('',*,*,#7558,.T.);
#7558 = EDGE_CURVE('',#7531,#7559,#7561,.T.);
#7559 = VERTEX_POINT('',#7560);
#7560 = CARTESIAN_POINT('',(-11.630859375,-51.54907226562,7.));
#7561 = SURFACE_CURVE('',#7562,(#7566,#7573),.PCURVE_S1.);
#7562 = B_SPLINE_CURVE_WITH_KNOTS('',2,(#7563,#7564,#7565),
  .UNSPECIFIED.,.F.,.F.,(3,3),(0.,1.),.PIECEWISE_BEZIER_KNOTS.);
#7563 = CARTESIAN_POINT('',(-9.4775390625,-51.05102539062,7.));
#7564 = CARTESIAN_POINT('',(-10.1953125,-51.34399414062,7.));
#7565 = CARTESIAN_POINT('',(-11.630859375,-51.54907226562,7.));
#7566 = PCURVE('',#4418,#7567);
#7567 = DEFINITIONAL_REPRESENTATION('',(#7568),#7572);
#7568 = B_SPLINE_CURVE_WITH_KNOTS('',2,(#7569,#7570,#7571),
  .UNSPECIFIED.,.F.,.F.,(3,3),(0.,1.),.PIECEWISE_BEZIER_KNOTS.);
#7569 = CARTESIAN_POINT('',(5.95458984375,3.90380859375));
#7570 = CARTESIAN_POINT('',(5.23681640625,3.61083984375));
#7571 = CARTESIAN_POINT('',(3.80126953125,3.40576171875));
#7572 = ( GEOMETRIC_REPRESENTATION_CONTEXT(2) 
PARAMETRIC_REPRESENTATION_CONTEXT() REPRESENTATION_CONTEXT('2D SPACE',''
  ) );
#7573 = PCURVE('',#7574,#7581);
#7574 = SURFACE_OF_LINEAR_EXTRUSION('',#7575,#7579);
#7575 = B_SPLINE_CURVE_WITH_KNOTS('',2,(#7576,#7577,#7578),
  .UNSPECIFIED.,.F.,.F.,(3,3),(0.,1.),.PIECEWISE_BEZIER_KNOTS.);
#7576 = CARTESIAN_POINT('',(-9.4775390625,-51.05102539062,10.));
#7577 = CARTESIAN_POINT('',(-10.1953125,-51.34399414062,10.));
#7578 = CARTESIAN_POINT('',(-11.630859375,-51.54907226562,10.));
#7579 = VECTOR('',#7580,1.);
#7580 = DIRECTION('',(0.,0.,1.));
#7581 = DEFINITIONAL_REPRESENTATION('',(#7582),#7586);
#7582 = LINE('',#7583,#7584);
#7583 = CARTESIAN_POINT('',(0.,-3.));
#7584 = VECTOR('',#7585,1.);
#7585 = DIRECTION('',(1.,0.));
#7586 = ( GEOMETRIC_REPRESENTATION_CONTEXT(2) 
PARAMETRIC_REPRESENTATION_CONTEXT() REPRESENTATION_CONTEXT('2D SPACE',''
  ) );
#7587 = ORIENTED_EDGE('',*,*,#7588,.F.);
#7588 = EDGE_CURVE('',#7589,#7559,#7591,.T.);
#7589 = VERTEX_POINT('',#7590);
#7590 = CARTESIAN_POINT('',(-9.68994140625,-52.85278320312,7.));
#7591 = SURFACE_CURVE('',#7592,(#7602,#7615),.PCURVE_S1.);
#7592 = B_SPLINE_CURVE_WITH_KNOTS('',2,(#7593,#7594,#7595,#7596,#7597,
    #7598,#7599,#7600,#7601),.UNSPECIFIED.,.F.,.F.,(3,1,1,1,1,1,1,3),(0.
    ,1.,2.,3.009615384615,4.019230769231,4.67828525641,5.33733974359,
    5.996394230769),.UNSPECIFIED.);
#7593 = CARTESIAN_POINT('',(-9.68994140625,-52.85278320312,7.));
#7594 = CARTESIAN_POINT('',(-9.96826171875,-53.43139648437,7.));
#7595 = CARTESIAN_POINT('',(-11.15478515625,-54.09790039062,7.));
#7596 = CARTESIAN_POINT('',(-12.685546875,-54.09790039062,7.));
#7597 = CARTESIAN_POINT('',(-13.48388671875,-53.39477539062,7.));
#7598 = CARTESIAN_POINT('',(-13.48388671875,-52.52319335937,7.));
#7599 = CARTESIAN_POINT('',(-13.11767578125,-51.95922851562,7.));
#7600 = CARTESIAN_POINT('',(-12.44384765625,-51.66625976562,7.));
#7601 = CARTESIAN_POINT('',(-11.630859375,-51.54907226562,7.));
#7602 = PCURVE('',#4418,#7603);
#7603 = DEFINITIONAL_REPRESENTATION('',(#7604),#7614);
#7604 = B_SPLINE_CURVE_WITH_KNOTS('',2,(#7605,#7606,#7607,#7608,#7609,
    #7610,#7611,#7612,#7613),.UNSPECIFIED.,.F.,.F.,(3,1,1,1,1,1,1,3),(0.
    ,1.,2.,3.009615384615,4.019230769231,4.67828525641,5.33733974359,
    5.996394230769),.UNSPECIFIED.);
#7605 = CARTESIAN_POINT('',(5.7421875,2.10205078125));
#7606 = CARTESIAN_POINT('',(5.4638671875,1.5234375));
#7607 = CARTESIAN_POINT('',(4.27734375,0.85693359375));
#7608 = CARTESIAN_POINT('',(2.74658203125,0.85693359375));
#7609 = CARTESIAN_POINT('',(1.9482421875,1.56005859375));
#7610 = CARTESIAN_POINT('',(1.9482421875,2.431640625));
#7611 = CARTESIAN_POINT('',(2.314453125,2.99560546875));
#7612 = CARTESIAN_POINT('',(2.98828125,3.28857421875));
#7613 = CARTESIAN_POINT('',(3.80126953125,3.40576171875));
#7614 = ( GEOMETRIC_REPRESENTATION_CONTEXT(2) 
PARAMETRIC_REPRESENTATION_CONTEXT() REPRESENTATION_CONTEXT('2D SPACE',''
  ) );
#7615 = PCURVE('',#7616,#7629);
#7616 = SURFACE_OF_LINEAR_EXTRUSION('',#7617,#7627);
#7617 = B_SPLINE_CURVE_WITH_KNOTS('',2,(#7618,#7619,#7620,#7621,#7622,
    #7623,#7624,#7625,#7626),.UNSPECIFIED.,.F.,.F.,(3,1,1,1,1,1,1,3),(0.
    ,1.,2.,3.009615384615,4.019230769231,4.67828525641,5.33733974359,
    5.996394230769),.UNSPECIFIED.);
#7618 = CARTESIAN_POINT('',(-9.68994140625,-52.85278320312,10.));
#7619 = CARTESIAN_POINT('',(-9.96826171875,-53.43139648437,10.));
#7620 = CARTESIAN_POINT('',(-11.15478515625,-54.09790039062,10.));
#7621 = CARTESIAN_POINT('',(-12.685546875,-54.09790039062,10.));
#7622 = CARTESIAN_POINT('',(-13.48388671875,-53.39477539062,10.));
#7623 = CARTESIAN_POINT('',(-13.48388671875,-52.52319335937,10.));
#7624 = CARTESIAN_POINT('',(-13.11767578125,-51.95922851562,10.));
#7625 = CARTESIAN_POINT('',(-12.44384765625,-51.66625976562,10.));
#7626 = CARTESIAN_POINT('',(-11.630859375,-51.54907226562,10.));
#7627 = VECTOR('',#7628,1.);
#7628 = DIRECTION('',(0.,0.,1.));
#7629 = DEFINITIONAL_REPRESENTATION('',(#7630),#7634);
#7630 = LINE('',#7631,#7632);
#7631 = CARTESIAN_POINT('',(0.,-3.));
#7632 = VECTOR('',#7633,1.);
#7633 = DIRECTION('',(1.,0.));
#7634 = ( GEOMETRIC_REPRESENTATION_CONTEXT(2) 
PARAMETRIC_REPRESENTATION_CONTEXT() REPRESENTATION_CONTEXT('2D SPACE',''
  ) );
#7635 = ORIENTED_EDGE('',*,*,#7636,.T.);
#7636 = EDGE_CURVE('',#7589,#7529,#7637,.T.);
#7637 = SURFACE_CURVE('',#7638,(#7642,#7649),.PCURVE_S1.);
#7638 = B_SPLINE_CURVE_WITH_KNOTS('',2,(#7639,#7640,#7641),
  .UNSPECIFIED.,.F.,.F.,(3,3),(0.,1.),.PIECEWISE_BEZIER_KNOTS.);
#7639 = CARTESIAN_POINT('',(-9.68994140625,-52.85278320312,7.));
#7640 = CARTESIAN_POINT('',(-9.4775390625,-52.40600585937,7.));
#7641 = CARTESIAN_POINT('',(-9.4775390625,-51.53442382812,7.));
#7642 = PCURVE('',#4418,#7643);
#7643 = DEFINITIONAL_REPRESENTATION('',(#7644),#7648);
#7644 = B_SPLINE_CURVE_WITH_KNOTS('',2,(#7645,#7646,#7647),
  .UNSPECIFIED.,.F.,.F.,(3,3),(0.,1.),.PIECEWISE_BEZIER_KNOTS.);
#7645 = CARTESIAN_POINT('',(5.7421875,2.10205078125));
#7646 = CARTESIAN_POINT('',(5.95458984375,2.548828125));
#7647 = CARTESIAN_POINT('',(5.95458984375,3.42041015625));
#7648 = ( GEOMETRIC_REPRESENTATION_CONTEXT(2) 
PARAMETRIC_REPRESENTATION_CONTEXT() REPRESENTATION_CONTEXT('2D SPACE',''
  ) );
#7649 = PCURVE('',#7650,#7657);
#7650 = SURFACE_OF_LINEAR_EXTRUSION('',#7651,#7655);
#7651 = B_SPLINE_CURVE_WITH_KNOTS('',2,(#7652,#7653,#7654),
  .UNSPECIFIED.,.F.,.F.,(3,3),(0.,1.),.PIECEWISE_BEZIER_KNOTS.);
#7652 = CARTESIAN_POINT('',(-9.68994140625,-52.85278320312,10.));
#7653 = CARTESIAN_POINT('',(-9.4775390625,-52.40600585937,10.));
#7654 = CARTESIAN_POINT('',(-9.4775390625,-51.53442382812,10.));
#7655 = VECTOR('',#7656,1.);
#7656 = DIRECTION('',(0.,0.,1.));
#7657 = DEFINITIONAL_REPRESENTATION('',(#7658),#7662);
#7658 = LINE('',#7659,#7660);
#7659 = CARTESIAN_POINT('',(0.,-3.));
#7660 = VECTOR('',#7661,1.);
#7661 = DIRECTION('',(1.,0.));
#7662 = ( GEOMETRIC_REPRESENTATION_CONTEXT(2) 
PARAMETRIC_REPRESENTATION_CONTEXT() REPRESENTATION_CONTEXT('2D SPACE',''
  ) );
#7663 = ADVANCED_FACE('',(#7664,#7672),#5035,.T.);
#7664 = FACE_BOUND('',#7665,.F.);
#7665 = EDGE_LOOP('',(#7666,#7667,#7668,#7669,#7670,#7671));
#7666 = ORIENTED_EDGE('',*,*,#5287,.T.);
#7667 = ORIENTED_EDGE('',*,*,#5260,.T.);
#7668 = ORIENTED_EDGE('',*,*,#5211,.T.);
#7669 = ORIENTED_EDGE('',*,*,#5162,.T.);
#7670 = ORIENTED_EDGE('',*,*,#5073,.F.);
#7671 = ORIENTED_EDGE('',*,*,#5019,.T.);
#7672 = FACE_BOUND('',#7673,.F.);
#7673 = EDGE_LOOP('',(#7674));
#7674 = ORIENTED_EDGE('',*,*,#7675,.F.);
#7675 = EDGE_CURVE('',#7676,#7676,#7678,.T.);
#7676 = VERTEX_POINT('',#7677);
#7677 = CARTESIAN_POINT('',(8.7890625E-02,-51.10961914062,7.));
#7678 = SURFACE_CURVE('',#7679,(#7690,#7704),.PCURVE_S1.);
#7679 = B_SPLINE_CURVE_WITH_KNOTS('',2,(#7680,#7681,#7682,#7683,#7684,
    #7685,#7686,#7687,#7688,#7689),.UNSPECIFIED.,.T.,.F.,(3,1,1,1,1,1,1,
    1,3),(0.,1.,2.,3.008695652174,4.017391304348,5.075776397516,
    6.134161490683,7.174906832298,8.215652173913),.UNSPECIFIED.);
#7680 = CARTESIAN_POINT('',(8.7890625E-02,-51.10961914062,7.));
#7681 = CARTESIAN_POINT('',(8.7890625E-02,-49.60815429687,7.));
#7682 = CARTESIAN_POINT('',(1.38427734375,-48.03344726562,7.));
#7683 = CARTESIAN_POINT('',(3.076171875,-48.03344726562,7.));
#7684 = CARTESIAN_POINT('',(4.29931640625,-49.51293945312,7.));
#7685 = CARTESIAN_POINT('',(4.29931640625,-52.55981445312,7.));
#7686 = CARTESIAN_POINT('',(3.046875,-54.04663085937,7.));
#7687 = CARTESIAN_POINT('',(1.3037109375,-54.04663085937,7.));
#7688 = CARTESIAN_POINT('',(8.7890625E-02,-52.61108398437,7.));
#7689 = CARTESIAN_POINT('',(8.7890625E-02,-51.10961914062,7.));
#7690 = PCURVE('',#5035,#7691);
#7691 = DEFINITIONAL_REPRESENTATION('',(#7692),#7703);
#7692 = B_SPLINE_CURVE_WITH_KNOTS('',2,(#7693,#7694,#7695,#7696,#7697,
    #7698,#7699,#7700,#7701,#7702),.UNSPECIFIED.,.T.,.F.,(3,1,1,1,1,1,1,
    1,3),(0.,1.,2.,3.008695652174,4.017391304348,5.075776397516,
    6.134161490683,7.174906832298,8.215652173913),.UNSPECIFIED.);
#7693 = CARTESIAN_POINT('',(2.1826171875,3.84521484375));
#7694 = CARTESIAN_POINT('',(2.1826171875,5.3466796875));
#7695 = CARTESIAN_POINT('',(3.47900390625,6.92138671875));
#7696 = CARTESIAN_POINT('',(5.1708984375,6.92138671875));
#7697 = CARTESIAN_POINT('',(6.39404296875,5.44189453125));
#7698 = CARTESIAN_POINT('',(6.39404296875,2.39501953125));
#7699 = CARTESIAN_POINT('',(5.1416015625,0.908203125));
#7700 = CARTESIAN_POINT('',(3.3984375,0.908203125));
#7701 = CARTESIAN_POINT('',(2.1826171875,2.34375));
#7702 = CARTESIAN_POINT('',(2.1826171875,3.84521484375));
#7703 = ( GEOMETRIC_REPRESENTATION_CONTEXT(2) 
PARAMETRIC_REPRESENTATION_CONTEXT() REPRESENTATION_CONTEXT('2D SPACE',''
  ) );
#7704 = PCURVE('',#7705,#7719);
#7705 = SURFACE_OF_LINEAR_EXTRUSION('',#7706,#7717);
#7706 = B_SPLINE_CURVE_WITH_KNOTS('',2,(#7707,#7708,#7709,#7710,#7711,
    #7712,#7713,#7714,#7715,#7716),.UNSPECIFIED.,.T.,.F.,(3,1,1,1,1,1,1,
    1,3),(0.,1.,2.,3.008695652174,4.017391304348,5.075776397516,
    6.134161490683,7.174906832298,8.215652173913),.UNSPECIFIED.);
#7707 = CARTESIAN_POINT('',(8.7890625E-02,-51.10961914062,10.));
#7708 = CARTESIAN_POINT('',(8.7890625E-02,-49.60815429687,10.));
#7709 = CARTESIAN_POINT('',(1.38427734375,-48.03344726562,10.));
#7710 = CARTESIAN_POINT('',(3.076171875,-48.03344726562,10.));
#7711 = CARTESIAN_POINT('',(4.29931640625,-49.51293945312,10.));
#7712 = CARTESIAN_POINT('',(4.29931640625,-52.55981445312,10.));
#7713 = CARTESIAN_POINT('',(3.046875,-54.04663085937,10.));
#7714 = CARTESIAN_POINT('',(1.3037109375,-54.04663085937,10.));
#7715 = CARTESIAN_POINT('',(8.7890625E-02,-52.61108398437,10.));
#7716 = CARTESIAN_POINT('',(8.7890625E-02,-51.10961914062,10.));
#7717 = VECTOR('',#7718,1.);
#7718 = DIRECTION('',(0.,0.,1.));
#7719 = DEFINITIONAL_REPRESENTATION('',(#7720),#7724);
#7720 = LINE('',#7721,#7722);
#7721 = CARTESIAN_POINT('',(0.,-3.));
#7722 = VECTOR('',#7723,1.);
#7723 = DIRECTION('',(1.,0.));
#7724 = ( GEOMETRIC_REPRESENTATION_CONTEXT(2) 
PARAMETRIC_REPRESENTATION_CONTEXT() REPRESENTATION_CONTEXT('2D SPACE',''
  ) );
#7725 = ADVANCED_FACE('',(#7726),#5352,.T.);
#7726 = FACE_BOUND('',#7727,.F.);
#7727 = EDGE_LOOP('',(#7728,#7729,#7730,#7731,#7732,#7733,#7734,#7735,
    #7736,#7737));
#7728 = ORIENTED_EDGE('',*,*,#5796,.T.);
#7729 = ORIENTED_EDGE('',*,*,#5769,.T.);
#7730 = ORIENTED_EDGE('',*,*,#5720,.T.);
#7731 = ORIENTED_EDGE('',*,*,#5671,.T.);
#7732 = ORIENTED_EDGE('',*,*,#5594,.F.);
#7733 = ORIENTED_EDGE('',*,*,#5567,.T.);
#7734 = ORIENTED_EDGE('',*,*,#5518,.T.);
#7735 = ORIENTED_EDGE('',*,*,#5469,.T.);
#7736 = ORIENTED_EDGE('',*,*,#5390,.F.);
#7737 = ORIENTED_EDGE('',*,*,#5336,.T.);
#7738 = ADVANCED_FACE('',(#7739),#5861,.T.);
#7739 = FACE_BOUND('',#7740,.F.);
#7740 = EDGE_LOOP('',(#7741,#7742,#7743,#7744,#7745,#7746,#7747,#7748,
    #7749));
#7741 = ORIENTED_EDGE('',*,*,#6250,.T.);
#7742 = ORIENTED_EDGE('',*,*,#6223,.T.);
#7743 = ORIENTED_EDGE('',*,*,#6174,.T.);
#7744 = ORIENTED_EDGE('',*,*,#6125,.T.);
#7745 = ORIENTED_EDGE('',*,*,#6050,.F.);
#7746 = ORIENTED_EDGE('',*,*,#6023,.T.);
#7747 = ORIENTED_EDGE('',*,*,#5948,.F.);
#7748 = ORIENTED_EDGE('',*,*,#5921,.T.);
#7749 = ORIENTED_EDGE('',*,*,#5845,.T.);
#7750 = ADVANCED_FACE('',(#7751),#6315,.T.);
#7751 = FACE_BOUND('',#7752,.F.);
#7752 = EDGE_LOOP('',(#7753,#7754,#7755,#7756,#7757,#7758,#7759));
#7753 = ORIENTED_EDGE('',*,*,#6602,.T.);
#7754 = ORIENTED_EDGE('',*,*,#6575,.T.);
#7755 = ORIENTED_EDGE('',*,*,#6526,.T.);
#7756 = ORIENTED_EDGE('',*,*,#6453,.F.);
#7757 = ORIENTED_EDGE('',*,*,#6426,.T.);
#7758 = ORIENTED_EDGE('',*,*,#6353,.F.);
#7759 = ORIENTED_EDGE('',*,*,#6299,.T.);
#7760 = ADVANCED_FACE('',(#7761),#6668,.T.);
#7761 = FACE_BOUND('',#7762,.F.);
#7762 = EDGE_LOOP('',(#7763,#7764,#7765,#7766,#7767,#7768,#7769,#7770,
    #7771));
#7763 = ORIENTED_EDGE('',*,*,#7074,.T.);
#7764 = ORIENTED_EDGE('',*,*,#7047,.T.);
#7765 = ORIENTED_EDGE('',*,*,#6998,.T.);
#7766 = ORIENTED_EDGE('',*,*,#6949,.T.);
#7767 = ORIENTED_EDGE('',*,*,#6876,.F.);
#7768 = ORIENTED_EDGE('',*,*,#6817,.F.);
#7769 = ORIENTED_EDGE('',*,*,#6790,.T.);
#7770 = ORIENTED_EDGE('',*,*,#6707,.F.);
#7771 = ORIENTED_EDGE('',*,*,#6651,.F.);
#7772 = ADVANCED_FACE('',(#7773),#7144,.T.);
#7773 = FACE_BOUND('',#7774,.F.);
#7774 = EDGE_LOOP('',(#7775,#7776,#7777,#7778,#7779,#7780,#7781));
#7775 = ORIENTED_EDGE('',*,*,#7468,.T.);
#7776 = ORIENTED_EDGE('',*,*,#7407,.F.);
#7777 = ORIENTED_EDGE('',*,*,#7380,.T.);
#7778 = ORIENTED_EDGE('',*,*,#7297,.F.);
#7779 = ORIENTED_EDGE('',*,*,#7270,.T.);
#7780 = ORIENTED_EDGE('',*,*,#7187,.F.);
#7781 = ORIENTED_EDGE('',*,*,#7123,.F.);
#7782 = ADVANCED_FACE('',(#7783),#7546,.T.);
#7783 = FACE_BOUND('',#7784,.T.);
#7784 = EDGE_LOOP('',(#7785,#7808,#7809,#7832));
#7785 = ORIENTED_EDGE('',*,*,#7786,.T.);
#7786 = EDGE_CURVE('',#7787,#7529,#7789,.T.);
#7787 = VERTEX_POINT('',#7788);
#7788 = CARTESIAN_POINT('',(-9.4775390625,-51.53442382812,10.));
#7789 = SURFACE_CURVE('',#7790,(#7794,#7801),.PCURVE_S1.);
#7790 = LINE('',#7791,#7792);
#7791 = CARTESIAN_POINT('',(-9.4775390625,-51.53442382812,10.));
#7792 = VECTOR('',#7793,1.);
#7793 = DIRECTION('',(-0.,-0.,-1.));
#7794 = PCURVE('',#7546,#7795);
#7795 = DEFINITIONAL_REPRESENTATION('',(#7796),#7800);
#7796 = LINE('',#7797,#7798);
#7797 = CARTESIAN_POINT('',(0.,0.));
#7798 = VECTOR('',#7799,1.);
#7799 = DIRECTION('',(0.,-1.));
#7800 = ( GEOMETRIC_REPRESENTATION_CONTEXT(2) 
PARAMETRIC_REPRESENTATION_CONTEXT() REPRESENTATION_CONTEXT('2D SPACE',''
  ) );
#7801 = PCURVE('',#7650,#7802);
#7802 = DEFINITIONAL_REPRESENTATION('',(#7803),#7807);
#7803 = LINE('',#7804,#7805);
#7804 = CARTESIAN_POINT('',(1.,0.));
#7805 = VECTOR('',#7806,1.);
#7806 = DIRECTION('',(0.,-1.));
#7807 = ( GEOMETRIC_REPRESENTATION_CONTEXT(2) 
PARAMETRIC_REPRESENTATION_CONTEXT() REPRESENTATION_CONTEXT('2D SPACE',''
  ) );
#7808 = ORIENTED_EDGE('',*,*,#7528,.T.);
#7809 = ORIENTED_EDGE('',*,*,#7810,.F.);
#7810 = EDGE_CURVE('',#7811,#7531,#7813,.T.);
#7811 = VERTEX_POINT('',#7812);
#7812 = CARTESIAN_POINT('',(-9.4775390625,-51.05102539062,10.));
#7813 = SURFACE_CURVE('',#7814,(#7818,#7825),.PCURVE_S1.);
#7814 = LINE('',#7815,#7816);
#7815 = CARTESIAN_POINT('',(-9.4775390625,-51.05102539062,10.));
#7816 = VECTOR('',#7817,1.);
#7817 = DIRECTION('',(-0.,-0.,-1.));
#7818 = PCURVE('',#7546,#7819);
#7819 = DEFINITIONAL_REPRESENTATION('',(#7820),#7824);
#7820 = LINE('',#7821,#7822);
#7821 = CARTESIAN_POINT('',(0.4833984375,0.));
#7822 = VECTOR('',#7823,1.);
#7823 = DIRECTION('',(0.,-1.));
#7824 = ( GEOMETRIC_REPRESENTATION_CONTEXT(2) 
PARAMETRIC_REPRESENTATION_CONTEXT() REPRESENTATION_CONTEXT('2D SPACE',''
  ) );
#7825 = PCURVE('',#7574,#7826);
#7826 = DEFINITIONAL_REPRESENTATION('',(#7827),#7831);
#7827 = LINE('',#7828,#7829);
#7828 = CARTESIAN_POINT('',(0.,0.));
#7829 = VECTOR('',#7830,1.);
#7830 = DIRECTION('',(0.,-1.));
#7831 = ( GEOMETRIC_REPRESENTATION_CONTEXT(2) 
PARAMETRIC_REPRESENTATION_CONTEXT() REPRESENTATION_CONTEXT('2D SPACE',''
  ) );
#7832 = ORIENTED_EDGE('',*,*,#7833,.F.);
#7833 = EDGE_CURVE('',#7787,#7811,#7834,.T.);
#7834 = SURFACE_CURVE('',#7835,(#7839,#7846),.PCURVE_S1.);
#7835 = LINE('',#7836,#7837);
#7836 = CARTESIAN_POINT('',(-9.4775390625,-51.53442382812,10.));
#7837 = VECTOR('',#7838,1.);
#7838 = DIRECTION('',(0.,1.,0.));
#7839 = PCURVE('',#7546,#7840);
#7840 = DEFINITIONAL_REPRESENTATION('',(#7841),#7845);
#7841 = LINE('',#7842,#7843);
#7842 = CARTESIAN_POINT('',(0.,0.));
#7843 = VECTOR('',#7844,1.);
#7844 = DIRECTION('',(1.,0.));
#7845 = ( GEOMETRIC_REPRESENTATION_CONTEXT(2) 
PARAMETRIC_REPRESENTATION_CONTEXT() REPRESENTATION_CONTEXT('2D SPACE',''
  ) );
#7846 = PCURVE('',#7847,#7852);
#7847 = PLANE('',#7848);
#7848 = AXIS2_PLACEMENT_3D('',#7849,#7850,#7851);
#7849 = CARTESIAN_POINT('',(-2.491023551014E-09,-2.403565298545E-15,10.)
  );
#7850 = DIRECTION('',(0.,0.,1.));
#7851 = DIRECTION('',(1.,0.,0.));
#7852 = DEFINITIONAL_REPRESENTATION('',(#7853),#7857);
#7853 = LINE('',#7854,#7855);
#7854 = CARTESIAN_POINT('',(-9.477539060009,-51.53442382812));
#7855 = VECTOR('',#7856,1.);
#7856 = DIRECTION('',(0.,1.));
#7857 = ( GEOMETRIC_REPRESENTATION_CONTEXT(2) 
PARAMETRIC_REPRESENTATION_CONTEXT() REPRESENTATION_CONTEXT('2D SPACE',''
  ) );
#7858 = ADVANCED_FACE('',(#7859),#7574,.T.);
#7859 = FACE_BOUND('',#7860,.T.);
#7860 = EDGE_LOOP('',(#7861,#7862,#7863,#7886));
#7861 = ORIENTED_EDGE('',*,*,#7810,.T.);
#7862 = ORIENTED_EDGE('',*,*,#7558,.T.);
#7863 = ORIENTED_EDGE('',*,*,#7864,.F.);
#7864 = EDGE_CURVE('',#7865,#7559,#7867,.T.);
#7865 = VERTEX_POINT('',#7866);
#7866 = CARTESIAN_POINT('',(-11.630859375,-51.54907226562,10.));
#7867 = SURFACE_CURVE('',#7868,(#7872,#7879),.PCURVE_S1.);
#7868 = LINE('',#7869,#7870);
#7869 = CARTESIAN_POINT('',(-11.630859375,-51.54907226562,10.));
#7870 = VECTOR('',#7871,1.);
#7871 = DIRECTION('',(-0.,-0.,-1.));
#7872 = PCURVE('',#7574,#7873);
#7873 = DEFINITIONAL_REPRESENTATION('',(#7874),#7878);
#7874 = LINE('',#7875,#7876);
#7875 = CARTESIAN_POINT('',(1.,0.));
#7876 = VECTOR('',#7877,1.);
#7877 = DIRECTION('',(0.,-1.));
#7878 = ( GEOMETRIC_REPRESENTATION_CONTEXT(2) 
PARAMETRIC_REPRESENTATION_CONTEXT() REPRESENTATION_CONTEXT('2D SPACE',''
  ) );
#7879 = PCURVE('',#7616,#7880);
#7880 = DEFINITIONAL_REPRESENTATION('',(#7881),#7885);
#7881 = LINE('',#7882,#7883);
#7882 = CARTESIAN_POINT('',(5.996394230769,0.));
#7883 = VECTOR('',#7884,1.);
#7884 = DIRECTION('',(0.,-1.));
#7885 = ( GEOMETRIC_REPRESENTATION_CONTEXT(2) 
PARAMETRIC_REPRESENTATION_CONTEXT() REPRESENTATION_CONTEXT('2D SPACE',''
  ) );
#7886 = ORIENTED_EDGE('',*,*,#7887,.F.);
#7887 = EDGE_CURVE('',#7811,#7865,#7888,.T.);
#7888 = SURFACE_CURVE('',#7889,(#7893,#7900),.PCURVE_S1.);
#7889 = B_SPLINE_CURVE_WITH_KNOTS('',2,(#7890,#7891,#7892),
  .UNSPECIFIED.,.F.,.F.,(3,3),(0.,1.),.PIECEWISE_BEZIER_KNOTS.);
#7890 = CARTESIAN_POINT('',(-9.4775390625,-51.05102539062,10.));
#7891 = CARTESIAN_POINT('',(-10.1953125,-51.34399414062,10.));
#7892 = CARTESIAN_POINT('',(-11.630859375,-51.54907226562,10.));
#7893 = PCURVE('',#7574,#7894);
#7894 = DEFINITIONAL_REPRESENTATION('',(#7895),#7899);
#7895 = LINE('',#7896,#7897);
#7896 = CARTESIAN_POINT('',(0.,0.));
#7897 = VECTOR('',#7898,1.);
#7898 = DIRECTION('',(1.,0.));
#7899 = ( GEOMETRIC_REPRESENTATION_CONTEXT(2) 
PARAMETRIC_REPRESENTATION_CONTEXT() REPRESENTATION_CONTEXT('2D SPACE',''
  ) );
#7900 = PCURVE('',#7847,#7901);
#7901 = DEFINITIONAL_REPRESENTATION('',(#7902),#7906);
#7902 = B_SPLINE_CURVE_WITH_KNOTS('',2,(#7903,#7904,#7905),
  .UNSPECIFIED.,.F.,.F.,(3,3),(0.,1.),.PIECEWISE_BEZIER_KNOTS.);
#7903 = CARTESIAN_POINT('',(-9.477539060009,-51.05102539062));
#7904 = CARTESIAN_POINT('',(-10.1953124975,-51.34399414062));
#7905 = CARTESIAN_POINT('',(-11.6308593725,-51.54907226562));
#7906 = ( GEOMETRIC_REPRESENTATION_CONTEXT(2) 
PARAMETRIC_REPRESENTATION_CONTEXT() REPRESENTATION_CONTEXT('2D SPACE',''
  ) );
#7907 = ADVANCED_FACE('',(#7908),#7616,.F.);
#7908 = FACE_BOUND('',#7909,.F.);
#7909 = EDGE_LOOP('',(#7910,#7933,#7934,#7935));
#7910 = ORIENTED_EDGE('',*,*,#7911,.T.);
#7911 = EDGE_CURVE('',#7912,#7589,#7914,.T.);
#7912 = VERTEX_POINT('',#7913);
#7913 = CARTESIAN_POINT('',(-9.68994140625,-52.85278320312,10.));
#7914 = SURFACE_CURVE('',#7915,(#7919,#7926),.PCURVE_S1.);
#7915 = LINE('',#7916,#7917);
#7916 = CARTESIAN_POINT('',(-9.68994140625,-52.85278320312,10.));
#7917 = VECTOR('',#7918,1.);
#7918 = DIRECTION('',(-0.,-0.,-1.));
#7919 = PCURVE('',#7616,#7920);
#7920 = DEFINITIONAL_REPRESENTATION('',(#7921),#7925);
#7921 = LINE('',#7922,#7923);
#7922 = CARTESIAN_POINT('',(0.,0.));
#7923 = VECTOR('',#7924,1.);
#7924 = DIRECTION('',(0.,-1.));
#7925 = ( GEOMETRIC_REPRESENTATION_CONTEXT(2) 
PARAMETRIC_REPRESENTATION_CONTEXT() REPRESENTATION_CONTEXT('2D SPACE',''
  ) );
#7926 = PCURVE('',#7650,#7927);
#7927 = DEFINITIONAL_REPRESENTATION('',(#7928),#7932);
#7928 = LINE('',#7929,#7930);
#7929 = CARTESIAN_POINT('',(0.,0.));
#7930 = VECTOR('',#7931,1.);
#7931 = DIRECTION('',(0.,-1.));
#7932 = ( GEOMETRIC_REPRESENTATION_CONTEXT(2) 
PARAMETRIC_REPRESENTATION_CONTEXT() REPRESENTATION_CONTEXT('2D SPACE',''
  ) );
#7933 = ORIENTED_EDGE('',*,*,#7588,.T.);
#7934 = ORIENTED_EDGE('',*,*,#7864,.F.);
#7935 = ORIENTED_EDGE('',*,*,#7936,.F.);
#7936 = EDGE_CURVE('',#7912,#7865,#7937,.T.);
#7937 = SURFACE_CURVE('',#7938,(#7948,#7955),.PCURVE_S1.);
#7938 = B_SPLINE_CURVE_WITH_KNOTS('',2,(#7939,#7940,#7941,#7942,#7943,
    #7944,#7945,#7946,#7947),.UNSPECIFIED.,.F.,.F.,(3,1,1,1,1,1,1,3),(0.
    ,1.,2.,3.009615384615,4.019230769231,4.67828525641,5.33733974359,
    5.996394230769),.UNSPECIFIED.);
#7939 = CARTESIAN_POINT('',(-9.68994140625,-52.85278320312,10.));
#7940 = CARTESIAN_POINT('',(-9.96826171875,-53.43139648437,10.));
#7941 = CARTESIAN_POINT('',(-11.15478515625,-54.09790039062,10.));
#7942 = CARTESIAN_POINT('',(-12.685546875,-54.09790039062,10.));
#7943 = CARTESIAN_POINT('',(-13.48388671875,-53.39477539062,10.));
#7944 = CARTESIAN_POINT('',(-13.48388671875,-52.52319335937,10.));
#7945 = CARTESIAN_POINT('',(-13.11767578125,-51.95922851562,10.));
#7946 = CARTESIAN_POINT('',(-12.44384765625,-51.66625976562,10.));
#7947 = CARTESIAN_POINT('',(-11.630859375,-51.54907226562,10.));
#7948 = PCURVE('',#7616,#7949);
#7949 = DEFINITIONAL_REPRESENTATION('',(#7950),#7954);
#7950 = LINE('',#7951,#7952);
#7951 = CARTESIAN_POINT('',(0.,0.));
#7952 = VECTOR('',#7953,1.);
#7953 = DIRECTION('',(1.,0.));
#7954 = ( GEOMETRIC_REPRESENTATION_CONTEXT(2) 
PARAMETRIC_REPRESENTATION_CONTEXT() REPRESENTATION_CONTEXT('2D SPACE',''
  ) );
#7955 = PCURVE('',#7847,#7956);
#7956 = DEFINITIONAL_REPRESENTATION('',(#7957),#7967);
#7957 = B_SPLINE_CURVE_WITH_KNOTS('',2,(#7958,#7959,#7960,#7961,#7962,
    #7963,#7964,#7965,#7966),.UNSPECIFIED.,.F.,.F.,(3,1,1,1,1,1,1,3),(0.
    ,1.,2.,3.009615384615,4.019230769231,4.67828525641,5.33733974359,
    5.996394230769),.UNSPECIFIED.);
#7958 = CARTESIAN_POINT('',(-9.689941403759,-52.85278320312));
#7959 = CARTESIAN_POINT('',(-9.968261716259,-53.43139648437));
#7960 = CARTESIAN_POINT('',(-11.15478515375,-54.09790039062));
#7961 = CARTESIAN_POINT('',(-12.6855468725,-54.09790039062));
#7962 = CARTESIAN_POINT('',(-13.48388671625,-53.39477539062));
#7963 = CARTESIAN_POINT('',(-13.48388671625,-52.52319335937));
#7964 = CARTESIAN_POINT('',(-13.11767577875,-51.95922851562));
#7965 = CARTESIAN_POINT('',(-12.44384765375,-51.66625976562));
#7966 = CARTESIAN_POINT('',(-11.6308593725,-51.54907226562));
#7967 = ( GEOMETRIC_REPRESENTATION_CONTEXT(2) 
PARAMETRIC_REPRESENTATION_CONTEXT() REPRESENTATION_CONTEXT('2D SPACE',''
  ) );
#7968 = ADVANCED_FACE('',(#7969),#7650,.T.);
#7969 = FACE_BOUND('',#7970,.T.);
#7970 = EDGE_LOOP('',(#7971,#7972,#7973,#7974));
#7971 = ORIENTED_EDGE('',*,*,#7911,.T.);
#7972 = ORIENTED_EDGE('',*,*,#7636,.T.);
#7973 = ORIENTED_EDGE('',*,*,#7786,.F.);
#7974 = ORIENTED_EDGE('',*,*,#7975,.F.);
#7975 = EDGE_CURVE('',#7912,#7787,#7976,.T.);
#7976 = SURFACE_CURVE('',#7977,(#7981,#7988),.PCURVE_S1.);
#7977 = B_SPLINE_CURVE_WITH_KNOTS('',2,(#7978,#7979,#7980),
  .UNSPECIFIED.,.F.,.F.,(3,3),(0.,1.),.PIECEWISE_BEZIER_KNOTS.);
#7978 = CARTESIAN_POINT('',(-9.68994140625,-52.85278320312,10.));
#7979 = CARTESIAN_POINT('',(-9.4775390625,-52.40600585937,10.));
#7980 = CARTESIAN_POINT('',(-9.4775390625,-51.53442382812,10.));
#7981 = PCURVE('',#7650,#7982);
#7982 = DEFINITIONAL_REPRESENTATION('',(#7983),#7987);
#7983 = LINE('',#7984,#7985);
#7984 = CARTESIAN_POINT('',(0.,0.));
#7985 = VECTOR('',#7986,1.);
#7986 = DIRECTION('',(1.,0.));
#7987 = ( GEOMETRIC_REPRESENTATION_CONTEXT(2) 
PARAMETRIC_REPRESENTATION_CONTEXT() REPRESENTATION_CONTEXT('2D SPACE',''
  ) );
#7988 = PCURVE('',#7847,#7989);
#7989 = DEFINITIONAL_REPRESENTATION('',(#7990),#7994);
#7990 = B_SPLINE_CURVE_WITH_KNOTS('',2,(#7991,#7992,#7993),
  .UNSPECIFIED.,.F.,.F.,(3,3),(0.,1.),.PIECEWISE_BEZIER_KNOTS.);
#7991 = CARTESIAN_POINT('',(-9.689941403759,-52.85278320312));
#7992 = CARTESIAN_POINT('',(-9.477539060009,-52.40600585937));
#7993 = CARTESIAN_POINT('',(-9.477539060009,-51.53442382812));
#7994 = ( GEOMETRIC_REPRESENTATION_CONTEXT(2) 
PARAMETRIC_REPRESENTATION_CONTEXT() REPRESENTATION_CONTEXT('2D SPACE',''
  ) );
#7995 = ADVANCED_FACE('',(#7996),#7705,.F.);
#7996 = FACE_BOUND('',#7997,.F.);
#7997 = EDGE_LOOP('',(#7998,#8021,#8022,#8023));
#7998 = ORIENTED_EDGE('',*,*,#7999,.T.);
#7999 = EDGE_CURVE('',#8000,#7676,#8002,.T.);
#8000 = VERTEX_POINT('',#8001);
#8001 = CARTESIAN_POINT('',(8.7890625E-02,-51.10961914062,10.));
#8002 = SEAM_CURVE('',#8003,(#8007,#8014),.PCURVE_S1.);
#8003 = LINE('',#8004,#8005);
#8004 = CARTESIAN_POINT('',(8.7890625E-02,-51.10961914062,10.));
#8005 = VECTOR('',#8006,1.);
#8006 = DIRECTION('',(-0.,-0.,-1.));
#8007 = PCURVE('',#7705,#8008);
#8008 = DEFINITIONAL_REPRESENTATION('',(#8009),#8013);
#8009 = LINE('',#8010,#8011);
#8010 = CARTESIAN_POINT('',(0.,0.));
#8011 = VECTOR('',#8012,1.);
#8012 = DIRECTION('',(0.,-1.));
#8013 = ( GEOMETRIC_REPRESENTATION_CONTEXT(2) 
PARAMETRIC_REPRESENTATION_CONTEXT() REPRESENTATION_CONTEXT('2D SPACE',''
  ) );
#8014 = PCURVE('',#7705,#8015);
#8015 = DEFINITIONAL_REPRESENTATION('',(#8016),#8020);
#8016 = LINE('',#8017,#8018);
#8017 = CARTESIAN_POINT('',(8.215652173913,0.));
#8018 = VECTOR('',#8019,1.);
#8019 = DIRECTION('',(0.,-1.));
#8020 = ( GEOMETRIC_REPRESENTATION_CONTEXT(2) 
PARAMETRIC_REPRESENTATION_CONTEXT() REPRESENTATION_CONTEXT('2D SPACE',''
  ) );
#8021 = ORIENTED_EDGE('',*,*,#7675,.T.);
#8022 = ORIENTED_EDGE('',*,*,#7999,.F.);
#8023 = ORIENTED_EDGE('',*,*,#8024,.F.);
#8024 = EDGE_CURVE('',#8000,#8000,#8025,.T.);
#8025 = SURFACE_CURVE('',#8026,(#8037,#8044),.PCURVE_S1.);
#8026 = B_SPLINE_CURVE_WITH_KNOTS('',2,(#8027,#8028,#8029,#8030,#8031,
    #8032,#8033,#8034,#8035,#8036),.UNSPECIFIED.,.T.,.F.,(3,1,1,1,1,1,1,
    1,3),(0.,1.,2.,3.008695652174,4.017391304348,5.075776397516,
    6.134161490683,7.174906832298,8.215652173913),.UNSPECIFIED.);
#8027 = CARTESIAN_POINT('',(8.7890625E-02,-51.10961914062,10.));
#8028 = CARTESIAN_POINT('',(8.7890625E-02,-49.60815429687,10.));
#8029 = CARTESIAN_POINT('',(1.38427734375,-48.03344726562,10.));
#8030 = CARTESIAN_POINT('',(3.076171875,-48.03344726562,10.));
#8031 = CARTESIAN_POINT('',(4.29931640625,-49.51293945312,10.));
#8032 = CARTESIAN_POINT('',(4.29931640625,-52.55981445312,10.));
#8033 = CARTESIAN_POINT('',(3.046875,-54.04663085937,10.));
#8034 = CARTESIAN_POINT('',(1.3037109375,-54.04663085937,10.));
#8035 = CARTESIAN_POINT('',(8.7890625E-02,-52.61108398437,10.));
#8036 = CARTESIAN_POINT('',(8.7890625E-02,-51.10961914062,10.));
#8037 = PCURVE('',#7705,#8038);
#8038 = DEFINITIONAL_REPRESENTATION('',(#8039),#8043);
#8039 = LINE('',#8040,#8041);
#8040 = CARTESIAN_POINT('',(0.,0.));
#8041 = VECTOR('',#8042,1.);
#8042 = DIRECTION('',(1.,0.));
#8043 = ( GEOMETRIC_REPRESENTATION_CONTEXT(2) 
PARAMETRIC_REPRESENTATION_CONTEXT() REPRESENTATION_CONTEXT('2D SPACE',''
  ) );
#8044 = PCURVE('',#8045,#8050);
#8045 = PLANE('',#8046);
#8046 = AXIS2_PLACEMENT_3D('',#8047,#8048,#8049);
#8047 = CARTESIAN_POINT('',(-2.491023551014E-09,-2.403565298545E-15,10.)
  );
#8048 = DIRECTION('',(0.,0.,1.));
#8049 = DIRECTION('',(1.,0.,0.));
#8050 = DEFINITIONAL_REPRESENTATION('',(#8051),#8062);
#8051 = B_SPLINE_CURVE_WITH_KNOTS('',2,(#8052,#8053,#8054,#8055,#8056,
    #8057,#8058,#8059,#8060,#8061),.UNSPECIFIED.,.T.,.F.,(3,1,1,1,1,1,1,
    1,3),(0.,1.,2.,3.008695652174,4.017391304348,5.075776397516,
    6.134161490683,7.174906832298,8.215652173913),.UNSPECIFIED.);
#8052 = CARTESIAN_POINT('',(8.789062749102E-02,-51.10961914062));
#8053 = CARTESIAN_POINT('',(8.789062749102E-02,-49.60815429687));
#8054 = CARTESIAN_POINT('',(1.384277346241,-48.03344726562));
#8055 = CARTESIAN_POINT('',(3.076171877491,-48.03344726562));
#8056 = CARTESIAN_POINT('',(4.299316408741,-49.51293945312));
#8057 = CARTESIAN_POINT('',(4.299316408741,-52.55981445312));
#8058 = CARTESIAN_POINT('',(3.046875002491,-54.04663085937));
#8059 = CARTESIAN_POINT('',(1.303710939991,-54.04663085937));
#8060 = CARTESIAN_POINT('',(8.789062749102E-02,-52.61108398437));
#8061 = CARTESIAN_POINT('',(8.789062749102E-02,-51.10961914062));
#8062 = ( GEOMETRIC_REPRESENTATION_CONTEXT(2) 
PARAMETRIC_REPRESENTATION_CONTEXT() REPRESENTATION_CONTEXT('2D SPACE',''
  ) );
#8063 = ADVANCED_FACE('',(#8064),#7847,.T.);
#8064 = FACE_BOUND('',#8065,.T.);
#8065 = EDGE_LOOP('',(#8066,#8067,#8068,#8069));
#8066 = ORIENTED_EDGE('',*,*,#7975,.T.);
#8067 = ORIENTED_EDGE('',*,*,#7833,.T.);
#8068 = ORIENTED_EDGE('',*,*,#7887,.T.);
#8069 = ORIENTED_EDGE('',*,*,#7936,.F.);
#8070 = ADVANCED_FACE('',(#8071),#8045,.T.);
#8071 = FACE_BOUND('',#8072,.T.);
#8072 = EDGE_LOOP('',(#8073));
#8073 = ORIENTED_EDGE('',*,*,#8024,.F.);
#8074 = ( GEOMETRIC_REPRESENTATION_CONTEXT(3) 
GLOBAL_UNCERTAINTY_ASSIGNED_CONTEXT((#8078)) 
GLOBAL_UNIT_ASSIGNED_CONTEXT((#8075,#8076,#8077)) REPRESENTATION_CONTEXT
('Context #1','3D Context with UNIT and UNCERTAINTY') );
#8075 = ( LENGTH_UNIT() NAMED_UNIT(*) SI_UNIT(.MILLI.,.METRE.) );
#8076 = ( NAMED_UNIT(*) PLANE_ANGLE_UNIT() SI_UNIT($,.RADIAN.) );
#8077 = ( NAMED_UNIT(*) SI_UNIT($,.STERADIAN.) SOLID_ANGLE_UNIT() );
#8078 = UNCERTAINTY_MEASURE_WITH_UNIT(LENGTH_MEASURE(2.E-06),#8075,
  'distance_accuracy_value','confusion accuracy');
#8079 = CONTEXT_DEPENDENT_SHAPE_REPRESENTATION(#8080,#8082);
#8080 = ( REPRESENTATION_RELATIONSHIP('','',#32,#10) 
REPRESENTATION_RELATIONSHIP_WITH_TRANSFORMATION(#8081) 
SHAPE_REPRESENTATION_RELATIONSHIP() );
#8081 = ITEM_DEFINED_TRANSFORMATION('','',#11,#15);
#8082 = PRODUCT_DEFINITION_SHAPE('Placement','Placement of an item',
  #8083);
#8083 = NEXT_ASSEMBLY_USAGE_OCCURRENCE('3','=>[0:1:1:2]','',#5,#27,$);
#8084 = PRODUCT_RELATED_PRODUCT_CATEGORY('part',$,(#29));
ENDSEC;
END-ISO-10303-21;
